2026-04-19 20:01:19,683 - ai_analytics.main - INFO - health_check:113 - Health check accessed
2026-04-24 19:30:48,382 - ai_analytics.main - INFO - health_check:93 - Health check accessed
2026-04-24 19:30:48,386 - ai_analytics.main - ERROR - general_exception_handler:332 - Unhandled exception: 1 validation error for HealthResponse
message
  Field required [type=missing, input_value={'status': 'healthy', 'se...siness Analyst Service'}, input_type=dict]
    For further information visit https://errors.pydantic.dev/2.13/v/missing
2026-04-24 19:30:50,604 - ai_analytics.main - INFO - root:74 - Root endpoint accessed
2026-04-24 19:31:19,815 - ai_analytics.main - INFO - health_check:93 - Health check accessed
2026-04-24 19:31:21,851 - ai_analytics.main - INFO - root:74 - Root endpoint accessed
2026-04-24 19:31:23,901 - ai_analytics.main - INFO - get_insights:117 - Fetching insights from MySQL insights table
2026-04-24 19:31:23,901 - ai_analytics.main - ERROR - get_insights:157 - Error fetching insights from database: name 'DataAgent' is not defined
Traceback (most recent call last):
  File "D:\AI_Business_Analyst_System\ai-python-service\main.py", line 129, in get_insights
    data_agent = DataAgent()
                 ^^^^^^^^^
NameError: name 'DataAgent' is not defined
2026-04-24 19:31:23,903 - ai_analytics.main - ERROR - general_exception_handler:333 - Unhandled exception: create
2026-04-24 19:32:23,880 - ai_analytics.main - INFO - health_check:95 - Health check accessed
2026-04-24 19:32:25,936 - ai_analytics.main - INFO - root:76 - Root endpoint accessed
2026-04-24 19:32:28,012 - ai_analytics.main - INFO - get_insights:119 - Fetching insights from MySQL insights table
2026-04-24 19:32:28,012 - agents.data_agent - INFO - execute_query:121 - Executing SQL query: 
            SELECT insight_type, message, value, category, created_at 
            FROM insights 
            ORDER BY created_at DESC 
            LIMIT 50
        
2026-04-24 19:32:28,012 - agents.data_agent - INFO - execute_query:122 - SQL Query: 
            SELECT insight_type, message, value, category, created_at 
            FROM insights 
            ORDER BY created_at DESC 
            LIMIT 50
        
2026-04-24 19:32:28,268 - mysql.connector - INFO - get_auth_plugin:149 - package: mysql.connector.plugins
2026-04-24 19:32:28,269 - mysql.connector - INFO - get_auth_plugin:150 - plugin_name: caching_sha2_password
2026-04-24 19:32:28,269 - mysql.connector - INFO - get_auth_plugin:154 - AUTHENTICATION_PLUGIN_CLASS: MySQLCachingSHA2PasswordAuthPlugin
2026-04-24 19:32:28,279 - agents.data_agent - ERROR - connect_to_mysql:29 - Error connecting to MySQL: 1045 (28000): Access denied for user 'root'@'localhost' (using password: NO)
2026-04-24 19:32:28,279 - ai_analytics.main - ERROR - get_insights:159 - Error fetching insights from database: Database connection failed: 1045 (28000): Access denied for user 'root'@'localhost' (using password: NO)
Traceback (most recent call last):
  File "D:\AI_Business_Analyst_System\ai-python-service\agents\data_agent.py", line 25, in connect_to_mysql
    connection = mysql.connector.connect(**self.db_config)
  File "C:\Users\MANSHI VATSA\AppData\Roaming\Python\Python314\site-packages\mysql\connector\pooling.py", line 323, in connect
    return MySQLConnection(*args, **kwargs)
  File "C:\Users\MANSHI VATSA\AppData\Roaming\Python\Python314\site-packages\mysql\connector\connection.py", line 185, in __init__
    self.connect(**kwargs)
    ~~~~~~~~~~~~^^^^^^^^^^
  File "C:\Users\MANSHI VATSA\AppData\Roaming\Python\Python314\site-packages\mysql\connector\abstracts.py", line 1604, in connect
    self._open_connection()
    ~~~~~~~~~~~~~~~~~~~~~^^
  File "C:\Users\MANSHI VATSA\AppData\Roaming\Python\Python314\site-packages\mysql\connector\connection.py", line 411, in _open_connection
    raise err
  File "C:\Users\MANSHI VATSA\AppData\Roaming\Python\Python314\site-packages\mysql\connector\connection.py", line 388, in _open_connection
    self._do_auth(
    ~~~~~~~~~~~~~^
        self._user,
        ^^^^^^^^^^^
    ...<4 lines>...
        self._conn_attrs,
        ^^^^^^^^^^^^^^^^^
    )
    ^
  File "C:\Users\MANSHI VATSA\AppData\Roaming\Python\Python314\site-packages\mysql\connector\connection.py", line 320, in _do_auth
    ok_pkt = self._authenticator.authenticate(
        sock=self._socket,
    ...<10 lines>...
        conn_attrs=conn_attrs,
    )
  File "C:\Users\MANSHI VATSA\AppData\Roaming\Python\Python314\site-packages\mysql\connector\authentication.py", line 381, in authenticate
    ok_pkt = self._handle_server_response(sock, pkt)
  File "C:\Users\MANSHI VATSA\AppData\Roaming\Python\Python314\site-packages\mysql\connector\authentication.py", line 287, in _handle_server_response
    raise get_exception(pkt)
mysql.connector.errors.ProgrammingError: 1045 (28000): Access denied for user 'root'@'localhost' (using password: NO)

During handling of the above exception, another exception occurred:

Traceback (most recent call last):
  File "D:\AI_Business_Analyst_System\ai-python-service\main.py", line 132, in get_insights
    insights_data = data_agent.execute_query(fetch_insights_query)
  File "D:\AI_Business_Analyst_System\ai-python-service\agents\data_agent.py", line 126, in execute_query
    connection = self.connect_to_mysql()
  File "D:\AI_Business_Analyst_System\ai-python-service\agents\data_agent.py", line 30, in connect_to_mysql
    raise Exception(f"Database connection failed: {e}")
Exception: Database connection failed: 1045 (28000): Access denied for user 'root'@'localhost' (using password: NO)
2026-04-24 19:32:28,340 - ai_analytics.main - ERROR - general_exception_handler:335 - Unhandled exception: 'dict' object is not callable
2026-04-24 19:32:30,395 - ai_analytics.main - INFO - get_dashboard_data:288 - Generating dashboard data
2026-04-24 19:32:30,395 - agents.data_agent - INFO - get_data:147 - Getting data for question: get all sales data
2026-04-24 19:32:30,395 - agents.data_agent - INFO - natural_language_to_sql:36 - Converting natural language to SQL: get all sales data
2026-04-24 19:32:30,395 - agents.data_agent - INFO - natural_language_to_sql:37 - Using steps: ['get sales data']
2026-04-24 19:32:30,395 - agents.data_agent - INFO - natural_language_to_sql:113 - Generated default SQL: SELECT * FROM sales ORDER BY sale_date DESC LIMIT 100
2026-04-24 19:32:30,396 - agents.data_agent - INFO - execute_query:121 - Executing SQL query: SELECT * FROM sales ORDER BY sale_date DESC LIMIT 100
2026-04-24 19:32:30,396 - agents.data_agent - INFO - execute_query:122 - SQL Query: SELECT * FROM sales ORDER BY sale_date DESC LIMIT 100
2026-04-24 19:32:30,545 - agents.data_agent - ERROR - connect_to_mysql:29 - Error connecting to MySQL: 1045 (28000): Access denied for user 'root'@'localhost' (using password: NO)
2026-04-24 19:32:30,545 - agents.data_agent - ERROR - get_data:160 - Error in get_data: Database connection failed: 1045 (28000): Access denied for user 'root'@'localhost' (using password: NO)
2026-04-24 19:32:30,548 - ai_analytics.main - WARNING - get_dashboard_data:296 - No data available for dashboard
2026-04-25 12:40:15,036 - ai_analytics.main - INFO - health_check:95 - Health check accessed
2026-04-25 12:40:22,982 - ai_analytics.main - INFO - health_check:95 - Health check accessed
2026-04-25 12:41:45,695 - ai_analytics.main - INFO - get_dashboard_data:288 - Generating dashboard data
2026-04-25 12:41:45,696 - agents.data_agent - INFO - get_data:153 - Getting data for question: get all sales data
2026-04-25 12:41:45,697 - agents.data_agent - INFO - natural_language_to_sql:37 - Converting natural language to SQL: get all sales data
2026-04-25 12:41:45,697 - agents.data_agent - INFO - natural_language_to_sql:38 - Using steps: ['get sales data']
2026-04-25 12:41:45,698 - agents.data_agent - INFO - natural_language_to_sql:114 - Generated default SQL: SELECT * FROM sales ORDER BY sale_date DESC LIMIT 100
2026-04-25 12:41:45,698 - agents.data_agent - INFO - execute_query:122 - Executing SQL query: SELECT * FROM sales ORDER BY sale_date DESC LIMIT 100
2026-04-25 12:41:45,698 - agents.data_agent - INFO - execute_query:123 - SQL Query: SELECT * FROM sales ORDER BY sale_date DESC LIMIT 100
2026-04-25 12:41:45,825 - agents.data_agent - ERROR - connect_to_mysql:29 - Error connecting to MySQL: 1045 (28000): Access denied for user 'root'@'localhost' (using password: NO)
2026-04-25 12:41:45,826 - agents.data_agent - WARNING - execute_query:129 - Database connection failed, using mock data
2026-04-25 12:41:45,826 - agents.data_agent - INFO - get_mock_data:173 - Using mock data
2026-04-25 12:41:45,827 - agents.data_agent - INFO - get_data:162 - Successfully retrieved 10 records
2026-04-25 12:41:45,827 - agents.analysis_agent - INFO - aggregate_dashboard_data:240 - Aggregating dashboard data using pandas
2026-04-25 12:41:45,887 - agents.analysis_agent - INFO - aggregate_dashboard_data:266 - Generated dashboard data: 1 months, 4 regions, 3 products
2026-04-25 12:41:45,888 - ai_analytics.main - INFO - get_dashboard_data:310 - Dashboard data generated: 0 months, 0 regions, 0 products
2026-04-25 12:41:50,614 - ai_analytics.main - INFO - get_insights:119 - Fetching insights from MySQL insights table
2026-04-25 12:41:50,615 - agents.data_agent - INFO - execute_query:122 - Executing SQL query: 
            SELECT insight_type, message, value, category, created_at 
            FROM insights 
            ORDER BY created_at DESC 
            LIMIT 50
        
2026-04-25 12:41:50,615 - agents.data_agent - INFO - execute_query:123 - SQL Query: 
            SELECT insight_type, message, value, category, created_at 
            FROM insights 
            ORDER BY created_at DESC 
            LIMIT 50
        
2026-04-25 12:41:50,622 - agents.data_agent - ERROR - connect_to_mysql:29 - Error connecting to MySQL: 1045 (28000): Access denied for user 'root'@'localhost' (using password: NO)
2026-04-25 12:41:50,623 - agents.data_agent - WARNING - execute_query:129 - Database connection failed, using mock data
2026-04-25 12:41:50,624 - agents.data_agent - INFO - get_mock_data:173 - Using mock data
2026-04-25 12:41:50,624 - ai_analytics.main - INFO - get_insights:152 - Retrieved 10 insights from database
2026-04-25 12:41:55,742 - ai_analytics.main - INFO - get_dashboard_data:288 - Generating dashboard data
2026-04-25 12:41:55,742 - agents.data_agent - INFO - get_data:153 - Getting data for question: get all sales data
2026-04-25 12:41:55,742 - agents.data_agent - INFO - natural_language_to_sql:37 - Converting natural language to SQL: get all sales data
2026-04-25 12:41:55,744 - agents.data_agent - INFO - natural_language_to_sql:38 - Using steps: ['get sales data']
2026-04-25 12:41:55,744 - agents.data_agent - INFO - natural_language_to_sql:114 - Generated default SQL: SELECT * FROM sales ORDER BY sale_date DESC LIMIT 100
2026-04-25 12:41:55,745 - agents.data_agent - INFO - execute_query:122 - Executing SQL query: SELECT * FROM sales ORDER BY sale_date DESC LIMIT 100
2026-04-25 12:41:55,745 - agents.data_agent - INFO - execute_query:123 - SQL Query: SELECT * FROM sales ORDER BY sale_date DESC LIMIT 100
2026-04-25 12:41:55,750 - agents.data_agent - ERROR - connect_to_mysql:29 - Error connecting to MySQL: 1045 (28000): Access denied for user 'root'@'localhost' (using password: NO)
2026-04-25 12:41:55,752 - agents.data_agent - WARNING - execute_query:129 - Database connection failed, using mock data
2026-04-25 12:41:55,753 - agents.data_agent - INFO - get_mock_data:173 - Using mock data
2026-04-25 12:41:55,753 - agents.data_agent - INFO - get_data:162 - Successfully retrieved 10 records
2026-04-25 12:41:55,754 - agents.analysis_agent - INFO - aggregate_dashboard_data:240 - Aggregating dashboard data using pandas
2026-04-25 12:41:55,763 - agents.analysis_agent - INFO - aggregate_dashboard_data:266 - Generated dashboard data: 1 months, 4 regions, 3 products
2026-04-25 12:41:55,764 - ai_analytics.main - INFO - get_dashboard_data:310 - Dashboard data generated: 0 months, 0 regions, 0 products
2026-04-25 12:47:02,036 - ai_analytics.main - INFO - health_check:95 - Health check accessed
2026-04-25 12:47:04,097 - ai_analytics.main - INFO - get_dashboard_data:288 - Generating dashboard data
2026-04-25 12:47:04,098 - agents.data_agent - INFO - get_data:153 - Getting data for question: get all sales data
2026-04-25 12:47:04,098 - agents.data_agent - INFO - natural_language_to_sql:37 - Converting natural language to SQL: get all sales data
2026-04-25 12:47:04,099 - agents.data_agent - INFO - natural_language_to_sql:38 - Using steps: ['get sales data']
2026-04-25 12:47:04,099 - agents.data_agent - INFO - natural_language_to_sql:114 - Generated default SQL: SELECT * FROM sales ORDER BY sale_date DESC LIMIT 100
2026-04-25 12:47:04,099 - agents.data_agent - INFO - execute_query:122 - Executing SQL query: SELECT * FROM sales ORDER BY sale_date DESC LIMIT 100
2026-04-25 12:47:04,100 - agents.data_agent - INFO - execute_query:123 - SQL Query: SELECT * FROM sales ORDER BY sale_date DESC LIMIT 100
2026-04-25 12:47:04,107 - agents.data_agent - ERROR - connect_to_mysql:29 - Error connecting to MySQL: 1045 (28000): Access denied for user 'root'@'localhost' (using password: NO)
2026-04-25 12:47:04,108 - agents.data_agent - WARNING - execute_query:129 - Database connection failed, using mock data
2026-04-25 12:47:04,110 - agents.data_agent - INFO - get_mock_data:173 - Using mock data
2026-04-25 12:47:04,110 - agents.data_agent - INFO - get_data:162 - Successfully retrieved 10 records
2026-04-25 12:47:04,110 - agents.analysis_agent - INFO - aggregate_dashboard_data:240 - Aggregating dashboard data using pandas
2026-04-25 12:47:04,118 - agents.analysis_agent - INFO - aggregate_dashboard_data:266 - Generated dashboard data: 1 months, 4 regions, 3 products
2026-04-25 12:47:04,118 - ai_analytics.main - INFO - get_dashboard_data:310 - Dashboard data generated: 0 months, 0 regions, 0 products
2026-04-25 12:50:55,247 - ai_analytics.main - INFO - get_dashboard_data:288 - Generating dashboard data
2026-04-25 12:50:55,249 - agents.data_agent - INFO - get_data:153 - Getting data for question: get all sales data
2026-04-25 12:50:55,249 - agents.data_agent - INFO - natural_language_to_sql:37 - Converting natural language to SQL: get all sales data
2026-04-25 12:50:55,251 - agents.data_agent - INFO - natural_language_to_sql:38 - Using steps: ['get sales data']
2026-04-25 12:50:55,251 - agents.data_agent - INFO - natural_language_to_sql:114 - Generated default SQL: SELECT * FROM sales ORDER BY sale_date DESC LIMIT 100
2026-04-25 12:50:55,251 - agents.data_agent - INFO - execute_query:122 - Executing SQL query: SELECT * FROM sales ORDER BY sale_date DESC LIMIT 100
2026-04-25 12:50:55,252 - agents.data_agent - INFO - execute_query:123 - SQL Query: SELECT * FROM sales ORDER BY sale_date DESC LIMIT 100
2026-04-25 12:50:55,340 - agents.data_agent - ERROR - connect_to_mysql:29 - Error connecting to MySQL: 1045 (28000): Access denied for user 'root'@'localhost' (using password: NO)
2026-04-25 12:50:55,341 - agents.data_agent - WARNING - execute_query:129 - Database connection failed, using mock data
2026-04-25 12:50:55,342 - agents.data_agent - INFO - get_mock_data:173 - Using mock data
2026-04-25 12:50:55,342 - agents.data_agent - INFO - get_data:162 - Successfully retrieved 10 records
2026-04-25 12:50:55,342 - agents.analysis_agent - INFO - aggregate_dashboard_data:240 - Aggregating dashboard data using pandas
2026-04-25 12:50:55,401 - agents.analysis_agent - INFO - aggregate_dashboard_data:262 - Generated dashboard data: 1 months, 4 regions, 3 products
2026-04-25 12:50:55,402 - ai_analytics.main - INFO - get_dashboard_data:310 - Dashboard data generated: 0 months, 0 regions, 0 products
2026-04-25 12:51:08,563 - ai_analytics.main - INFO - get_insights:119 - Fetching insights from MySQL insights table
2026-04-25 12:51:08,565 - agents.data_agent - INFO - execute_query:122 - Executing SQL query: 
            SELECT insight_type, message, value, category, created_at 
            FROM insights 
            ORDER BY created_at DESC 
            LIMIT 50
        
2026-04-25 12:51:08,565 - agents.data_agent - INFO - execute_query:123 - SQL Query: 
            SELECT insight_type, message, value, category, created_at 
            FROM insights 
            ORDER BY created_at DESC 
            LIMIT 50
        
2026-04-25 12:51:08,574 - agents.data_agent - ERROR - connect_to_mysql:29 - Error connecting to MySQL: 1045 (28000): Access denied for user 'root'@'localhost' (using password: NO)
2026-04-25 12:51:08,576 - agents.data_agent - WARNING - execute_query:129 - Database connection failed, using mock data
2026-04-25 12:51:08,576 - agents.data_agent - INFO - get_mock_data:173 - Using mock data
2026-04-25 12:51:08,578 - ai_analytics.main - INFO - get_insights:152 - Retrieved 10 insights from database
2026-04-25 13:00:40,748 - ai_analytics.main - INFO - root:76 - Root endpoint accessed
2026-04-25 13:00:42,794 - ai_analytics.main - INFO - health_check:95 - Health check accessed
2026-04-25 13:00:46,894 - ai_analytics.main - INFO - get_insights:119 - Fetching insights from MySQL insights table
2026-04-25 13:00:46,895 - agents.data_agent - INFO - execute_query:122 - Executing SQL query: 
            SELECT insight_type, message, value, category, created_at 
            FROM insights 
            ORDER BY created_at DESC 
            LIMIT 50
        
2026-04-25 13:00:46,895 - agents.data_agent - INFO - execute_query:123 - SQL Query: 
            SELECT insight_type, message, value, category, created_at 
            FROM insights 
            ORDER BY created_at DESC 
            LIMIT 50
        
2026-04-25 13:00:46,961 - agents.data_agent - ERROR - connect_to_mysql:29 - Error connecting to MySQL: 1045 (28000): Access denied for user 'root'@'localhost' (using password: NO)
2026-04-25 13:00:46,962 - agents.data_agent - WARNING - execute_query:129 - Database connection failed, using mock data
2026-04-25 13:00:46,962 - agents.data_agent - INFO - get_mock_data:173 - Using mock data
2026-04-25 13:00:46,963 - ai_analytics.main - INFO - get_insights:152 - Retrieved 10 insights from database
2026-04-25 13:00:49,010 - ai_analytics.main - INFO - get_dashboard_data:288 - Generating dashboard data
2026-04-25 13:00:49,010 - agents.data_agent - INFO - get_data:153 - Getting data for question: get all sales data
2026-04-25 13:00:49,010 - agents.data_agent - INFO - natural_language_to_sql:37 - Converting natural language to SQL: get all sales data
2026-04-25 13:00:49,011 - agents.data_agent - INFO - natural_language_to_sql:38 - Using steps: ['get sales data']
2026-04-25 13:00:49,011 - agents.data_agent - INFO - natural_language_to_sql:114 - Generated default SQL: SELECT * FROM sales ORDER BY sale_date DESC LIMIT 100
2026-04-25 13:00:49,012 - agents.data_agent - INFO - execute_query:122 - Executing SQL query: SELECT * FROM sales ORDER BY sale_date DESC LIMIT 100
2026-04-25 13:00:49,012 - agents.data_agent - INFO - execute_query:123 - SQL Query: SELECT * FROM sales ORDER BY sale_date DESC LIMIT 100
2026-04-25 13:00:49,017 - agents.data_agent - ERROR - connect_to_mysql:29 - Error connecting to MySQL: 1045 (28000): Access denied for user 'root'@'localhost' (using password: NO)
2026-04-25 13:00:49,018 - agents.data_agent - WARNING - execute_query:129 - Database connection failed, using mock data
2026-04-25 13:00:49,019 - agents.data_agent - INFO - get_mock_data:173 - Using mock data
2026-04-25 13:00:49,019 - agents.data_agent - INFO - get_data:162 - Successfully retrieved 10 records
2026-04-25 13:00:49,020 - agents.analysis_agent - INFO - aggregate_dashboard_data:240 - Aggregating dashboard data using pandas
2026-04-25 13:00:49,045 - agents.analysis_agent - INFO - aggregate_dashboard_data:262 - Generated dashboard data: 1 months, 4 regions, 3 products
2026-04-25 13:00:49,047 - ai_analytics.main - INFO - get_dashboard_data:310 - Dashboard data generated: 0 months, 0 regions, 0 products
2026-04-25 13:01:24,838 - ai_analytics.main - INFO - get_alerts:339 - Fetching alerts from system
2026-04-25 13:01:24,839 - ai_analytics.main - INFO - get_alerts:370 - Retrieved 4 alerts
2026-04-25 13:01:49,163 - ai_analytics.main - INFO - query_ai:232 - Processing query through multi-agent pipeline: Why did sales drop?
2026-04-25 13:01:49,164 - services.agent_pipeline - INFO - process_query:37 - Starting pipeline processing for question: Why did sales drop?
2026-04-25 13:01:49,164 - services.agent_pipeline - INFO - process_query:48 - === STEP 1: PLANNER AGENT ===
2026-04-25 13:01:49,165 - agents.planner_agent - INFO - plan_query:26 - Planning query: Why did sales drop?
2026-04-25 13:01:49,165 - agents.planner_agent - INFO - plan_query:37 - Detected drop analysis question: Why did sales drop?
2026-04-25 13:01:49,165 - agents.planner_agent - INFO - plan_query:64 - Generated steps: ['get sales data', 'compare time periods', 'find drop percentage']
2026-04-25 13:01:49,165 - services.agent_pipeline - INFO - process_query:53 - Planner generated steps: ['get sales data', 'compare time periods', 'find drop percentage']
2026-04-25 13:01:49,167 - services.agent_pipeline - INFO - process_query:57 - === STEP 2: DATA AGENT ===
2026-04-25 13:01:49,167 - agents.data_agent - INFO - get_data:153 - Getting data for question: Why did sales drop?
2026-04-25 13:01:49,167 - agents.data_agent - INFO - natural_language_to_sql:37 - Converting natural language to SQL: Why did sales drop?
2026-04-25 13:01:49,168 - agents.data_agent - INFO - natural_language_to_sql:38 - Using steps: ['get sales data', 'compare time periods', 'find drop percentage']
2026-04-25 13:01:49,168 - agents.data_agent - INFO - natural_language_to_sql:97 - Generated drop analysis SQL: 
            SELECT 
                DATE_FORMAT(sale_date, '%Y-%m') as month,
                SUM(revenue) as monthly_revenue
            FROM sales 
            WHERE sale_date >= DATE_SUB(CURRENT_DATE, INTERVAL 6 MONTH)
            GROUP BY DATE_FORMAT(sale_date, '%Y-%m')
            ORDER BY month DESC
            
2026-04-25 13:01:49,168 - agents.data_agent - INFO - execute_query:122 - Executing SQL query: 
            SELECT 
                DATE_FORMAT(sale_date, '%Y-%m') as month,
                SUM(revenue) as monthly_revenue
            FROM sales 
            WHERE sale_date >= DATE_SUB(CURRENT_DATE, INTERVAL 6 MONTH)
            GROUP BY DATE_FORMAT(sale_date, '%Y-%m')
            ORDER BY month DESC
            
2026-04-25 13:01:49,169 - agents.data_agent - INFO - execute_query:123 - SQL Query: 
            SELECT 
                DATE_FORMAT(sale_date, '%Y-%m') as month,
                SUM(revenue) as monthly_revenue
            FROM sales 
            WHERE sale_date >= DATE_SUB(CURRENT_DATE, INTERVAL 6 MONTH)
            GROUP BY DATE_FORMAT(sale_date, '%Y-%m')
            ORDER BY month DESC
            
2026-04-25 13:01:49,184 - agents.data_agent - ERROR - connect_to_mysql:29 - Error connecting to MySQL: 1045 (28000): Access denied for user 'root'@'localhost' (using password: NO)
2026-04-25 13:01:49,184 - agents.data_agent - WARNING - execute_query:129 - Database connection failed, using mock data
2026-04-25 13:01:49,186 - agents.data_agent - INFO - get_mock_data:173 - Using mock data
2026-04-25 13:01:49,186 - agents.data_agent - INFO - get_data:162 - Successfully retrieved 10 records
2026-04-25 13:01:49,186 - services.agent_pipeline - INFO - process_query:61 - Data Agent retrieved 10 records
2026-04-25 13:01:49,187 - services.agent_pipeline - INFO - process_query:72 - === STEP 3: ANALYSIS AGENT ===
2026-04-25 13:01:49,187 - agents.analysis_agent - INFO - analyze_data:24 - Analyzing data for question: Why did sales drop?
2026-04-25 13:01:49,187 - agents.analysis_agent - INFO - analyze_data:25 - Using steps: ['get sales data', 'compare time periods', 'find drop percentage']
2026-04-25 13:01:49,188 - agents.analysis_agent - INFO - analyze_data:35 - Created DataFrame with 10 rows and 6 columns
2026-04-25 13:01:49,190 - agents.analysis_agent - INFO - analyze_data:75 - Generated 0 insights
2026-04-25 13:01:49,190 - services.agent_pipeline - INFO - process_query:76 - Analysis Agent generated 0 insights
2026-04-25 13:01:49,191 - services.agent_pipeline - INFO - process_query:80 - === STEP 4: REPORT AGENT ===
2026-04-25 13:01:49,191 - agents.report_agent - INFO - generate_report:21 - Generating human-readable report
2026-04-25 13:01:49,191 - agents.report_agent - INFO - generate_report:38 - Generated report with 0 insights
2026-04-25 13:01:49,191 - services.agent_pipeline - INFO - process_query:84 - Report Agent: Generated human-readable response
2026-04-25 13:01:49,192 - services.agent_pipeline - INFO - process_query:88 - === STEP 5: DASHBOARD DATA AGGREGATION ===
2026-04-25 13:01:49,192 - agents.analysis_agent - INFO - aggregate_dashboard_data:240 - Aggregating dashboard data using pandas
2026-04-25 13:01:49,203 - agents.analysis_agent - INFO - aggregate_dashboard_data:262 - Generated dashboard data: 1 months, 4 regions, 3 products
2026-04-25 13:01:49,204 - services.agent_pipeline - INFO - process_query:92 - Dashboard data aggregated: 1 months, 4 regions, 3 products
2026-04-25 13:01:49,204 - services.agent_pipeline - INFO - process_query:96 - === STEP 6: INSIGHTS DETECTION ===
2026-04-25 13:01:49,204 - services.agent_pipeline - ERROR - process_query:138 - Pipeline error: name 'pd' is not defined
Traceback (most recent call last):
  File "D:\AI_Business_Analyst_System\ai-python-service\services\agent_pipeline.py", line 99, in process_query
    df = pd.DataFrame(data)
         ^^
NameError: name 'pd' is not defined
2026-04-25 13:01:49,207 - ai_analytics.main - INFO - query_ai:257 - Successfully processed query through pipeline: Why did sales drop?
2026-04-25 13:02:03,686 - ai_analytics.main - INFO - query_ai:232 - Processing query through multi-agent pipeline: Why did sales drop?
2026-04-25 13:02:03,687 - services.agent_pipeline - INFO - process_query:38 - Starting pipeline processing for question: Why did sales drop?
2026-04-25 13:02:03,687 - services.agent_pipeline - INFO - process_query:49 - === STEP 1: PLANNER AGENT ===
2026-04-25 13:02:03,687 - agents.planner_agent - INFO - plan_query:26 - Planning query: Why did sales drop?
2026-04-25 13:02:03,688 - agents.planner_agent - INFO - plan_query:37 - Detected drop analysis question: Why did sales drop?
2026-04-25 13:02:03,688 - agents.planner_agent - INFO - plan_query:64 - Generated steps: ['get sales data', 'compare time periods', 'find drop percentage']
2026-04-25 13:02:03,688 - services.agent_pipeline - INFO - process_query:54 - Planner generated steps: ['get sales data', 'compare time periods', 'find drop percentage']
2026-04-25 13:02:03,689 - services.agent_pipeline - INFO - process_query:58 - === STEP 2: DATA AGENT ===
2026-04-25 13:02:03,689 - agents.data_agent - INFO - get_data:153 - Getting data for question: Why did sales drop?
2026-04-25 13:02:03,689 - agents.data_agent - INFO - natural_language_to_sql:37 - Converting natural language to SQL: Why did sales drop?
2026-04-25 13:02:03,689 - agents.data_agent - INFO - natural_language_to_sql:38 - Using steps: ['get sales data', 'compare time periods', 'find drop percentage']
2026-04-25 13:02:03,691 - agents.data_agent - INFO - natural_language_to_sql:97 - Generated drop analysis SQL: 
            SELECT 
                DATE_FORMAT(sale_date, '%Y-%m') as month,
                SUM(revenue) as monthly_revenue
            FROM sales 
            WHERE sale_date >= DATE_SUB(CURRENT_DATE, INTERVAL 6 MONTH)
            GROUP BY DATE_FORMAT(sale_date, '%Y-%m')
            ORDER BY month DESC
            
2026-04-25 13:02:03,691 - agents.data_agent - INFO - execute_query:122 - Executing SQL query: 
            SELECT 
                DATE_FORMAT(sale_date, '%Y-%m') as month,
                SUM(revenue) as monthly_revenue
            FROM sales 
            WHERE sale_date >= DATE_SUB(CURRENT_DATE, INTERVAL 6 MONTH)
            GROUP BY DATE_FORMAT(sale_date, '%Y-%m')
            ORDER BY month DESC
            
2026-04-25 13:02:03,692 - agents.data_agent - INFO - execute_query:123 - SQL Query: 
            SELECT 
                DATE_FORMAT(sale_date, '%Y-%m') as month,
                SUM(revenue) as monthly_revenue
            FROM sales 
            WHERE sale_date >= DATE_SUB(CURRENT_DATE, INTERVAL 6 MONTH)
            GROUP BY DATE_FORMAT(sale_date, '%Y-%m')
            ORDER BY month DESC
            
2026-04-25 13:02:03,713 - agents.data_agent - ERROR - connect_to_mysql:29 - Error connecting to MySQL: 1045 (28000): Access denied for user 'root'@'localhost' (using password: NO)
2026-04-25 13:02:03,714 - agents.data_agent - WARNING - execute_query:129 - Database connection failed, using mock data
2026-04-25 13:02:03,715 - agents.data_agent - INFO - get_mock_data:173 - Using mock data
2026-04-25 13:02:03,715 - agents.data_agent - INFO - get_data:162 - Successfully retrieved 10 records
2026-04-25 13:02:03,715 - services.agent_pipeline - INFO - process_query:62 - Data Agent retrieved 10 records
2026-04-25 13:02:03,716 - services.agent_pipeline - INFO - process_query:73 - === STEP 3: ANALYSIS AGENT ===
2026-04-25 13:02:03,716 - agents.analysis_agent - INFO - analyze_data:24 - Analyzing data for question: Why did sales drop?
2026-04-25 13:02:03,717 - agents.analysis_agent - INFO - analyze_data:25 - Using steps: ['get sales data', 'compare time periods', 'find drop percentage']
2026-04-25 13:02:03,719 - agents.analysis_agent - INFO - analyze_data:35 - Created DataFrame with 10 rows and 6 columns
2026-04-25 13:02:03,720 - agents.analysis_agent - INFO - analyze_data:75 - Generated 0 insights
2026-04-25 13:02:03,720 - services.agent_pipeline - INFO - process_query:77 - Analysis Agent generated 0 insights
2026-04-25 13:02:03,722 - services.agent_pipeline - INFO - process_query:81 - === STEP 4: REPORT AGENT ===
2026-04-25 13:02:03,723 - agents.report_agent - INFO - generate_report:21 - Generating human-readable report
2026-04-25 13:02:03,723 - agents.report_agent - INFO - generate_report:38 - Generated report with 0 insights
2026-04-25 13:02:03,723 - services.agent_pipeline - INFO - process_query:85 - Report Agent: Generated human-readable response
2026-04-25 13:02:03,724 - services.agent_pipeline - INFO - process_query:89 - === STEP 5: DASHBOARD DATA AGGREGATION ===
2026-04-25 13:02:03,724 - agents.analysis_agent - INFO - aggregate_dashboard_data:240 - Aggregating dashboard data using pandas
2026-04-25 13:02:03,741 - agents.analysis_agent - INFO - aggregate_dashboard_data:262 - Generated dashboard data: 1 months, 4 regions, 3 products
2026-04-25 13:02:03,742 - services.agent_pipeline - INFO - process_query:93 - Dashboard data aggregated: 1 months, 4 regions, 3 products
2026-04-25 13:02:03,742 - services.agent_pipeline - INFO - process_query:97 - === STEP 6: INSIGHTS DETECTION ===
2026-04-25 13:02:03,744 - agents.analysis_agent - INFO - detect_and_store_insights:345 - Detecting insights for database storage
2026-04-25 13:02:03,747 - agents.analysis_agent - INFO - detect_and_store_insights:424 - Detected 4 insights for database storage
2026-04-25 13:02:03,747 - services.agent_pipeline - INFO - process_query:102 - Detected 4 insights for storage
2026-04-25 13:02:03,747 - services.agent_pipeline - INFO - process_query:106 - === STEP 7: INSIGHTS STORAGE ===
2026-04-25 13:02:03,749 - agents.data_agent - INFO - execute_query:122 - Executing SQL query: 
                    INSERT INTO insights (insight_type, message, value, category, created_at) 
                    VALUES (%s, %s, %s, %s, NOW())
                
2026-04-25 13:02:03,749 - agents.data_agent - INFO - execute_query:123 - SQL Query: 
                    INSERT INTO insights (insight_type, message, value, category, created_at) 
                    VALUES (%s, %s, %s, %s, NOW())
                
2026-04-25 13:02:03,755 - agents.data_agent - ERROR - connect_to_mysql:29 - Error connecting to MySQL: 1045 (28000): Access denied for user 'root'@'localhost' (using password: NO)
2026-04-25 13:02:03,756 - agents.data_agent - WARNING - execute_query:129 - Database connection failed, using mock data
2026-04-25 13:02:03,756 - agents.data_agent - INFO - get_mock_data:173 - Using mock data
2026-04-25 13:02:03,756 - agents.data_agent - INFO - execute_query:122 - Executing SQL query: 
                    INSERT INTO insights (insight_type, message, value, category, created_at) 
                    VALUES (%s, %s, %s, %s, NOW())
                
2026-04-25 13:02:03,758 - agents.data_agent - INFO - execute_query:123 - SQL Query: 
                    INSERT INTO insights (insight_type, message, value, category, created_at) 
                    VALUES (%s, %s, %s, %s, NOW())
                
2026-04-25 13:02:03,764 - agents.data_agent - ERROR - connect_to_mysql:29 - Error connecting to MySQL: 1045 (28000): Access denied for user 'root'@'localhost' (using password: NO)
2026-04-25 13:02:03,766 - agents.data_agent - WARNING - execute_query:129 - Database connection failed, using mock data
2026-04-25 13:02:03,766 - agents.data_agent - INFO - get_mock_data:173 - Using mock data
2026-04-25 13:02:03,767 - agents.data_agent - INFO - execute_query:122 - Executing SQL query: 
                    INSERT INTO insights (insight_type, message, value, category, created_at) 
                    VALUES (%s, %s, %s, %s, NOW())
                
2026-04-25 13:02:03,767 - agents.data_agent - INFO - execute_query:123 - SQL Query: 
                    INSERT INTO insights (insight_type, message, value, category, created_at) 
                    VALUES (%s, %s, %s, %s, NOW())
                
2026-04-25 13:02:03,774 - agents.data_agent - ERROR - connect_to_mysql:29 - Error connecting to MySQL: 1045 (28000): Access denied for user 'root'@'localhost' (using password: NO)
2026-04-25 13:02:03,775 - agents.data_agent - WARNING - execute_query:129 - Database connection failed, using mock data
2026-04-25 13:02:03,775 - agents.data_agent - INFO - get_mock_data:173 - Using mock data
2026-04-25 13:02:03,775 - agents.data_agent - INFO - execute_query:122 - Executing SQL query: 
                    INSERT INTO insights (insight_type, message, value, category, created_at) 
                    VALUES (%s, %s, %s, %s, NOW())
                
2026-04-25 13:02:03,777 - agents.data_agent - INFO - execute_query:123 - SQL Query: 
                    INSERT INTO insights (insight_type, message, value, category, created_at) 
                    VALUES (%s, %s, %s, %s, NOW())
                
2026-04-25 13:02:03,783 - agents.data_agent - ERROR - connect_to_mysql:29 - Error connecting to MySQL: 1045 (28000): Access denied for user 'root'@'localhost' (using password: NO)
2026-04-25 13:02:03,783 - agents.data_agent - WARNING - execute_query:129 - Database connection failed, using mock data
2026-04-25 13:02:03,784 - agents.data_agent - INFO - get_mock_data:173 - Using mock data
2026-04-25 13:02:03,784 - services.agent_pipeline - INFO - _store_insights_in_database:183 - Successfully stored 4 insights in database
2026-04-25 13:02:03,785 - services.agent_pipeline - INFO - process_query:113 - Successfully stored 4 insights in database
2026-04-25 13:02:03,785 - services.agent_pipeline - INFO - process_query:132 - === PIPELINE COMPLETED SUCCESSFULLY ===
2026-04-25 13:02:03,785 - services.agent_pipeline - INFO - process_query:133 - Final answer: No significant revenue drop detected
2026-04-25 13:02:03,786 - services.agent_pipeline - INFO - process_query:134 - Total insights: 0
2026-04-25 13:02:03,786 - ai_analytics.main - INFO - query_ai:257 - Successfully processed query through pipeline: Why did sales drop?
2026-04-25 13:09:39,923 - ai_analytics.main - INFO - query_ai:232 - Processing query through multi-agent pipeline: hi
2026-04-25 13:09:39,923 - services.agent_pipeline - INFO - process_query:38 - Starting pipeline processing for question: hi
2026-04-25 13:09:39,923 - services.agent_pipeline - INFO - process_query:49 - === STEP 1: PLANNER AGENT ===
2026-04-25 13:09:39,925 - agents.planner_agent - INFO - plan_query:26 - Planning query: hi
2026-04-25 13:09:39,925 - agents.planner_agent - INFO - plan_query:62 - Using default analysis for question: hi
2026-04-25 13:09:39,926 - agents.planner_agent - INFO - plan_query:64 - Generated steps: ['get sales data', 'analyze data']
2026-04-25 13:09:39,926 - services.agent_pipeline - INFO - process_query:54 - Planner generated steps: ['get sales data', 'analyze data']
2026-04-25 13:09:39,926 - services.agent_pipeline - INFO - process_query:58 - === STEP 2: DATA AGENT ===
2026-04-25 13:09:39,927 - agents.data_agent - INFO - get_data:153 - Getting data for question: hi
2026-04-25 13:09:39,927 - agents.data_agent - INFO - natural_language_to_sql:37 - Converting natural language to SQL: hi
2026-04-25 13:09:39,927 - agents.data_agent - INFO - natural_language_to_sql:38 - Using steps: ['get sales data', 'analyze data']
2026-04-25 13:09:39,928 - agents.data_agent - INFO - natural_language_to_sql:114 - Generated default SQL: SELECT * FROM sales ORDER BY sale_date DESC LIMIT 100
2026-04-25 13:09:39,928 - agents.data_agent - INFO - execute_query:122 - Executing SQL query: SELECT * FROM sales ORDER BY sale_date DESC LIMIT 100
2026-04-25 13:09:39,928 - agents.data_agent - INFO - execute_query:123 - SQL Query: SELECT * FROM sales ORDER BY sale_date DESC LIMIT 100
2026-04-25 13:09:39,933 - agents.data_agent - ERROR - connect_to_mysql:29 - Error connecting to MySQL: 1045 (28000): Access denied for user 'root'@'localhost' (using password: NO)
2026-04-25 13:09:39,934 - agents.data_agent - WARNING - execute_query:129 - Database connection failed, using mock data
2026-04-25 13:09:39,934 - agents.data_agent - INFO - get_mock_data:173 - Using mock data
2026-04-25 13:09:39,935 - agents.data_agent - INFO - get_data:162 - Successfully retrieved 10 records
2026-04-25 13:09:39,935 - services.agent_pipeline - INFO - process_query:62 - Data Agent retrieved 10 records
2026-04-25 13:09:39,935 - services.agent_pipeline - INFO - process_query:73 - === STEP 3: ANALYSIS AGENT ===
2026-04-25 13:09:39,936 - agents.analysis_agent - INFO - analyze_data:24 - Analyzing data for question: hi
2026-04-25 13:09:39,936 - agents.analysis_agent - INFO - analyze_data:25 - Using steps: ['get sales data', 'analyze data']
2026-04-25 13:09:39,937 - agents.analysis_agent - INFO - analyze_data:35 - Created DataFrame with 10 rows and 6 columns
2026-04-25 13:09:39,939 - agents.analysis_agent - INFO - analyze_data:75 - Generated 2 insights
2026-04-25 13:09:39,941 - services.agent_pipeline - INFO - process_query:77 - Analysis Agent generated 2 insights
2026-04-25 13:09:39,941 - services.agent_pipeline - INFO - process_query:81 - === STEP 4: REPORT AGENT ===
2026-04-25 13:09:39,942 - agents.report_agent - INFO - generate_report:21 - Generating human-readable report
2026-04-25 13:09:39,942 - agents.report_agent - INFO - generate_report:38 - Generated report with 2 insights
2026-04-25 13:09:39,943 - services.agent_pipeline - INFO - process_query:85 - Report Agent: Generated human-readable response
2026-04-25 13:09:39,943 - services.agent_pipeline - INFO - process_query:89 - === STEP 5: DASHBOARD DATA AGGREGATION ===
2026-04-25 13:09:39,943 - agents.analysis_agent - INFO - aggregate_dashboard_data:240 - Aggregating dashboard data using pandas
2026-04-25 13:09:39,950 - agents.analysis_agent - INFO - aggregate_dashboard_data:262 - Generated dashboard data: 1 months, 4 regions, 3 products
2026-04-25 13:09:39,951 - services.agent_pipeline - INFO - process_query:93 - Dashboard data aggregated: 1 months, 4 regions, 3 products
2026-04-25 13:09:39,951 - services.agent_pipeline - INFO - process_query:97 - === STEP 6: INSIGHTS DETECTION ===
2026-04-25 13:09:39,952 - agents.analysis_agent - INFO - detect_and_store_insights:345 - Detecting insights for database storage
2026-04-25 13:09:39,956 - agents.analysis_agent - INFO - detect_and_store_insights:424 - Detected 4 insights for database storage
2026-04-25 13:09:39,956 - services.agent_pipeline - INFO - process_query:102 - Detected 4 insights for storage
2026-04-25 13:09:39,956 - services.agent_pipeline - INFO - process_query:106 - === STEP 7: INSIGHTS STORAGE ===
2026-04-25 13:09:39,956 - agents.data_agent - INFO - execute_query:122 - Executing SQL query: 
                    INSERT INTO insights (insight_type, message, value, category, created_at) 
                    VALUES (%s, %s, %s, %s, NOW())
                
2026-04-25 13:09:39,957 - agents.data_agent - INFO - execute_query:123 - SQL Query: 
                    INSERT INTO insights (insight_type, message, value, category, created_at) 
                    VALUES (%s, %s, %s, %s, NOW())
                
2026-04-25 13:09:39,963 - agents.data_agent - ERROR - connect_to_mysql:29 - Error connecting to MySQL: 1045 (28000): Access denied for user 'root'@'localhost' (using password: NO)
2026-04-25 13:09:39,964 - agents.data_agent - WARNING - execute_query:129 - Database connection failed, using mock data
2026-04-25 13:09:39,964 - agents.data_agent - INFO - get_mock_data:173 - Using mock data
2026-04-25 13:09:39,965 - agents.data_agent - INFO - execute_query:122 - Executing SQL query: 
                    INSERT INTO insights (insight_type, message, value, category, created_at) 
                    VALUES (%s, %s, %s, %s, NOW())
                
2026-04-25 13:09:39,965 - agents.data_agent - INFO - execute_query:123 - SQL Query: 
                    INSERT INTO insights (insight_type, message, value, category, created_at) 
                    VALUES (%s, %s, %s, %s, NOW())
                
2026-04-25 13:09:39,970 - agents.data_agent - ERROR - connect_to_mysql:29 - Error connecting to MySQL: 1045 (28000): Access denied for user 'root'@'localhost' (using password: NO)
2026-04-25 13:09:39,970 - agents.data_agent - WARNING - execute_query:129 - Database connection failed, using mock data
2026-04-25 13:09:39,972 - agents.data_agent - INFO - get_mock_data:173 - Using mock data
2026-04-25 13:09:39,972 - agents.data_agent - INFO - execute_query:122 - Executing SQL query: 
                    INSERT INTO insights (insight_type, message, value, category, created_at) 
                    VALUES (%s, %s, %s, %s, NOW())
                
2026-04-25 13:09:39,973 - agents.data_agent - INFO - execute_query:123 - SQL Query: 
                    INSERT INTO insights (insight_type, message, value, category, created_at) 
                    VALUES (%s, %s, %s, %s, NOW())
                
2026-04-25 13:09:39,978 - agents.data_agent - ERROR - connect_to_mysql:29 - Error connecting to MySQL: 1045 (28000): Access denied for user 'root'@'localhost' (using password: NO)
2026-04-25 13:09:39,980 - agents.data_agent - WARNING - execute_query:129 - Database connection failed, using mock data
2026-04-25 13:09:39,980 - agents.data_agent - INFO - get_mock_data:173 - Using mock data
2026-04-25 13:09:39,980 - agents.data_agent - INFO - execute_query:122 - Executing SQL query: 
                    INSERT INTO insights (insight_type, message, value, category, created_at) 
                    VALUES (%s, %s, %s, %s, NOW())
                
2026-04-25 13:09:39,981 - agents.data_agent - INFO - execute_query:123 - SQL Query: 
                    INSERT INTO insights (insight_type, message, value, category, created_at) 
                    VALUES (%s, %s, %s, %s, NOW())
                
2026-04-25 13:09:39,986 - agents.data_agent - ERROR - connect_to_mysql:29 - Error connecting to MySQL: 1045 (28000): Access denied for user 'root'@'localhost' (using password: NO)
2026-04-25 13:09:39,987 - agents.data_agent - WARNING - execute_query:129 - Database connection failed, using mock data
2026-04-25 13:09:39,987 - agents.data_agent - INFO - get_mock_data:173 - Using mock data
2026-04-25 13:09:39,988 - services.agent_pipeline - INFO - _store_insights_in_database:183 - Successfully stored 4 insights in database
2026-04-25 13:09:39,988 - services.agent_pipeline - INFO - process_query:113 - Successfully stored 4 insights in database
2026-04-25 13:09:39,988 - services.agent_pipeline - INFO - process_query:132 - === PIPELINE COMPLETED SUCCESSFULLY ===
2026-04-25 13:09:39,989 - services.agent_pipeline - INFO - process_query:133 - Final answer: Analysis completed on sales data
2026-04-25 13:09:39,989 - services.agent_pipeline - INFO - process_query:134 - Total insights: 2
2026-04-25 13:09:39,989 - ai_analytics.main - INFO - query_ai:257 - Successfully processed query through pipeline: hi
2026-04-25 13:09:43,322 - ai_analytics.main - INFO - get_dashboard_data:288 - Generating dashboard data
2026-04-25 13:09:43,323 - agents.data_agent - INFO - get_data:153 - Getting data for question: get all sales data
2026-04-25 13:09:43,323 - agents.data_agent - INFO - natural_language_to_sql:37 - Converting natural language to SQL: get all sales data
2026-04-25 13:09:43,324 - agents.data_agent - INFO - natural_language_to_sql:38 - Using steps: ['get sales data']
2026-04-25 13:09:43,324 - agents.data_agent - INFO - natural_language_to_sql:114 - Generated default SQL: SELECT * FROM sales ORDER BY sale_date DESC LIMIT 100
2026-04-25 13:09:43,324 - agents.data_agent - INFO - execute_query:122 - Executing SQL query: SELECT * FROM sales ORDER BY sale_date DESC LIMIT 100
2026-04-25 13:09:43,325 - agents.data_agent - INFO - execute_query:123 - SQL Query: SELECT * FROM sales ORDER BY sale_date DESC LIMIT 100
2026-04-25 13:09:43,330 - agents.data_agent - ERROR - connect_to_mysql:29 - Error connecting to MySQL: 1045 (28000): Access denied for user 'root'@'localhost' (using password: NO)
2026-04-25 13:09:43,330 - agents.data_agent - WARNING - execute_query:129 - Database connection failed, using mock data
2026-04-25 13:09:43,331 - agents.data_agent - INFO - get_mock_data:173 - Using mock data
2026-04-25 13:09:43,331 - agents.data_agent - INFO - get_data:162 - Successfully retrieved 10 records
2026-04-25 13:09:43,331 - agents.analysis_agent - INFO - aggregate_dashboard_data:240 - Aggregating dashboard data using pandas
2026-04-25 13:09:43,338 - agents.analysis_agent - INFO - aggregate_dashboard_data:262 - Generated dashboard data: 1 months, 4 regions, 3 products
2026-04-25 13:09:43,339 - ai_analytics.main - INFO - get_dashboard_data:310 - Dashboard data generated: 0 months, 0 regions, 0 products
2026-04-25 13:38:40,738 - ai_analytics.main - INFO - get_dashboard_data:288 - Generating dashboard data
2026-04-25 13:38:40,739 - agents.data_agent - INFO - get_data:153 - Getting data for question: get all sales data
2026-04-25 13:38:40,741 - agents.data_agent - INFO - natural_language_to_sql:37 - Converting natural language to SQL: get all sales data
2026-04-25 13:38:40,741 - agents.data_agent - INFO - natural_language_to_sql:38 - Using steps: ['get sales data']
2026-04-25 13:38:40,742 - agents.data_agent - INFO - natural_language_to_sql:114 - Generated default SQL: SELECT * FROM sales ORDER BY sale_date DESC LIMIT 100
2026-04-25 13:38:40,742 - agents.data_agent - INFO - execute_query:122 - Executing SQL query: SELECT * FROM sales ORDER BY sale_date DESC LIMIT 100
2026-04-25 13:38:40,743 - agents.data_agent - INFO - execute_query:123 - SQL Query: SELECT * FROM sales ORDER BY sale_date DESC LIMIT 100
2026-04-25 13:38:40,797 - agents.data_agent - ERROR - connect_to_mysql:29 - Error connecting to MySQL: 1045 (28000): Access denied for user 'root'@'localhost' (using password: NO)
2026-04-25 13:38:40,798 - agents.data_agent - WARNING - execute_query:129 - Database connection failed, using mock data
2026-04-25 13:38:40,799 - agents.data_agent - INFO - get_mock_data:173 - Using mock data
2026-04-25 13:38:40,800 - agents.data_agent - INFO - get_data:162 - Successfully retrieved 10 records
2026-04-25 13:38:40,800 - agents.analysis_agent - INFO - aggregate_dashboard_data:240 - Aggregating dashboard data using pandas
2026-04-25 13:38:40,845 - agents.analysis_agent - INFO - aggregate_dashboard_data:262 - Generated dashboard data: 1 months, 4 regions, 3 products
2026-04-25 13:38:40,845 - ai_analytics.main - INFO - get_dashboard_data:310 - Dashboard data generated: 0 months, 0 regions, 0 products
2026-04-25 13:38:48,075 - ai_analytics.main - INFO - get_insights:119 - Fetching insights from MySQL insights table
2026-04-25 13:38:48,075 - agents.data_agent - INFO - execute_query:122 - Executing SQL query: 
            SELECT insight_type, message, value, category, created_at 
            FROM insights 
            ORDER BY created_at DESC 
            LIMIT 50
        
2026-04-25 13:38:48,076 - agents.data_agent - INFO - execute_query:123 - SQL Query: 
            SELECT insight_type, message, value, category, created_at 
            FROM insights 
            ORDER BY created_at DESC 
            LIMIT 50
        
2026-04-25 13:38:48,083 - agents.data_agent - ERROR - connect_to_mysql:29 - Error connecting to MySQL: 1045 (28000): Access denied for user 'root'@'localhost' (using password: NO)
2026-04-25 13:38:48,084 - agents.data_agent - WARNING - execute_query:129 - Database connection failed, using mock data
2026-04-25 13:38:48,084 - agents.data_agent - INFO - get_mock_data:173 - Using mock data
2026-04-25 13:38:48,085 - ai_analytics.main - INFO - get_insights:152 - Retrieved 10 insights from database
2026-04-25 13:38:50,485 - ai_analytics.main - INFO - get_alerts:339 - Fetching alerts from system
2026-04-25 13:38:50,485 - ai_analytics.main - INFO - get_alerts:370 - Retrieved 4 alerts
2026-04-25 13:38:52,039 - ai_analytics.main - INFO - get_dashboard_data:288 - Generating dashboard data
2026-04-25 13:38:52,039 - agents.data_agent - INFO - get_data:153 - Getting data for question: get all sales data
2026-04-25 13:38:52,041 - agents.data_agent - INFO - natural_language_to_sql:37 - Converting natural language to SQL: get all sales data
2026-04-25 13:38:52,041 - agents.data_agent - INFO - natural_language_to_sql:38 - Using steps: ['get sales data']
2026-04-25 13:38:52,042 - agents.data_agent - INFO - natural_language_to_sql:114 - Generated default SQL: SELECT * FROM sales ORDER BY sale_date DESC LIMIT 100
2026-04-25 13:38:52,042 - agents.data_agent - INFO - execute_query:122 - Executing SQL query: SELECT * FROM sales ORDER BY sale_date DESC LIMIT 100
2026-04-25 13:38:52,043 - agents.data_agent - INFO - execute_query:123 - SQL Query: SELECT * FROM sales ORDER BY sale_date DESC LIMIT 100
2026-04-25 13:38:52,049 - agents.data_agent - ERROR - connect_to_mysql:29 - Error connecting to MySQL: 1045 (28000): Access denied for user 'root'@'localhost' (using password: NO)
2026-04-25 13:38:52,049 - agents.data_agent - WARNING - execute_query:129 - Database connection failed, using mock data
2026-04-25 13:38:52,050 - agents.data_agent - INFO - get_mock_data:173 - Using mock data
2026-04-25 13:38:52,051 - agents.data_agent - INFO - get_data:162 - Successfully retrieved 10 records
2026-04-25 13:38:52,051 - agents.analysis_agent - INFO - aggregate_dashboard_data:240 - Aggregating dashboard data using pandas
2026-04-25 13:38:52,060 - agents.analysis_agent - INFO - aggregate_dashboard_data:262 - Generated dashboard data: 1 months, 4 regions, 3 products
2026-04-25 13:38:52,062 - ai_analytics.main - INFO - get_dashboard_data:310 - Dashboard data generated: 0 months, 0 regions, 0 products
2026-04-25 13:39:04,058 - ai_analytics.main - INFO - query_ai:232 - Processing query through multi-agent pipeline: hu
2026-04-25 13:39:04,059 - services.agent_pipeline - INFO - process_query:38 - Starting pipeline processing for question: hu
2026-04-25 13:39:04,059 - services.agent_pipeline - INFO - process_query:49 - === STEP 1: PLANNER AGENT ===
2026-04-25 13:39:04,060 - agents.planner_agent - INFO - plan_query:26 - Planning query: hu
2026-04-25 13:39:04,060 - agents.planner_agent - INFO - plan_query:62 - Using default analysis for question: hu
2026-04-25 13:39:04,060 - agents.planner_agent - INFO - plan_query:64 - Generated steps: ['get sales data', 'analyze data']
2026-04-25 13:39:04,062 - services.agent_pipeline - INFO - process_query:54 - Planner generated steps: ['get sales data', 'analyze data']
2026-04-25 13:39:04,062 - services.agent_pipeline - INFO - process_query:58 - === STEP 2: DATA AGENT ===
2026-04-25 13:39:04,063 - agents.data_agent - INFO - get_data:153 - Getting data for question: hu
2026-04-25 13:39:04,063 - agents.data_agent - INFO - natural_language_to_sql:37 - Converting natural language to SQL: hu
2026-04-25 13:39:04,063 - agents.data_agent - INFO - natural_language_to_sql:38 - Using steps: ['get sales data', 'analyze data']
2026-04-25 13:39:04,063 - agents.data_agent - INFO - natural_language_to_sql:114 - Generated default SQL: SELECT * FROM sales ORDER BY sale_date DESC LIMIT 100
2026-04-25 13:39:04,065 - agents.data_agent - INFO - execute_query:122 - Executing SQL query: SELECT * FROM sales ORDER BY sale_date DESC LIMIT 100
2026-04-25 13:39:04,065 - agents.data_agent - INFO - execute_query:123 - SQL Query: SELECT * FROM sales ORDER BY sale_date DESC LIMIT 100
2026-04-25 13:39:04,071 - agents.data_agent - ERROR - connect_to_mysql:29 - Error connecting to MySQL: 1045 (28000): Access denied for user 'root'@'localhost' (using password: NO)
2026-04-25 13:39:04,072 - agents.data_agent - WARNING - execute_query:129 - Database connection failed, using mock data
2026-04-25 13:39:04,073 - agents.data_agent - INFO - get_mock_data:173 - Using mock data
2026-04-25 13:39:04,073 - agents.data_agent - INFO - get_data:162 - Successfully retrieved 10 records
2026-04-25 13:39:04,074 - services.agent_pipeline - INFO - process_query:62 - Data Agent retrieved 10 records
2026-04-25 13:39:04,074 - services.agent_pipeline - INFO - process_query:73 - === STEP 3: ANALYSIS AGENT ===
2026-04-25 13:39:04,075 - agents.analysis_agent - INFO - analyze_data:24 - Analyzing data for question: hu
2026-04-25 13:39:04,075 - agents.analysis_agent - INFO - analyze_data:25 - Using steps: ['get sales data', 'analyze data']
2026-04-25 13:39:04,078 - agents.analysis_agent - INFO - analyze_data:35 - Created DataFrame with 10 rows and 6 columns
2026-04-25 13:39:04,079 - agents.analysis_agent - INFO - analyze_data:75 - Generated 2 insights
2026-04-25 13:39:04,080 - services.agent_pipeline - INFO - process_query:77 - Analysis Agent generated 2 insights
2026-04-25 13:39:04,081 - services.agent_pipeline - INFO - process_query:81 - === STEP 4: REPORT AGENT ===
2026-04-25 13:39:04,081 - agents.report_agent - INFO - generate_report:21 - Generating human-readable report
2026-04-25 13:39:04,081 - agents.report_agent - INFO - generate_report:38 - Generated report with 2 insights
2026-04-25 13:39:04,081 - services.agent_pipeline - INFO - process_query:85 - Report Agent: Generated human-readable response
2026-04-25 13:39:04,082 - services.agent_pipeline - INFO - process_query:89 - === STEP 5: DASHBOARD DATA AGGREGATION ===
2026-04-25 13:39:04,082 - agents.analysis_agent - INFO - aggregate_dashboard_data:240 - Aggregating dashboard data using pandas
2026-04-25 13:39:04,089 - agents.analysis_agent - INFO - aggregate_dashboard_data:262 - Generated dashboard data: 1 months, 4 regions, 3 products
2026-04-25 13:39:04,089 - services.agent_pipeline - INFO - process_query:93 - Dashboard data aggregated: 1 months, 4 regions, 3 products
2026-04-25 13:39:04,091 - services.agent_pipeline - INFO - process_query:97 - === STEP 6: INSIGHTS DETECTION ===
2026-04-25 13:39:04,092 - agents.analysis_agent - INFO - detect_and_store_insights:345 - Detecting insights for database storage
2026-04-25 13:39:04,095 - agents.analysis_agent - INFO - detect_and_store_insights:424 - Detected 4 insights for database storage
2026-04-25 13:39:04,095 - services.agent_pipeline - INFO - process_query:102 - Detected 4 insights for storage
2026-04-25 13:39:04,096 - services.agent_pipeline - INFO - process_query:106 - === STEP 7: INSIGHTS STORAGE ===
2026-04-25 13:39:04,097 - agents.data_agent - INFO - execute_query:122 - Executing SQL query: 
                    INSERT INTO insights (insight_type, message, value, category, created_at) 
                    VALUES (%s, %s, %s, %s, NOW())
                
2026-04-25 13:39:04,097 - agents.data_agent - INFO - execute_query:123 - SQL Query: 
                    INSERT INTO insights (insight_type, message, value, category, created_at) 
                    VALUES (%s, %s, %s, %s, NOW())
                
2026-04-25 13:39:04,103 - agents.data_agent - ERROR - connect_to_mysql:29 - Error connecting to MySQL: 1045 (28000): Access denied for user 'root'@'localhost' (using password: NO)
2026-04-25 13:39:04,104 - agents.data_agent - WARNING - execute_query:129 - Database connection failed, using mock data
2026-04-25 13:39:04,104 - agents.data_agent - INFO - get_mock_data:173 - Using mock data
2026-04-25 13:39:04,106 - agents.data_agent - INFO - execute_query:122 - Executing SQL query: 
                    INSERT INTO insights (insight_type, message, value, category, created_at) 
                    VALUES (%s, %s, %s, %s, NOW())
                
2026-04-25 13:39:04,106 - agents.data_agent - INFO - execute_query:123 - SQL Query: 
                    INSERT INTO insights (insight_type, message, value, category, created_at) 
                    VALUES (%s, %s, %s, %s, NOW())
                
2026-04-25 13:39:04,113 - agents.data_agent - ERROR - connect_to_mysql:29 - Error connecting to MySQL: 1045 (28000): Access denied for user 'root'@'localhost' (using password: NO)
2026-04-25 13:39:04,114 - agents.data_agent - WARNING - execute_query:129 - Database connection failed, using mock data
2026-04-25 13:39:04,115 - agents.data_agent - INFO - get_mock_data:173 - Using mock data
2026-04-25 13:39:04,115 - agents.data_agent - INFO - execute_query:122 - Executing SQL query: 
                    INSERT INTO insights (insight_type, message, value, category, created_at) 
                    VALUES (%s, %s, %s, %s, NOW())
                
2026-04-25 13:39:04,115 - agents.data_agent - INFO - execute_query:123 - SQL Query: 
                    INSERT INTO insights (insight_type, message, value, category, created_at) 
                    VALUES (%s, %s, %s, %s, NOW())
                
2026-04-25 13:39:04,120 - agents.data_agent - ERROR - connect_to_mysql:29 - Error connecting to MySQL: 1045 (28000): Access denied for user 'root'@'localhost' (using password: NO)
2026-04-25 13:39:04,122 - agents.data_agent - WARNING - execute_query:129 - Database connection failed, using mock data
2026-04-25 13:39:04,122 - agents.data_agent - INFO - get_mock_data:173 - Using mock data
2026-04-25 13:39:04,122 - agents.data_agent - INFO - execute_query:122 - Executing SQL query: 
                    INSERT INTO insights (insight_type, message, value, category, created_at) 
                    VALUES (%s, %s, %s, %s, NOW())
                
2026-04-25 13:39:04,124 - agents.data_agent - INFO - execute_query:123 - SQL Query: 
                    INSERT INTO insights (insight_type, message, value, category, created_at) 
                    VALUES (%s, %s, %s, %s, NOW())
                
2026-04-25 13:39:04,130 - agents.data_agent - ERROR - connect_to_mysql:29 - Error connecting to MySQL: 1045 (28000): Access denied for user 'root'@'localhost' (using password: NO)
2026-04-25 13:39:04,131 - agents.data_agent - WARNING - execute_query:129 - Database connection failed, using mock data
2026-04-25 13:39:04,131 - agents.data_agent - INFO - get_mock_data:173 - Using mock data
2026-04-25 13:39:04,132 - services.agent_pipeline - INFO - _store_insights_in_database:183 - Successfully stored 4 insights in database
2026-04-25 13:39:04,132 - services.agent_pipeline - INFO - process_query:113 - Successfully stored 4 insights in database
2026-04-25 13:39:04,133 - services.agent_pipeline - INFO - process_query:132 - === PIPELINE COMPLETED SUCCESSFULLY ===
2026-04-25 13:39:04,133 - services.agent_pipeline - INFO - process_query:133 - Final answer: Analysis completed on sales data
2026-04-25 13:39:04,133 - services.agent_pipeline - INFO - process_query:134 - Total insights: 2
2026-04-25 13:39:04,134 - ai_analytics.main - INFO - query_ai:257 - Successfully processed query through pipeline: hu
2026-04-25 13:40:44,060 - ai_analytics.main - INFO - get_dashboard_data:288 - Generating dashboard data
2026-04-25 13:40:44,060 - agents.data_agent - INFO - get_data:153 - Getting data for question: get all sales data
2026-04-25 13:40:44,061 - agents.data_agent - INFO - natural_language_to_sql:37 - Converting natural language to SQL: get all sales data
2026-04-25 13:40:44,061 - agents.data_agent - INFO - natural_language_to_sql:38 - Using steps: ['get sales data']
2026-04-25 13:40:44,061 - agents.data_agent - INFO - natural_language_to_sql:114 - Generated default SQL: SELECT * FROM sales ORDER BY sale_date DESC LIMIT 100
2026-04-25 13:40:44,062 - agents.data_agent - INFO - execute_query:122 - Executing SQL query: SELECT * FROM sales ORDER BY sale_date DESC LIMIT 100
2026-04-25 13:40:44,063 - agents.data_agent - INFO - execute_query:123 - SQL Query: SELECT * FROM sales ORDER BY sale_date DESC LIMIT 100
2026-04-25 13:40:44,068 - agents.data_agent - ERROR - connect_to_mysql:29 - Error connecting to MySQL: 1045 (28000): Access denied for user 'root'@'localhost' (using password: NO)
2026-04-25 13:40:44,069 - agents.data_agent - WARNING - execute_query:129 - Database connection failed, using mock data
2026-04-25 13:40:44,069 - agents.data_agent - INFO - get_mock_data:173 - Using mock data
2026-04-25 13:40:44,070 - agents.data_agent - INFO - get_data:162 - Successfully retrieved 10 records
2026-04-25 13:40:44,070 - agents.analysis_agent - INFO - aggregate_dashboard_data:240 - Aggregating dashboard data using pandas
2026-04-25 13:40:44,076 - agents.analysis_agent - INFO - aggregate_dashboard_data:262 - Generated dashboard data: 1 months, 4 regions, 3 products
2026-04-25 13:40:44,077 - ai_analytics.main - INFO - get_dashboard_data:310 - Dashboard data generated: 0 months, 0 regions, 0 products
2026-04-25 13:44:19,167 - ai_analytics.main - INFO - health_check:95 - Health check accessed
2026-04-25 13:44:21,211 - ai_analytics.main - INFO - get_dashboard_data:288 - Generating dashboard data
2026-04-25 13:44:21,212 - agents.data_agent - INFO - get_data:153 - Getting data for question: get all sales data
2026-04-25 13:44:21,212 - agents.data_agent - INFO - natural_language_to_sql:37 - Converting natural language to SQL: get all sales data
2026-04-25 13:44:21,213 - agents.data_agent - INFO - natural_language_to_sql:38 - Using steps: ['get sales data']
2026-04-25 13:44:21,213 - agents.data_agent - INFO - natural_language_to_sql:114 - Generated default SQL: SELECT * FROM sales ORDER BY sale_date DESC LIMIT 100
2026-04-25 13:44:21,213 - agents.data_agent - INFO - execute_query:122 - Executing SQL query: SELECT * FROM sales ORDER BY sale_date DESC LIMIT 100
2026-04-25 13:44:21,214 - agents.data_agent - INFO - execute_query:123 - SQL Query: SELECT * FROM sales ORDER BY sale_date DESC LIMIT 100
2026-04-25 13:44:21,222 - agents.data_agent - ERROR - connect_to_mysql:29 - Error connecting to MySQL: 1045 (28000): Access denied for user 'root'@'localhost' (using password: NO)
2026-04-25 13:44:21,223 - agents.data_agent - WARNING - execute_query:129 - Database connection failed, using mock data
2026-04-25 13:44:21,223 - agents.data_agent - INFO - get_mock_data:173 - Using mock data
2026-04-25 13:44:21,224 - agents.data_agent - INFO - get_data:162 - Successfully retrieved 10 records
2026-04-25 13:44:21,224 - agents.analysis_agent - INFO - aggregate_dashboard_data:240 - Aggregating dashboard data using pandas
2026-04-25 13:44:21,231 - agents.analysis_agent - INFO - aggregate_dashboard_data:262 - Generated dashboard data: 1 months, 4 regions, 3 products
2026-04-25 13:44:21,232 - ai_analytics.main - INFO - get_dashboard_data:310 - Dashboard data generated: 0 months, 0 regions, 0 products
2026-04-25 13:44:23,278 - ai_analytics.main - INFO - get_insights:119 - Fetching insights from MySQL insights table
2026-04-25 13:44:23,279 - agents.data_agent - INFO - execute_query:122 - Executing SQL query: 
            SELECT insight_type, message, value, category, created_at 
            FROM insights 
            ORDER BY created_at DESC 
            LIMIT 50
        
2026-04-25 13:44:23,279 - agents.data_agent - INFO - execute_query:123 - SQL Query: 
            SELECT insight_type, message, value, category, created_at 
            FROM insights 
            ORDER BY created_at DESC 
            LIMIT 50
        
2026-04-25 13:44:23,286 - agents.data_agent - ERROR - connect_to_mysql:29 - Error connecting to MySQL: 1045 (28000): Access denied for user 'root'@'localhost' (using password: NO)
2026-04-25 13:44:23,287 - agents.data_agent - WARNING - execute_query:129 - Database connection failed, using mock data
2026-04-25 13:44:23,288 - agents.data_agent - INFO - get_mock_data:173 - Using mock data
2026-04-25 13:44:23,288 - ai_analytics.main - INFO - get_insights:152 - Retrieved 10 insights from database
2026-04-25 13:44:25,333 - ai_analytics.main - INFO - get_alerts:339 - Fetching alerts from system
2026-04-25 13:44:25,333 - ai_analytics.main - INFO - get_alerts:370 - Retrieved 4 alerts
2026-04-25 13:44:27,389 - ai_analytics.main - INFO - query_ai:232 - Processing query through multi-agent pipeline: Why did sales drop?
2026-04-25 13:44:27,389 - services.agent_pipeline - INFO - process_query:38 - Starting pipeline processing for question: Why did sales drop?
2026-04-25 13:44:27,390 - services.agent_pipeline - INFO - process_query:49 - === STEP 1: PLANNER AGENT ===
2026-04-25 13:44:27,391 - agents.planner_agent - INFO - plan_query:26 - Planning query: Why did sales drop?
2026-04-25 13:44:27,391 - agents.planner_agent - INFO - plan_query:37 - Detected drop analysis question: Why did sales drop?
2026-04-25 13:44:27,391 - agents.planner_agent - INFO - plan_query:64 - Generated steps: ['get sales data', 'compare time periods', 'find drop percentage']
2026-04-25 13:44:27,392 - services.agent_pipeline - INFO - process_query:54 - Planner generated steps: ['get sales data', 'compare time periods', 'find drop percentage']
2026-04-25 13:44:27,392 - services.agent_pipeline - INFO - process_query:58 - === STEP 2: DATA AGENT ===
2026-04-25 13:44:27,392 - agents.data_agent - INFO - get_data:153 - Getting data for question: Why did sales drop?
2026-04-25 13:44:27,394 - agents.data_agent - INFO - natural_language_to_sql:37 - Converting natural language to SQL: Why did sales drop?
2026-04-25 13:44:27,394 - agents.data_agent - INFO - natural_language_to_sql:38 - Using steps: ['get sales data', 'compare time periods', 'find drop percentage']
2026-04-25 13:44:27,394 - agents.data_agent - INFO - natural_language_to_sql:97 - Generated drop analysis SQL: 
            SELECT 
                DATE_FORMAT(sale_date, '%Y-%m') as month,
                SUM(revenue) as monthly_revenue
            FROM sales 
            WHERE sale_date >= DATE_SUB(CURRENT_DATE, INTERVAL 6 MONTH)
            GROUP BY DATE_FORMAT(sale_date, '%Y-%m')
            ORDER BY month DESC
            
2026-04-25 13:44:27,395 - agents.data_agent - INFO - execute_query:122 - Executing SQL query: 
            SELECT 
                DATE_FORMAT(sale_date, '%Y-%m') as month,
                SUM(revenue) as monthly_revenue
            FROM sales 
            WHERE sale_date >= DATE_SUB(CURRENT_DATE, INTERVAL 6 MONTH)
            GROUP BY DATE_FORMAT(sale_date, '%Y-%m')
            ORDER BY month DESC
            
2026-04-25 13:44:27,396 - agents.data_agent - INFO - execute_query:123 - SQL Query: 
            SELECT 
                DATE_FORMAT(sale_date, '%Y-%m') as month,
                SUM(revenue) as monthly_revenue
            FROM sales 
            WHERE sale_date >= DATE_SUB(CURRENT_DATE, INTERVAL 6 MONTH)
            GROUP BY DATE_FORMAT(sale_date, '%Y-%m')
            ORDER BY month DESC
            
2026-04-25 13:44:27,403 - agents.data_agent - ERROR - connect_to_mysql:29 - Error connecting to MySQL: 1045 (28000): Access denied for user 'root'@'localhost' (using password: NO)
2026-04-25 13:44:27,403 - agents.data_agent - WARNING - execute_query:129 - Database connection failed, using mock data
2026-04-25 13:44:27,405 - agents.data_agent - INFO - get_mock_data:173 - Using mock data
2026-04-25 13:44:27,405 - agents.data_agent - INFO - get_data:162 - Successfully retrieved 10 records
2026-04-25 13:44:27,405 - services.agent_pipeline - INFO - process_query:62 - Data Agent retrieved 10 records
2026-04-25 13:44:27,406 - services.agent_pipeline - INFO - process_query:73 - === STEP 3: ANALYSIS AGENT ===
2026-04-25 13:44:27,406 - agents.analysis_agent - INFO - analyze_data:24 - Analyzing data for question: Why did sales drop?
2026-04-25 13:44:27,407 - agents.analysis_agent - INFO - analyze_data:25 - Using steps: ['get sales data', 'compare time periods', 'find drop percentage']
2026-04-25 13:44:27,407 - agents.analysis_agent - INFO - analyze_data:35 - Created DataFrame with 10 rows and 6 columns
2026-04-25 13:44:27,409 - agents.analysis_agent - INFO - analyze_data:75 - Generated 0 insights
2026-04-25 13:44:27,410 - services.agent_pipeline - INFO - process_query:77 - Analysis Agent generated 0 insights
2026-04-25 13:44:27,410 - services.agent_pipeline - INFO - process_query:81 - === STEP 4: REPORT AGENT ===
2026-04-25 13:44:27,410 - agents.report_agent - INFO - generate_report:21 - Generating human-readable report
2026-04-25 13:44:27,412 - agents.report_agent - INFO - generate_report:38 - Generated report with 0 insights
2026-04-25 13:44:27,412 - services.agent_pipeline - INFO - process_query:85 - Report Agent: Generated human-readable response
2026-04-25 13:44:27,412 - services.agent_pipeline - INFO - process_query:89 - === STEP 5: DASHBOARD DATA AGGREGATION ===
2026-04-25 13:44:27,413 - agents.analysis_agent - INFO - aggregate_dashboard_data:240 - Aggregating dashboard data using pandas
2026-04-25 13:44:27,423 - agents.analysis_agent - INFO - aggregate_dashboard_data:262 - Generated dashboard data: 1 months, 4 regions, 3 products
2026-04-25 13:44:27,424 - services.agent_pipeline - INFO - process_query:93 - Dashboard data aggregated: 1 months, 4 regions, 3 products
2026-04-25 13:44:27,424 - services.agent_pipeline - INFO - process_query:97 - === STEP 6: INSIGHTS DETECTION ===
2026-04-25 13:44:27,426 - agents.analysis_agent - INFO - detect_and_store_insights:345 - Detecting insights for database storage
2026-04-25 13:44:27,431 - agents.analysis_agent - INFO - detect_and_store_insights:424 - Detected 4 insights for database storage
2026-04-25 13:44:27,431 - services.agent_pipeline - INFO - process_query:102 - Detected 4 insights for storage
2026-04-25 13:44:27,432 - services.agent_pipeline - INFO - process_query:106 - === STEP 7: INSIGHTS STORAGE ===
2026-04-25 13:44:27,433 - agents.data_agent - INFO - execute_query:122 - Executing SQL query: 
                    INSERT INTO insights (insight_type, message, value, category, created_at) 
                    VALUES (%s, %s, %s, %s, NOW())
                
2026-04-25 13:44:27,433 - agents.data_agent - INFO - execute_query:123 - SQL Query: 
                    INSERT INTO insights (insight_type, message, value, category, created_at) 
                    VALUES (%s, %s, %s, %s, NOW())
                
2026-04-25 13:44:27,440 - agents.data_agent - ERROR - connect_to_mysql:29 - Error connecting to MySQL: 1045 (28000): Access denied for user 'root'@'localhost' (using password: NO)
2026-04-25 13:44:27,441 - agents.data_agent - WARNING - execute_query:129 - Database connection failed, using mock data
2026-04-25 13:44:27,441 - agents.data_agent - INFO - get_mock_data:173 - Using mock data
2026-04-25 13:44:27,441 - agents.data_agent - INFO - execute_query:122 - Executing SQL query: 
                    INSERT INTO insights (insight_type, message, value, category, created_at) 
                    VALUES (%s, %s, %s, %s, NOW())
                
2026-04-25 13:44:27,442 - agents.data_agent - INFO - execute_query:123 - SQL Query: 
                    INSERT INTO insights (insight_type, message, value, category, created_at) 
                    VALUES (%s, %s, %s, %s, NOW())
                
2026-04-25 13:44:27,450 - agents.data_agent - ERROR - connect_to_mysql:29 - Error connecting to MySQL: 1045 (28000): Access denied for user 'root'@'localhost' (using password: NO)
2026-04-25 13:44:27,451 - agents.data_agent - WARNING - execute_query:129 - Database connection failed, using mock data
2026-04-25 13:44:27,451 - agents.data_agent - INFO - get_mock_data:173 - Using mock data
2026-04-25 13:44:27,451 - agents.data_agent - INFO - execute_query:122 - Executing SQL query: 
                    INSERT INTO insights (insight_type, message, value, category, created_at) 
                    VALUES (%s, %s, %s, %s, NOW())
                
2026-04-25 13:44:27,453 - agents.data_agent - INFO - execute_query:123 - SQL Query: 
                    INSERT INTO insights (insight_type, message, value, category, created_at) 
                    VALUES (%s, %s, %s, %s, NOW())
                
2026-04-25 13:44:27,459 - agents.data_agent - ERROR - connect_to_mysql:29 - Error connecting to MySQL: 1045 (28000): Access denied for user 'root'@'localhost' (using password: NO)
2026-04-25 13:44:27,460 - agents.data_agent - WARNING - execute_query:129 - Database connection failed, using mock data
2026-04-25 13:44:27,460 - agents.data_agent - INFO - get_mock_data:173 - Using mock data
2026-04-25 13:44:27,462 - agents.data_agent - INFO - execute_query:122 - Executing SQL query: 
                    INSERT INTO insights (insight_type, message, value, category, created_at) 
                    VALUES (%s, %s, %s, %s, NOW())
                
2026-04-25 13:44:27,462 - agents.data_agent - INFO - execute_query:123 - SQL Query: 
                    INSERT INTO insights (insight_type, message, value, category, created_at) 
                    VALUES (%s, %s, %s, %s, NOW())
                
2026-04-25 13:44:27,468 - agents.data_agent - ERROR - connect_to_mysql:29 - Error connecting to MySQL: 1045 (28000): Access denied for user 'root'@'localhost' (using password: NO)
2026-04-25 13:44:27,470 - agents.data_agent - WARNING - execute_query:129 - Database connection failed, using mock data
2026-04-25 13:44:27,470 - agents.data_agent - INFO - get_mock_data:173 - Using mock data
2026-04-25 13:44:27,471 - services.agent_pipeline - INFO - _store_insights_in_database:183 - Successfully stored 4 insights in database
2026-04-25 13:44:27,471 - services.agent_pipeline - INFO - process_query:113 - Successfully stored 4 insights in database
2026-04-25 13:44:27,472 - services.agent_pipeline - INFO - process_query:132 - === PIPELINE COMPLETED SUCCESSFULLY ===
2026-04-25 13:44:27,472 - services.agent_pipeline - INFO - process_query:133 - Final answer: No significant revenue drop detected
2026-04-25 13:44:27,472 - services.agent_pipeline - INFO - process_query:134 - Total insights: 0
2026-04-25 13:44:27,472 - ai_analytics.main - INFO - query_ai:257 - Successfully processed query through pipeline: Why did sales drop?
2026-04-25 13:48:43,297 - ai_analytics.main - INFO - query_ai:232 - Processing query through multi-agent pipeline: Why did sales drop?
2026-04-25 13:48:43,297 - services.agent_pipeline - INFO - process_query:38 - Starting pipeline processing for question: Why did sales drop?
2026-04-25 13:48:43,298 - services.agent_pipeline - INFO - process_query:49 - === STEP 1: PLANNER AGENT ===
2026-04-25 13:48:43,299 - agents.planner_agent - INFO - plan_query:26 - Planning query: Why did sales drop?
2026-04-25 13:48:43,299 - agents.planner_agent - INFO - plan_query:37 - Detected drop analysis question: Why did sales drop?
2026-04-25 13:48:43,300 - agents.planner_agent - INFO - plan_query:64 - Generated steps: ['get sales data', 'compare time periods', 'find drop percentage']
2026-04-25 13:48:43,300 - services.agent_pipeline - INFO - process_query:54 - Planner generated steps: ['get sales data', 'compare time periods', 'find drop percentage']
2026-04-25 13:48:43,301 - services.agent_pipeline - INFO - process_query:58 - === STEP 2: DATA AGENT ===
2026-04-25 13:48:43,301 - agents.data_agent - INFO - get_data:153 - Getting data for question: Why did sales drop?
2026-04-25 13:48:43,302 - agents.data_agent - INFO - natural_language_to_sql:37 - Converting natural language to SQL: Why did sales drop?
2026-04-25 13:48:43,302 - agents.data_agent - INFO - natural_language_to_sql:38 - Using steps: ['get sales data', 'compare time periods', 'find drop percentage']
2026-04-25 13:48:43,303 - agents.data_agent - INFO - natural_language_to_sql:97 - Generated drop analysis SQL: 
            SELECT 
                DATE_FORMAT(sale_date, '%Y-%m') as month,
                SUM(revenue) as monthly_revenue
            FROM sales 
            WHERE sale_date >= DATE_SUB(CURRENT_DATE, INTERVAL 6 MONTH)
            GROUP BY DATE_FORMAT(sale_date, '%Y-%m')
            ORDER BY month DESC
            
2026-04-25 13:48:43,303 - agents.data_agent - INFO - execute_query:122 - Executing SQL query: 
            SELECT 
                DATE_FORMAT(sale_date, '%Y-%m') as month,
                SUM(revenue) as monthly_revenue
            FROM sales 
            WHERE sale_date >= DATE_SUB(CURRENT_DATE, INTERVAL 6 MONTH)
            GROUP BY DATE_FORMAT(sale_date, '%Y-%m')
            ORDER BY month DESC
            
2026-04-25 13:48:43,304 - agents.data_agent - INFO - execute_query:123 - SQL Query: 
            SELECT 
                DATE_FORMAT(sale_date, '%Y-%m') as month,
                SUM(revenue) as monthly_revenue
            FROM sales 
            WHERE sale_date >= DATE_SUB(CURRENT_DATE, INTERVAL 6 MONTH)
            GROUP BY DATE_FORMAT(sale_date, '%Y-%m')
            ORDER BY month DESC
            
2026-04-25 13:48:43,310 - agents.data_agent - ERROR - connect_to_mysql:29 - Error connecting to MySQL: 1045 (28000): Access denied for user 'root'@'localhost' (using password: NO)
2026-04-25 13:48:43,311 - agents.data_agent - WARNING - execute_query:129 - Database connection failed, using mock data
2026-04-25 13:48:43,312 - agents.data_agent - INFO - get_mock_data:173 - Using mock data
2026-04-25 13:48:43,313 - agents.data_agent - INFO - get_data:162 - Successfully retrieved 10 records
2026-04-25 13:48:43,313 - services.agent_pipeline - INFO - process_query:62 - Data Agent retrieved 10 records
2026-04-25 13:48:43,314 - services.agent_pipeline - INFO - process_query:73 - === STEP 3: ANALYSIS AGENT ===
2026-04-25 13:48:43,314 - agents.analysis_agent - INFO - analyze_data:24 - Analyzing data for question: Why did sales drop?
2026-04-25 13:48:43,315 - agents.analysis_agent - INFO - analyze_data:25 - Using steps: ['get sales data', 'compare time periods', 'find drop percentage']
2026-04-25 13:48:43,315 - agents.analysis_agent - INFO - analyze_data:35 - Created DataFrame with 10 rows and 6 columns
2026-04-25 13:48:43,317 - agents.analysis_agent - INFO - analyze_data:75 - Generated 0 insights
2026-04-25 13:48:43,317 - services.agent_pipeline - INFO - process_query:77 - Analysis Agent generated 0 insights
2026-04-25 13:48:43,318 - services.agent_pipeline - INFO - process_query:81 - === STEP 4: REPORT AGENT ===
2026-04-25 13:48:43,318 - agents.report_agent - INFO - generate_report:21 - Generating human-readable report
2026-04-25 13:48:43,319 - agents.report_agent - INFO - generate_report:38 - Generated report with 0 insights
2026-04-25 13:48:43,319 - services.agent_pipeline - INFO - process_query:85 - Report Agent: Generated human-readable response
2026-04-25 13:48:43,319 - services.agent_pipeline - INFO - process_query:89 - === STEP 5: DASHBOARD DATA AGGREGATION ===
2026-04-25 13:48:43,319 - agents.analysis_agent - INFO - aggregate_dashboard_data:240 - Aggregating dashboard data using pandas
2026-04-25 13:48:43,327 - agents.analysis_agent - INFO - aggregate_dashboard_data:262 - Generated dashboard data: 1 months, 4 regions, 3 products
2026-04-25 13:48:43,328 - services.agent_pipeline - INFO - process_query:93 - Dashboard data aggregated: 1 months, 4 regions, 3 products
2026-04-25 13:48:43,328 - services.agent_pipeline - INFO - process_query:97 - === STEP 6: INSIGHTS DETECTION ===
2026-04-25 13:48:43,329 - agents.analysis_agent - INFO - detect_and_store_insights:345 - Detecting insights for database storage
2026-04-25 13:48:43,332 - agents.analysis_agent - INFO - detect_and_store_insights:424 - Detected 4 insights for database storage
2026-04-25 13:48:43,333 - services.agent_pipeline - INFO - process_query:102 - Detected 4 insights for storage
2026-04-25 13:48:43,333 - services.agent_pipeline - INFO - process_query:106 - === STEP 7: INSIGHTS STORAGE ===
2026-04-25 13:48:43,335 - agents.data_agent - INFO - execute_query:122 - Executing SQL query: 
                    INSERT INTO insights (insight_type, message, value, category, created_at) 
                    VALUES (%s, %s, %s, %s, NOW())
                
2026-04-25 13:48:43,335 - agents.data_agent - INFO - execute_query:123 - SQL Query: 
                    INSERT INTO insights (insight_type, message, value, category, created_at) 
                    VALUES (%s, %s, %s, %s, NOW())
                
2026-04-25 13:48:43,341 - agents.data_agent - ERROR - connect_to_mysql:29 - Error connecting to MySQL: 1045 (28000): Access denied for user 'root'@'localhost' (using password: NO)
2026-04-25 13:48:43,342 - agents.data_agent - WARNING - execute_query:129 - Database connection failed, using mock data
2026-04-25 13:48:43,343 - agents.data_agent - INFO - get_mock_data:173 - Using mock data
2026-04-25 13:48:43,343 - agents.data_agent - INFO - execute_query:122 - Executing SQL query: 
                    INSERT INTO insights (insight_type, message, value, category, created_at) 
                    VALUES (%s, %s, %s, %s, NOW())
                
2026-04-25 13:48:43,344 - agents.data_agent - INFO - execute_query:123 - SQL Query: 
                    INSERT INTO insights (insight_type, message, value, category, created_at) 
                    VALUES (%s, %s, %s, %s, NOW())
                
2026-04-25 13:48:43,350 - agents.data_agent - ERROR - connect_to_mysql:29 - Error connecting to MySQL: 1045 (28000): Access denied for user 'root'@'localhost' (using password: NO)
2026-04-25 13:48:43,351 - agents.data_agent - WARNING - execute_query:129 - Database connection failed, using mock data
2026-04-25 13:48:43,352 - agents.data_agent - INFO - get_mock_data:173 - Using mock data
2026-04-25 13:48:43,352 - agents.data_agent - INFO - execute_query:122 - Executing SQL query: 
                    INSERT INTO insights (insight_type, message, value, category, created_at) 
                    VALUES (%s, %s, %s, %s, NOW())
                
2026-04-25 13:48:43,354 - agents.data_agent - INFO - execute_query:123 - SQL Query: 
                    INSERT INTO insights (insight_type, message, value, category, created_at) 
                    VALUES (%s, %s, %s, %s, NOW())
                
2026-04-25 13:48:43,360 - agents.data_agent - ERROR - connect_to_mysql:29 - Error connecting to MySQL: 1045 (28000): Access denied for user 'root'@'localhost' (using password: NO)
2026-04-25 13:48:43,361 - agents.data_agent - WARNING - execute_query:129 - Database connection failed, using mock data
2026-04-25 13:48:43,361 - agents.data_agent - INFO - get_mock_data:173 - Using mock data
2026-04-25 13:48:43,362 - agents.data_agent - INFO - execute_query:122 - Executing SQL query: 
                    INSERT INTO insights (insight_type, message, value, category, created_at) 
                    VALUES (%s, %s, %s, %s, NOW())
                
2026-04-25 13:48:43,362 - agents.data_agent - INFO - execute_query:123 - SQL Query: 
                    INSERT INTO insights (insight_type, message, value, category, created_at) 
                    VALUES (%s, %s, %s, %s, NOW())
                
2026-04-25 13:48:43,368 - agents.data_agent - ERROR - connect_to_mysql:29 - Error connecting to MySQL: 1045 (28000): Access denied for user 'root'@'localhost' (using password: NO)
2026-04-25 13:48:43,369 - agents.data_agent - WARNING - execute_query:129 - Database connection failed, using mock data
2026-04-25 13:48:43,369 - agents.data_agent - INFO - get_mock_data:173 - Using mock data
2026-04-25 13:48:43,370 - services.agent_pipeline - INFO - _store_insights_in_database:183 - Successfully stored 4 insights in database
2026-04-25 13:48:43,370 - services.agent_pipeline - INFO - process_query:113 - Successfully stored 4 insights in database
2026-04-25 13:48:43,370 - services.agent_pipeline - INFO - process_query:132 - === PIPELINE COMPLETED SUCCESSFULLY ===
2026-04-25 13:48:43,371 - services.agent_pipeline - INFO - process_query:133 - Final answer: No significant revenue drop detected
2026-04-25 13:48:43,371 - services.agent_pipeline - INFO - process_query:134 - Total insights: 0
2026-04-25 13:48:43,372 - ai_analytics.main - INFO - query_ai:257 - Successfully processed query through pipeline: Why did sales drop?
2026-04-25 13:48:45,430 - ai_analytics.main - INFO - get_dashboard_data:288 - Generating dashboard data
2026-04-25 13:48:45,431 - agents.data_agent - INFO - get_data:153 - Getting data for question: get all sales data
2026-04-25 13:48:45,431 - agents.data_agent - INFO - natural_language_to_sql:37 - Converting natural language to SQL: get all sales data
2026-04-25 13:48:45,432 - agents.data_agent - INFO - natural_language_to_sql:38 - Using steps: ['get sales data']
2026-04-25 13:48:45,432 - agents.data_agent - INFO - natural_language_to_sql:114 - Generated default SQL: SELECT * FROM sales ORDER BY sale_date DESC LIMIT 100
2026-04-25 13:48:45,432 - agents.data_agent - INFO - execute_query:122 - Executing SQL query: SELECT * FROM sales ORDER BY sale_date DESC LIMIT 100
2026-04-25 13:48:45,434 - agents.data_agent - INFO - execute_query:123 - SQL Query: SELECT * FROM sales ORDER BY sale_date DESC LIMIT 100
2026-04-25 13:48:45,439 - agents.data_agent - ERROR - connect_to_mysql:29 - Error connecting to MySQL: 1045 (28000): Access denied for user 'root'@'localhost' (using password: NO)
2026-04-25 13:48:45,440 - agents.data_agent - WARNING - execute_query:129 - Database connection failed, using mock data
2026-04-25 13:48:45,441 - agents.data_agent - INFO - get_mock_data:173 - Using mock data
2026-04-25 13:48:45,441 - agents.data_agent - INFO - get_data:162 - Successfully retrieved 10 records
2026-04-25 13:48:45,441 - agents.analysis_agent - INFO - aggregate_dashboard_data:240 - Aggregating dashboard data using pandas
2026-04-25 13:48:45,450 - agents.analysis_agent - INFO - aggregate_dashboard_data:262 - Generated dashboard data: 1 months, 4 regions, 3 products
2026-04-25 13:48:45,451 - ai_analytics.main - INFO - get_dashboard_data:310 - Dashboard data generated: 0 months, 0 regions, 0 products
2026-04-25 13:49:13,442 - ai_analytics.main - INFO - query_ai:232 - Processing query through multi-agent pipeline: Why did sales drop?
2026-04-25 13:49:13,443 - services.agent_pipeline - INFO - process_query:38 - Starting pipeline processing for question: Why did sales drop?
2026-04-25 13:49:13,443 - services.agent_pipeline - INFO - process_query:49 - === STEP 1: PLANNER AGENT ===
2026-04-25 13:49:13,444 - agents.planner_agent - INFO - plan_query:26 - Planning query: Why did sales drop?
2026-04-25 13:49:13,444 - agents.planner_agent - INFO - plan_query:37 - Detected drop analysis question: Why did sales drop?
2026-04-25 13:49:13,444 - agents.planner_agent - INFO - plan_query:64 - Generated steps: ['get sales data', 'compare time periods', 'find drop percentage']
2026-04-25 13:49:13,446 - services.agent_pipeline - INFO - process_query:54 - Planner generated steps: ['get sales data', 'compare time periods', 'find drop percentage']
2026-04-25 13:49:13,446 - services.agent_pipeline - INFO - process_query:58 - === STEP 2: DATA AGENT ===
2026-04-25 13:49:13,447 - agents.data_agent - INFO - get_data:153 - Getting data for question: Why did sales drop?
2026-04-25 13:49:13,447 - agents.data_agent - INFO - natural_language_to_sql:37 - Converting natural language to SQL: Why did sales drop?
2026-04-25 13:49:13,447 - agents.data_agent - INFO - natural_language_to_sql:38 - Using steps: ['get sales data', 'compare time periods', 'find drop percentage']
2026-04-25 13:49:13,447 - agents.data_agent - INFO - natural_language_to_sql:97 - Generated drop analysis SQL: 
            SELECT 
                DATE_FORMAT(sale_date, '%Y-%m') as month,
                SUM(revenue) as monthly_revenue
            FROM sales 
            WHERE sale_date >= DATE_SUB(CURRENT_DATE, INTERVAL 6 MONTH)
            GROUP BY DATE_FORMAT(sale_date, '%Y-%m')
            ORDER BY month DESC
            
2026-04-25 13:49:13,447 - agents.data_agent - INFO - execute_query:122 - Executing SQL query: 
            SELECT 
                DATE_FORMAT(sale_date, '%Y-%m') as month,
                SUM(revenue) as monthly_revenue
            FROM sales 
            WHERE sale_date >= DATE_SUB(CURRENT_DATE, INTERVAL 6 MONTH)
            GROUP BY DATE_FORMAT(sale_date, '%Y-%m')
            ORDER BY month DESC
            
2026-04-25 13:49:13,449 - agents.data_agent - INFO - execute_query:123 - SQL Query: 
            SELECT 
                DATE_FORMAT(sale_date, '%Y-%m') as month,
                SUM(revenue) as monthly_revenue
            FROM sales 
            WHERE sale_date >= DATE_SUB(CURRENT_DATE, INTERVAL 6 MONTH)
            GROUP BY DATE_FORMAT(sale_date, '%Y-%m')
            ORDER BY month DESC
            
2026-04-25 13:49:13,494 - agents.data_agent - ERROR - connect_to_mysql:29 - Error connecting to MySQL: 1045 (28000): Access denied for user 'root'@'localhost' (using password: NO)
2026-04-25 13:49:13,495 - agents.data_agent - WARNING - execute_query:129 - Database connection failed, using mock data
2026-04-25 13:49:13,496 - agents.data_agent - INFO - get_mock_data:173 - Using enhanced mock data with variations
2026-04-25 13:49:13,496 - agents.data_agent - INFO - get_data:162 - Successfully retrieved 15 records
2026-04-25 13:49:13,496 - services.agent_pipeline - INFO - process_query:62 - Data Agent retrieved 15 records
2026-04-25 13:49:13,497 - services.agent_pipeline - INFO - process_query:73 - === STEP 3: ANALYSIS AGENT ===
2026-04-25 13:49:13,497 - agents.analysis_agent - INFO - analyze_data:24 - Analyzing data for question: Why did sales drop?
2026-04-25 13:49:13,497 - agents.analysis_agent - INFO - analyze_data:25 - Using steps: ['get sales data', 'compare time periods', 'find drop percentage']
2026-04-25 13:49:13,499 - agents.analysis_agent - INFO - analyze_data:35 - Created DataFrame with 15 rows and 6 columns
2026-04-25 13:49:13,502 - agents.analysis_agent - INFO - analyze_data:75 - Generated 0 insights
2026-04-25 13:49:13,507 - services.agent_pipeline - INFO - process_query:77 - Analysis Agent generated 0 insights
2026-04-25 13:49:13,508 - services.agent_pipeline - INFO - process_query:81 - === STEP 4: REPORT AGENT ===
2026-04-25 13:49:13,508 - agents.report_agent - INFO - generate_report:21 - Generating human-readable report
2026-04-25 13:49:13,509 - agents.report_agent - INFO - generate_report:38 - Generated report with 0 insights
2026-04-25 13:49:13,510 - services.agent_pipeline - INFO - process_query:85 - Report Agent: Generated human-readable response
2026-04-25 13:49:13,510 - services.agent_pipeline - INFO - process_query:89 - === STEP 5: DASHBOARD DATA AGGREGATION ===
2026-04-25 13:49:13,510 - agents.analysis_agent - INFO - aggregate_dashboard_data:240 - Aggregating dashboard data using pandas
2026-04-25 13:49:13,525 - agents.analysis_agent - INFO - aggregate_dashboard_data:262 - Generated dashboard data: 1 months, 4 regions, 3 products
2026-04-25 13:49:13,526 - services.agent_pipeline - INFO - process_query:93 - Dashboard data aggregated: 1 months, 4 regions, 3 products
2026-04-25 13:49:13,526 - services.agent_pipeline - INFO - process_query:97 - === STEP 6: INSIGHTS DETECTION ===
2026-04-25 13:49:13,528 - agents.analysis_agent - INFO - detect_and_store_insights:345 - Detecting insights for database storage
2026-04-25 13:49:13,530 - agents.analysis_agent - INFO - detect_and_store_insights:424 - Detected 4 insights for database storage
2026-04-25 13:49:13,532 - services.agent_pipeline - INFO - process_query:102 - Detected 4 insights for storage
2026-04-25 13:49:13,532 - services.agent_pipeline - INFO - process_query:106 - === STEP 7: INSIGHTS STORAGE ===
2026-04-25 13:49:13,533 - agents.data_agent - INFO - execute_query:122 - Executing SQL query: 
                    INSERT INTO insights (insight_type, message, value, category, created_at) 
                    VALUES (%s, %s, %s, %s, NOW())
                
2026-04-25 13:49:13,533 - agents.data_agent - INFO - execute_query:123 - SQL Query: 
                    INSERT INTO insights (insight_type, message, value, category, created_at) 
                    VALUES (%s, %s, %s, %s, NOW())
                
2026-04-25 13:49:13,538 - agents.data_agent - ERROR - connect_to_mysql:29 - Error connecting to MySQL: 1045 (28000): Access denied for user 'root'@'localhost' (using password: NO)
2026-04-25 13:49:13,539 - agents.data_agent - WARNING - execute_query:129 - Database connection failed, using mock data
2026-04-25 13:49:13,539 - agents.data_agent - INFO - get_mock_data:173 - Using enhanced mock data with variations
2026-04-25 13:49:13,541 - agents.data_agent - INFO - execute_query:122 - Executing SQL query: 
                    INSERT INTO insights (insight_type, message, value, category, created_at) 
                    VALUES (%s, %s, %s, %s, NOW())
                
2026-04-25 13:49:13,542 - agents.data_agent - INFO - execute_query:123 - SQL Query: 
                    INSERT INTO insights (insight_type, message, value, category, created_at) 
                    VALUES (%s, %s, %s, %s, NOW())
                
2026-04-25 13:49:13,547 - agents.data_agent - ERROR - connect_to_mysql:29 - Error connecting to MySQL: 1045 (28000): Access denied for user 'root'@'localhost' (using password: NO)
2026-04-25 13:49:13,548 - agents.data_agent - WARNING - execute_query:129 - Database connection failed, using mock data
2026-04-25 13:49:13,550 - agents.data_agent - INFO - get_mock_data:173 - Using enhanced mock data with variations
2026-04-25 13:49:13,550 - agents.data_agent - INFO - execute_query:122 - Executing SQL query: 
                    INSERT INTO insights (insight_type, message, value, category, created_at) 
                    VALUES (%s, %s, %s, %s, NOW())
                
2026-04-25 13:49:13,550 - agents.data_agent - INFO - execute_query:123 - SQL Query: 
                    INSERT INTO insights (insight_type, message, value, category, created_at) 
                    VALUES (%s, %s, %s, %s, NOW())
                
2026-04-25 13:49:13,555 - agents.data_agent - ERROR - connect_to_mysql:29 - Error connecting to MySQL: 1045 (28000): Access denied for user 'root'@'localhost' (using password: NO)
2026-04-25 13:49:13,556 - agents.data_agent - WARNING - execute_query:129 - Database connection failed, using mock data
2026-04-25 13:49:13,556 - agents.data_agent - INFO - get_mock_data:173 - Using enhanced mock data with variations
2026-04-25 13:49:13,558 - agents.data_agent - INFO - execute_query:122 - Executing SQL query: 
                    INSERT INTO insights (insight_type, message, value, category, created_at) 
                    VALUES (%s, %s, %s, %s, NOW())
                
2026-04-25 13:49:13,558 - agents.data_agent - INFO - execute_query:123 - SQL Query: 
                    INSERT INTO insights (insight_type, message, value, category, created_at) 
                    VALUES (%s, %s, %s, %s, NOW())
                
2026-04-25 13:49:13,563 - agents.data_agent - ERROR - connect_to_mysql:29 - Error connecting to MySQL: 1045 (28000): Access denied for user 'root'@'localhost' (using password: NO)
2026-04-25 13:49:13,564 - agents.data_agent - WARNING - execute_query:129 - Database connection failed, using mock data
2026-04-25 13:49:13,564 - agents.data_agent - INFO - get_mock_data:173 - Using enhanced mock data with variations
2026-04-25 13:49:13,566 - services.agent_pipeline - INFO - _store_insights_in_database:183 - Successfully stored 4 insights in database
2026-04-25 13:49:13,566 - services.agent_pipeline - INFO - process_query:113 - Successfully stored 4 insights in database
2026-04-25 13:49:13,567 - services.agent_pipeline - INFO - process_query:132 - === PIPELINE COMPLETED SUCCESSFULLY ===
2026-04-25 13:49:13,567 - services.agent_pipeline - INFO - process_query:133 - Final answer: No significant revenue drop detected
2026-04-25 13:49:13,567 - services.agent_pipeline - INFO - process_query:134 - Total insights: 0
2026-04-25 13:49:13,567 - ai_analytics.main - INFO - query_ai:257 - Successfully processed query through pipeline: Why did sales drop?
2026-04-25 13:49:15,607 - ai_analytics.main - INFO - query_ai:232 - Processing query through multi-agent pipeline: What are total sales?
2026-04-25 13:49:15,607 - services.agent_pipeline - INFO - process_query:38 - Starting pipeline processing for question: What are total sales?
2026-04-25 13:49:15,607 - services.agent_pipeline - INFO - process_query:49 - === STEP 1: PLANNER AGENT ===
2026-04-25 13:49:15,608 - agents.planner_agent - INFO - plan_query:26 - Planning query: What are total sales?
2026-04-25 13:49:15,608 - agents.planner_agent - INFO - plan_query:41 - Detected total calculation question: What are total sales?
2026-04-25 13:49:15,609 - agents.planner_agent - INFO - plan_query:64 - Generated steps: ['get sales data', 'calculate total']
2026-04-25 13:49:15,609 - services.agent_pipeline - INFO - process_query:54 - Planner generated steps: ['get sales data', 'calculate total']
2026-04-25 13:49:15,609 - services.agent_pipeline - INFO - process_query:58 - === STEP 2: DATA AGENT ===
2026-04-25 13:49:15,611 - agents.data_agent - INFO - get_data:153 - Getting data for question: What are total sales?
2026-04-25 13:49:15,611 - agents.data_agent - INFO - natural_language_to_sql:37 - Converting natural language to SQL: What are total sales?
2026-04-25 13:49:15,611 - agents.data_agent - INFO - natural_language_to_sql:38 - Using steps: ['get sales data', 'calculate total']
2026-04-25 13:49:15,612 - agents.data_agent - INFO - natural_language_to_sql:45 - Generated total sales SQL: SELECT SUM(revenue) as total_sales, COUNT(*) as total_transactions FROM sales
2026-04-25 13:49:15,612 - agents.data_agent - INFO - execute_query:122 - Executing SQL query: SELECT SUM(revenue) as total_sales, COUNT(*) as total_transactions FROM sales
2026-04-25 13:49:15,613 - agents.data_agent - INFO - execute_query:123 - SQL Query: SELECT SUM(revenue) as total_sales, COUNT(*) as total_transactions FROM sales
2026-04-25 13:49:15,619 - agents.data_agent - ERROR - connect_to_mysql:29 - Error connecting to MySQL: 1045 (28000): Access denied for user 'root'@'localhost' (using password: NO)
2026-04-25 13:49:15,620 - agents.data_agent - WARNING - execute_query:129 - Database connection failed, using mock data
2026-04-25 13:49:15,620 - agents.data_agent - INFO - get_mock_data:173 - Using enhanced mock data with variations
2026-04-25 13:49:15,621 - agents.data_agent - INFO - get_data:162 - Successfully retrieved 15 records
2026-04-25 13:49:15,621 - services.agent_pipeline - INFO - process_query:62 - Data Agent retrieved 15 records
2026-04-25 13:49:15,622 - services.agent_pipeline - INFO - process_query:73 - === STEP 3: ANALYSIS AGENT ===
2026-04-25 13:49:15,622 - agents.analysis_agent - INFO - analyze_data:24 - Analyzing data for question: What are total sales?
2026-04-25 13:49:15,622 - agents.analysis_agent - INFO - analyze_data:25 - Using steps: ['get sales data', 'calculate total']
2026-04-25 13:49:15,623 - agents.analysis_agent - INFO - analyze_data:35 - Created DataFrame with 15 rows and 6 columns
2026-04-25 13:49:15,626 - agents.analysis_agent - INFO - analyze_data:75 - Generated 3 insights
2026-04-25 13:49:15,626 - services.agent_pipeline - INFO - process_query:77 - Analysis Agent generated 3 insights
2026-04-25 13:49:15,627 - services.agent_pipeline - INFO - process_query:81 - === STEP 4: REPORT AGENT ===
2026-04-25 13:49:15,627 - agents.report_agent - INFO - generate_report:21 - Generating human-readable report
2026-04-25 13:49:15,628 - agents.report_agent - INFO - generate_report:38 - Generated report with 3 insights
2026-04-25 13:49:15,628 - services.agent_pipeline - INFO - process_query:85 - Report Agent: Generated human-readable response
2026-04-25 13:49:15,629 - services.agent_pipeline - INFO - process_query:89 - === STEP 5: DASHBOARD DATA AGGREGATION ===
2026-04-25 13:49:15,629 - agents.analysis_agent - INFO - aggregate_dashboard_data:240 - Aggregating dashboard data using pandas
2026-04-25 13:49:15,636 - agents.analysis_agent - INFO - aggregate_dashboard_data:262 - Generated dashboard data: 1 months, 4 regions, 3 products
2026-04-25 13:49:15,637 - services.agent_pipeline - INFO - process_query:93 - Dashboard data aggregated: 1 months, 4 regions, 3 products
2026-04-25 13:49:15,637 - services.agent_pipeline - INFO - process_query:97 - === STEP 6: INSIGHTS DETECTION ===
2026-04-25 13:49:15,639 - agents.analysis_agent - INFO - detect_and_store_insights:345 - Detecting insights for database storage
2026-04-25 13:49:15,644 - agents.analysis_agent - INFO - detect_and_store_insights:424 - Detected 4 insights for database storage
2026-04-25 13:49:15,644 - services.agent_pipeline - INFO - process_query:102 - Detected 4 insights for storage
2026-04-25 13:49:15,645 - services.agent_pipeline - INFO - process_query:106 - === STEP 7: INSIGHTS STORAGE ===
2026-04-25 13:49:15,645 - agents.data_agent - INFO - execute_query:122 - Executing SQL query: 
                    INSERT INTO insights (insight_type, message, value, category, created_at) 
                    VALUES (%s, %s, %s, %s, NOW())
                
2026-04-25 13:49:15,646 - agents.data_agent - INFO - execute_query:123 - SQL Query: 
                    INSERT INTO insights (insight_type, message, value, category, created_at) 
                    VALUES (%s, %s, %s, %s, NOW())
                
2026-04-25 13:49:15,652 - agents.data_agent - ERROR - connect_to_mysql:29 - Error connecting to MySQL: 1045 (28000): Access denied for user 'root'@'localhost' (using password: NO)
2026-04-25 13:49:15,654 - agents.data_agent - WARNING - execute_query:129 - Database connection failed, using mock data
2026-04-25 13:49:15,654 - agents.data_agent - INFO - get_mock_data:173 - Using enhanced mock data with variations
2026-04-25 13:49:15,655 - agents.data_agent - INFO - execute_query:122 - Executing SQL query: 
                    INSERT INTO insights (insight_type, message, value, category, created_at) 
                    VALUES (%s, %s, %s, %s, NOW())
                
2026-04-25 13:49:15,655 - agents.data_agent - INFO - execute_query:123 - SQL Query: 
                    INSERT INTO insights (insight_type, message, value, category, created_at) 
                    VALUES (%s, %s, %s, %s, NOW())
                
2026-04-25 13:49:15,660 - agents.data_agent - ERROR - connect_to_mysql:29 - Error connecting to MySQL: 1045 (28000): Access denied for user 'root'@'localhost' (using password: NO)
2026-04-25 13:49:15,662 - agents.data_agent - WARNING - execute_query:129 - Database connection failed, using mock data
2026-04-25 13:49:15,662 - agents.data_agent - INFO - get_mock_data:173 - Using enhanced mock data with variations
2026-04-25 13:49:15,663 - agents.data_agent - INFO - execute_query:122 - Executing SQL query: 
                    INSERT INTO insights (insight_type, message, value, category, created_at) 
                    VALUES (%s, %s, %s, %s, NOW())
                
2026-04-25 13:49:15,663 - agents.data_agent - INFO - execute_query:123 - SQL Query: 
                    INSERT INTO insights (insight_type, message, value, category, created_at) 
                    VALUES (%s, %s, %s, %s, NOW())
                
2026-04-25 13:49:15,669 - agents.data_agent - ERROR - connect_to_mysql:29 - Error connecting to MySQL: 1045 (28000): Access denied for user 'root'@'localhost' (using password: NO)
2026-04-25 13:49:15,669 - agents.data_agent - WARNING - execute_query:129 - Database connection failed, using mock data
2026-04-25 13:49:15,670 - agents.data_agent - INFO - get_mock_data:173 - Using enhanced mock data with variations
2026-04-25 13:49:15,671 - agents.data_agent - INFO - execute_query:122 - Executing SQL query: 
                    INSERT INTO insights (insight_type, message, value, category, created_at) 
                    VALUES (%s, %s, %s, %s, NOW())
                
2026-04-25 13:49:15,671 - agents.data_agent - INFO - execute_query:123 - SQL Query: 
                    INSERT INTO insights (insight_type, message, value, category, created_at) 
                    VALUES (%s, %s, %s, %s, NOW())
                
2026-04-25 13:49:15,677 - agents.data_agent - ERROR - connect_to_mysql:29 - Error connecting to MySQL: 1045 (28000): Access denied for user 'root'@'localhost' (using password: NO)
2026-04-25 13:49:15,679 - agents.data_agent - WARNING - execute_query:129 - Database connection failed, using mock data
2026-04-25 13:49:15,679 - agents.data_agent - INFO - get_mock_data:173 - Using enhanced mock data with variations
2026-04-25 13:49:15,679 - services.agent_pipeline - INFO - _store_insights_in_database:183 - Successfully stored 4 insights in database
2026-04-25 13:49:15,680 - services.agent_pipeline - INFO - process_query:113 - Successfully stored 4 insights in database
2026-04-25 13:49:15,680 - services.agent_pipeline - INFO - process_query:132 - === PIPELINE COMPLETED SUCCESSFULLY ===
2026-04-25 13:49:15,680 - services.agent_pipeline - INFO - process_query:133 - Final answer: Total revenue is $982,000.00 Based on the analysis, I found 3 key insights about your sales data.
2026-04-25 13:49:15,682 - services.agent_pipeline - INFO - process_query:134 - Total insights: 3
2026-04-25 13:49:15,682 - ai_analytics.main - INFO - query_ai:257 - Successfully processed query through pipeline: What are total sales?
2026-04-25 13:49:17,741 - ai_analytics.main - INFO - query_ai:232 - Processing query through multi-agent pipeline: Which region performed best?
2026-04-25 13:49:17,741 - services.agent_pipeline - INFO - process_query:38 - Starting pipeline processing for question: Which region performed best?
2026-04-25 13:49:17,742 - services.agent_pipeline - INFO - process_query:49 - === STEP 1: PLANNER AGENT ===
2026-04-25 13:49:17,742 - agents.planner_agent - INFO - plan_query:26 - Planning query: Which region performed best?
2026-04-25 13:49:17,743 - agents.planner_agent - INFO - plan_query:49 - Detected regional analysis question: Which region performed best?
2026-04-25 13:49:17,743 - agents.planner_agent - INFO - plan_query:64 - Generated steps: ['get sales data', 'group by region', 'find best performer']
2026-04-25 13:49:17,743 - services.agent_pipeline - INFO - process_query:54 - Planner generated steps: ['get sales data', 'group by region', 'find best performer']
2026-04-25 13:49:17,744 - services.agent_pipeline - INFO - process_query:58 - === STEP 2: DATA AGENT ===
2026-04-25 13:49:17,744 - agents.data_agent - INFO - get_data:153 - Getting data for question: Which region performed best?
2026-04-25 13:49:17,744 - agents.data_agent - INFO - natural_language_to_sql:37 - Converting natural language to SQL: Which region performed best?
2026-04-25 13:49:17,746 - agents.data_agent - INFO - natural_language_to_sql:38 - Using steps: ['get sales data', 'group by region', 'find best performer']
2026-04-25 13:49:17,746 - agents.data_agent - INFO - natural_language_to_sql:67 - Generated regional analysis SQL: 
                SELECT region, SUM(revenue) as total_revenue 
                FROM sales 
                GROUP BY region 
                ORDER BY total_revenue DESC 
                LIMIT 1
                
2026-04-25 13:49:17,746 - agents.data_agent - INFO - execute_query:122 - Executing SQL query: 
                SELECT region, SUM(revenue) as total_revenue 
                FROM sales 
                GROUP BY region 
                ORDER BY total_revenue DESC 
                LIMIT 1
                
2026-04-25 13:49:17,747 - agents.data_agent - INFO - execute_query:123 - SQL Query: 
                SELECT region, SUM(revenue) as total_revenue 
                FROM sales 
                GROUP BY region 
                ORDER BY total_revenue DESC 
                LIMIT 1
                
2026-04-25 13:49:17,752 - agents.data_agent - ERROR - connect_to_mysql:29 - Error connecting to MySQL: 1045 (28000): Access denied for user 'root'@'localhost' (using password: NO)
2026-04-25 13:49:17,753 - agents.data_agent - WARNING - execute_query:129 - Database connection failed, using mock data
2026-04-25 13:49:17,754 - agents.data_agent - INFO - get_mock_data:173 - Using enhanced mock data with variations
2026-04-25 13:49:17,754 - agents.data_agent - INFO - get_data:162 - Successfully retrieved 15 records
2026-04-25 13:49:17,754 - services.agent_pipeline - INFO - process_query:62 - Data Agent retrieved 15 records
2026-04-25 13:49:17,754 - services.agent_pipeline - INFO - process_query:73 - === STEP 3: ANALYSIS AGENT ===
2026-04-25 13:49:17,756 - agents.analysis_agent - INFO - analyze_data:24 - Analyzing data for question: Which region performed best?
2026-04-25 13:49:17,756 - agents.analysis_agent - INFO - analyze_data:25 - Using steps: ['get sales data', 'group by region', 'find best performer']
2026-04-25 13:49:17,758 - agents.analysis_agent - INFO - analyze_data:35 - Created DataFrame with 15 rows and 6 columns
2026-04-25 13:49:17,763 - agents.analysis_agent - INFO - analyze_data:75 - Generated 3 insights
2026-04-25 13:49:17,763 - services.agent_pipeline - INFO - process_query:77 - Analysis Agent generated 3 insights
2026-04-25 13:49:17,764 - services.agent_pipeline - INFO - process_query:81 - === STEP 4: REPORT AGENT ===
2026-04-25 13:49:17,764 - agents.report_agent - INFO - generate_report:21 - Generating human-readable report
2026-04-25 13:49:17,765 - agents.report_agent - INFO - generate_report:38 - Generated report with 3 insights
2026-04-25 13:49:17,765 - services.agent_pipeline - INFO - process_query:85 - Report Agent: Generated human-readable response
2026-04-25 13:49:17,765 - services.agent_pipeline - INFO - process_query:89 - === STEP 5: DASHBOARD DATA AGGREGATION ===
2026-04-25 13:49:17,766 - agents.analysis_agent - INFO - aggregate_dashboard_data:240 - Aggregating dashboard data using pandas
2026-04-25 13:49:17,773 - agents.analysis_agent - INFO - aggregate_dashboard_data:262 - Generated dashboard data: 1 months, 4 regions, 3 products
2026-04-25 13:49:17,773 - services.agent_pipeline - INFO - process_query:93 - Dashboard data aggregated: 1 months, 4 regions, 3 products
2026-04-25 13:49:17,775 - services.agent_pipeline - INFO - process_query:97 - === STEP 6: INSIGHTS DETECTION ===
2026-04-25 13:49:17,775 - agents.analysis_agent - INFO - detect_and_store_insights:345 - Detecting insights for database storage
2026-04-25 13:49:17,778 - agents.analysis_agent - INFO - detect_and_store_insights:424 - Detected 4 insights for database storage
2026-04-25 13:49:17,779 - services.agent_pipeline - INFO - process_query:102 - Detected 4 insights for storage
2026-04-25 13:49:17,780 - services.agent_pipeline - INFO - process_query:106 - === STEP 7: INSIGHTS STORAGE ===
2026-04-25 13:49:17,780 - agents.data_agent - INFO - execute_query:122 - Executing SQL query: 
                    INSERT INTO insights (insight_type, message, value, category, created_at) 
                    VALUES (%s, %s, %s, %s, NOW())
                
2026-04-25 13:49:17,780 - agents.data_agent - INFO - execute_query:123 - SQL Query: 
                    INSERT INTO insights (insight_type, message, value, category, created_at) 
                    VALUES (%s, %s, %s, %s, NOW())
                
2026-04-25 13:49:17,787 - agents.data_agent - ERROR - connect_to_mysql:29 - Error connecting to MySQL: 1045 (28000): Access denied for user 'root'@'localhost' (using password: NO)
2026-04-25 13:49:17,788 - agents.data_agent - WARNING - execute_query:129 - Database connection failed, using mock data
2026-04-25 13:49:17,788 - agents.data_agent - INFO - get_mock_data:173 - Using enhanced mock data with variations
2026-04-25 13:49:17,789 - agents.data_agent - INFO - execute_query:122 - Executing SQL query: 
                    INSERT INTO insights (insight_type, message, value, category, created_at) 
                    VALUES (%s, %s, %s, %s, NOW())
                
2026-04-25 13:49:17,789 - agents.data_agent - INFO - execute_query:123 - SQL Query: 
                    INSERT INTO insights (insight_type, message, value, category, created_at) 
                    VALUES (%s, %s, %s, %s, NOW())
                
2026-04-25 13:49:17,795 - agents.data_agent - ERROR - connect_to_mysql:29 - Error connecting to MySQL: 1045 (28000): Access denied for user 'root'@'localhost' (using password: NO)
2026-04-25 13:49:17,795 - agents.data_agent - WARNING - execute_query:129 - Database connection failed, using mock data
2026-04-25 13:49:17,796 - agents.data_agent - INFO - get_mock_data:173 - Using enhanced mock data with variations
2026-04-25 13:49:17,797 - agents.data_agent - INFO - execute_query:122 - Executing SQL query: 
                    INSERT INTO insights (insight_type, message, value, category, created_at) 
                    VALUES (%s, %s, %s, %s, NOW())
                
2026-04-25 13:49:17,797 - agents.data_agent - INFO - execute_query:123 - SQL Query: 
                    INSERT INTO insights (insight_type, message, value, category, created_at) 
                    VALUES (%s, %s, %s, %s, NOW())
                
2026-04-25 13:49:17,803 - agents.data_agent - ERROR - connect_to_mysql:29 - Error connecting to MySQL: 1045 (28000): Access denied for user 'root'@'localhost' (using password: NO)
2026-04-25 13:49:17,804 - agents.data_agent - WARNING - execute_query:129 - Database connection failed, using mock data
2026-04-25 13:49:17,804 - agents.data_agent - INFO - get_mock_data:173 - Using enhanced mock data with variations
2026-04-25 13:49:17,804 - agents.data_agent - INFO - execute_query:122 - Executing SQL query: 
                    INSERT INTO insights (insight_type, message, value, category, created_at) 
                    VALUES (%s, %s, %s, %s, NOW())
                
2026-04-25 13:49:17,806 - agents.data_agent - INFO - execute_query:123 - SQL Query: 
                    INSERT INTO insights (insight_type, message, value, category, created_at) 
                    VALUES (%s, %s, %s, %s, NOW())
                
2026-04-25 13:49:17,811 - agents.data_agent - ERROR - connect_to_mysql:29 - Error connecting to MySQL: 1045 (28000): Access denied for user 'root'@'localhost' (using password: NO)
2026-04-25 13:49:17,812 - agents.data_agent - WARNING - execute_query:129 - Database connection failed, using mock data
2026-04-25 13:49:17,813 - agents.data_agent - INFO - get_mock_data:173 - Using enhanced mock data with variations
2026-04-25 13:49:17,813 - services.agent_pipeline - INFO - _store_insights_in_database:183 - Successfully stored 4 insights in database
2026-04-25 13:49:17,813 - services.agent_pipeline - INFO - process_query:113 - Successfully stored 4 insights in database
2026-04-25 13:49:17,814 - services.agent_pipeline - INFO - process_query:132 - === PIPELINE COMPLETED SUCCESSFULLY ===
2026-04-25 13:49:17,814 - services.agent_pipeline - INFO - process_query:133 - Final answer: The top performing region is North I also analyzed 3 different aspects to give you a complete picture.
2026-04-25 13:49:17,815 - services.agent_pipeline - INFO - process_query:134 - Total insights: 3
2026-04-25 13:49:17,815 - ai_analytics.main - INFO - query_ai:257 - Successfully processed query through pipeline: Which region performed best?
2026-04-25 13:49:19,888 - ai_analytics.main - INFO - query_ai:232 - Processing query through multi-agent pipeline: What are the best selling products?
2026-04-25 13:49:19,888 - services.agent_pipeline - INFO - process_query:38 - Starting pipeline processing for question: What are the best selling products?
2026-04-25 13:49:19,889 - services.agent_pipeline - INFO - process_query:49 - === STEP 1: PLANNER AGENT ===
2026-04-25 13:49:19,889 - agents.planner_agent - INFO - plan_query:26 - Planning query: What are the best selling products?
2026-04-25 13:49:19,889 - agents.planner_agent - INFO - plan_query:53 - Detected product analysis question: What are the best selling products?
2026-04-25 13:49:19,891 - agents.planner_agent - INFO - plan_query:64 - Generated steps: ['get sales data', 'group by product', 'find top performer']
2026-04-25 13:49:19,891 - services.agent_pipeline - INFO - process_query:54 - Planner generated steps: ['get sales data', 'group by product', 'find top performer']
2026-04-25 13:49:19,891 - services.agent_pipeline - INFO - process_query:58 - === STEP 2: DATA AGENT ===
2026-04-25 13:49:19,892 - agents.data_agent - INFO - get_data:153 - Getting data for question: What are the best selling products?
2026-04-25 13:49:19,892 - agents.data_agent - INFO - natural_language_to_sql:37 - Converting natural language to SQL: What are the best selling products?
2026-04-25 13:49:19,893 - agents.data_agent - INFO - natural_language_to_sql:38 - Using steps: ['get sales data', 'group by product', 'find top performer']
2026-04-25 13:49:19,893 - agents.data_agent - INFO - natural_language_to_sql:85 - Generated product analysis SQL: 
                SELECT product, SUM(revenue) as total_revenue 
                FROM sales 
                GROUP BY product 
                ORDER BY total_revenue DESC 
                LIMIT 1
                
2026-04-25 13:49:19,893 - agents.data_agent - INFO - execute_query:122 - Executing SQL query: 
                SELECT product, SUM(revenue) as total_revenue 
                FROM sales 
                GROUP BY product 
                ORDER BY total_revenue DESC 
                LIMIT 1
                
2026-04-25 13:49:19,895 - agents.data_agent - INFO - execute_query:123 - SQL Query: 
                SELECT product, SUM(revenue) as total_revenue 
                FROM sales 
                GROUP BY product 
                ORDER BY total_revenue DESC 
                LIMIT 1
                
2026-04-25 13:49:19,899 - agents.data_agent - ERROR - connect_to_mysql:29 - Error connecting to MySQL: 1045 (28000): Access denied for user 'root'@'localhost' (using password: NO)
2026-04-25 13:49:19,900 - agents.data_agent - WARNING - execute_query:129 - Database connection failed, using mock data
2026-04-25 13:49:19,901 - agents.data_agent - INFO - get_mock_data:173 - Using enhanced mock data with variations
2026-04-25 13:49:19,901 - agents.data_agent - INFO - get_data:162 - Successfully retrieved 15 records
2026-04-25 13:49:19,903 - services.agent_pipeline - INFO - process_query:62 - Data Agent retrieved 15 records
2026-04-25 13:49:19,903 - services.agent_pipeline - INFO - process_query:73 - === STEP 3: ANALYSIS AGENT ===
2026-04-25 13:49:19,903 - agents.analysis_agent - INFO - analyze_data:24 - Analyzing data for question: What are the best selling products?
2026-04-25 13:49:19,904 - agents.analysis_agent - INFO - analyze_data:25 - Using steps: ['get sales data', 'group by product', 'find top performer']
2026-04-25 13:49:19,904 - agents.analysis_agent - INFO - analyze_data:35 - Created DataFrame with 15 rows and 6 columns
2026-04-25 13:49:19,907 - agents.analysis_agent - INFO - analyze_data:75 - Generated 3 insights
2026-04-25 13:49:19,907 - services.agent_pipeline - INFO - process_query:77 - Analysis Agent generated 3 insights
2026-04-25 13:49:19,908 - services.agent_pipeline - INFO - process_query:81 - === STEP 4: REPORT AGENT ===
2026-04-25 13:49:19,908 - agents.report_agent - INFO - generate_report:21 - Generating human-readable report
2026-04-25 13:49:19,908 - agents.report_agent - INFO - generate_report:38 - Generated report with 3 insights
2026-04-25 13:49:19,909 - services.agent_pipeline - INFO - process_query:85 - Report Agent: Generated human-readable response
2026-04-25 13:49:19,909 - services.agent_pipeline - INFO - process_query:89 - === STEP 5: DASHBOARD DATA AGGREGATION ===
2026-04-25 13:49:19,909 - agents.analysis_agent - INFO - aggregate_dashboard_data:240 - Aggregating dashboard data using pandas
2026-04-25 13:49:19,916 - agents.analysis_agent - INFO - aggregate_dashboard_data:262 - Generated dashboard data: 1 months, 4 regions, 3 products
2026-04-25 13:49:19,917 - services.agent_pipeline - INFO - process_query:93 - Dashboard data aggregated: 1 months, 4 regions, 3 products
2026-04-25 13:49:19,917 - services.agent_pipeline - INFO - process_query:97 - === STEP 6: INSIGHTS DETECTION ===
2026-04-25 13:49:19,919 - agents.analysis_agent - INFO - detect_and_store_insights:345 - Detecting insights for database storage
2026-04-25 13:49:19,922 - agents.analysis_agent - INFO - detect_and_store_insights:424 - Detected 4 insights for database storage
2026-04-25 13:49:19,922 - services.agent_pipeline - INFO - process_query:102 - Detected 4 insights for storage
2026-04-25 13:49:19,922 - services.agent_pipeline - INFO - process_query:106 - === STEP 7: INSIGHTS STORAGE ===
2026-04-25 13:49:19,924 - agents.data_agent - INFO - execute_query:122 - Executing SQL query: 
                    INSERT INTO insights (insight_type, message, value, category, created_at) 
                    VALUES (%s, %s, %s, %s, NOW())
                
2026-04-25 13:49:19,924 - agents.data_agent - INFO - execute_query:123 - SQL Query: 
                    INSERT INTO insights (insight_type, message, value, category, created_at) 
                    VALUES (%s, %s, %s, %s, NOW())
                
2026-04-25 13:49:19,929 - agents.data_agent - ERROR - connect_to_mysql:29 - Error connecting to MySQL: 1045 (28000): Access denied for user 'root'@'localhost' (using password: NO)
2026-04-25 13:49:19,930 - agents.data_agent - WARNING - execute_query:129 - Database connection failed, using mock data
2026-04-25 13:49:19,931 - agents.data_agent - INFO - get_mock_data:173 - Using enhanced mock data with variations
2026-04-25 13:49:19,931 - agents.data_agent - INFO - execute_query:122 - Executing SQL query: 
                    INSERT INTO insights (insight_type, message, value, category, created_at) 
                    VALUES (%s, %s, %s, %s, NOW())
                
2026-04-25 13:49:19,931 - agents.data_agent - INFO - execute_query:123 - SQL Query: 
                    INSERT INTO insights (insight_type, message, value, category, created_at) 
                    VALUES (%s, %s, %s, %s, NOW())
                
2026-04-25 13:49:19,936 - agents.data_agent - ERROR - connect_to_mysql:29 - Error connecting to MySQL: 1045 (28000): Access denied for user 'root'@'localhost' (using password: NO)
2026-04-25 13:49:19,938 - agents.data_agent - WARNING - execute_query:129 - Database connection failed, using mock data
2026-04-25 13:49:19,938 - agents.data_agent - INFO - get_mock_data:173 - Using enhanced mock data with variations
2026-04-25 13:49:19,939 - agents.data_agent - INFO - execute_query:122 - Executing SQL query: 
                    INSERT INTO insights (insight_type, message, value, category, created_at) 
                    VALUES (%s, %s, %s, %s, NOW())
                
2026-04-25 13:49:19,939 - agents.data_agent - INFO - execute_query:123 - SQL Query: 
                    INSERT INTO insights (insight_type, message, value, category, created_at) 
                    VALUES (%s, %s, %s, %s, NOW())
                
2026-04-25 13:49:19,945 - agents.data_agent - ERROR - connect_to_mysql:29 - Error connecting to MySQL: 1045 (28000): Access denied for user 'root'@'localhost' (using password: NO)
2026-04-25 13:49:19,946 - agents.data_agent - WARNING - execute_query:129 - Database connection failed, using mock data
2026-04-25 13:49:19,947 - agents.data_agent - INFO - get_mock_data:173 - Using enhanced mock data with variations
2026-04-25 13:49:19,947 - agents.data_agent - INFO - execute_query:122 - Executing SQL query: 
                    INSERT INTO insights (insight_type, message, value, category, created_at) 
                    VALUES (%s, %s, %s, %s, NOW())
                
2026-04-25 13:49:19,947 - agents.data_agent - INFO - execute_query:123 - SQL Query: 
                    INSERT INTO insights (insight_type, message, value, category, created_at) 
                    VALUES (%s, %s, %s, %s, NOW())
                
2026-04-25 13:49:19,953 - agents.data_agent - ERROR - connect_to_mysql:29 - Error connecting to MySQL: 1045 (28000): Access denied for user 'root'@'localhost' (using password: NO)
2026-04-25 13:49:19,954 - agents.data_agent - WARNING - execute_query:129 - Database connection failed, using mock data
2026-04-25 13:49:19,955 - agents.data_agent - INFO - get_mock_data:173 - Using enhanced mock data with variations
2026-04-25 13:49:19,955 - services.agent_pipeline - INFO - _store_insights_in_database:183 - Successfully stored 4 insights in database
2026-04-25 13:49:19,955 - services.agent_pipeline - INFO - process_query:113 - Successfully stored 4 insights in database
2026-04-25 13:49:19,956 - services.agent_pipeline - INFO - process_query:132 - === PIPELINE COMPLETED SUCCESSFULLY ===
2026-04-25 13:49:19,956 - services.agent_pipeline - INFO - process_query:133 - Final answer: The best performing product is Laptop I also analyzed 3 different aspects to give you a complete picture.
2026-04-25 13:49:19,956 - services.agent_pipeline - INFO - process_query:134 - Total insights: 3
2026-04-25 13:49:19,958 - ai_analytics.main - INFO - query_ai:257 - Successfully processed query through pipeline: What are the best selling products?
2026-04-25 13:49:29,059 - ai_analytics.main - INFO - get_dashboard_data:288 - Generating dashboard data
2026-04-25 13:49:29,060 - agents.data_agent - INFO - get_data:153 - Getting data for question: get all sales data
2026-04-25 13:49:29,060 - agents.data_agent - INFO - natural_language_to_sql:37 - Converting natural language to SQL: get all sales data
2026-04-25 13:49:29,061 - agents.data_agent - INFO - natural_language_to_sql:38 - Using steps: ['get sales data']
2026-04-25 13:49:29,061 - agents.data_agent - INFO - natural_language_to_sql:114 - Generated default SQL: SELECT * FROM sales ORDER BY sale_date DESC LIMIT 100
2026-04-25 13:49:29,062 - agents.data_agent - INFO - execute_query:122 - Executing SQL query: SELECT * FROM sales ORDER BY sale_date DESC LIMIT 100
2026-04-25 13:49:29,062 - agents.data_agent - INFO - execute_query:123 - SQL Query: SELECT * FROM sales ORDER BY sale_date DESC LIMIT 100
2026-04-25 13:49:29,068 - agents.data_agent - ERROR - connect_to_mysql:29 - Error connecting to MySQL: 1045 (28000): Access denied for user 'root'@'localhost' (using password: NO)
2026-04-25 13:49:29,069 - agents.data_agent - WARNING - execute_query:129 - Database connection failed, using mock data
2026-04-25 13:49:29,070 - agents.data_agent - INFO - get_mock_data:173 - Using enhanced mock data with variations
2026-04-25 13:49:29,070 - agents.data_agent - INFO - get_data:162 - Successfully retrieved 15 records
2026-04-25 13:49:29,070 - agents.analysis_agent - INFO - aggregate_dashboard_data:240 - Aggregating dashboard data using pandas
2026-04-25 13:49:29,078 - agents.analysis_agent - INFO - aggregate_dashboard_data:262 - Generated dashboard data: 1 months, 4 regions, 3 products
2026-04-25 13:49:29,078 - ai_analytics.main - INFO - get_dashboard_data:310 - Dashboard data generated: 0 months, 0 regions, 0 products
2026-04-25 13:50:15,852 - ai_analytics.main - INFO - get_dashboard_data:288 - Generating dashboard data
2026-04-25 13:50:15,853 - agents.data_agent - INFO - get_data:153 - Getting data for question: get all sales data
2026-04-25 13:50:15,853 - agents.data_agent - INFO - natural_language_to_sql:37 - Converting natural language to SQL: get all sales data
2026-04-25 13:50:15,853 - agents.data_agent - INFO - natural_language_to_sql:38 - Using steps: ['get sales data']
2026-04-25 13:50:15,854 - agents.data_agent - INFO - natural_language_to_sql:114 - Generated default SQL: SELECT * FROM sales ORDER BY sale_date DESC LIMIT 100
2026-04-25 13:50:15,854 - agents.data_agent - INFO - execute_query:122 - Executing SQL query: SELECT * FROM sales ORDER BY sale_date DESC LIMIT 100
2026-04-25 13:50:15,855 - agents.data_agent - INFO - execute_query:123 - SQL Query: SELECT * FROM sales ORDER BY sale_date DESC LIMIT 100
2026-04-25 13:50:15,862 - agents.data_agent - ERROR - connect_to_mysql:29 - Error connecting to MySQL: 1045 (28000): Access denied for user 'root'@'localhost' (using password: NO)
2026-04-25 13:50:15,863 - agents.data_agent - WARNING - execute_query:129 - Database connection failed, using mock data
2026-04-25 13:50:15,864 - agents.data_agent - INFO - get_mock_data:173 - Using enhanced mock data with variations
2026-04-25 13:50:15,864 - agents.data_agent - INFO - get_data:162 - Successfully retrieved 15 records
2026-04-25 13:50:15,864 - agents.analysis_agent - INFO - aggregate_dashboard_data:240 - Aggregating dashboard data using pandas
2026-04-25 13:50:15,874 - agents.analysis_agent - INFO - aggregate_dashboard_data:262 - Generated dashboard data: 1 months, 4 regions, 3 products
2026-04-25 13:50:15,875 - ai_analytics.main - INFO - get_dashboard_data:310 - Dashboard data generated: 0 months, 0 regions, 0 products
2026-04-25 13:50:24,579 - ai_analytics.main - INFO - get_dashboard_data:288 - Generating dashboard data
2026-04-25 13:50:24,580 - agents.data_agent - INFO - get_data:153 - Getting data for question: get all sales data
2026-04-25 13:50:24,580 - agents.data_agent - INFO - natural_language_to_sql:37 - Converting natural language to SQL: get all sales data
2026-04-25 13:50:24,581 - agents.data_agent - INFO - natural_language_to_sql:38 - Using steps: ['get sales data']
2026-04-25 13:50:24,581 - agents.data_agent - INFO - natural_language_to_sql:114 - Generated default SQL: SELECT * FROM sales ORDER BY sale_date DESC LIMIT 100
2026-04-25 13:50:24,582 - agents.data_agent - INFO - execute_query:122 - Executing SQL query: SELECT * FROM sales ORDER BY sale_date DESC LIMIT 100
2026-04-25 13:50:24,582 - agents.data_agent - INFO - execute_query:123 - SQL Query: SELECT * FROM sales ORDER BY sale_date DESC LIMIT 100
2026-04-25 13:50:24,588 - agents.data_agent - ERROR - connect_to_mysql:29 - Error connecting to MySQL: 1045 (28000): Access denied for user 'root'@'localhost' (using password: NO)
2026-04-25 13:50:24,589 - agents.data_agent - WARNING - execute_query:129 - Database connection failed, using mock data
2026-04-25 13:50:24,589 - agents.data_agent - INFO - get_mock_data:173 - Using enhanced mock data with variations
2026-04-25 13:50:24,590 - agents.data_agent - INFO - get_data:162 - Successfully retrieved 15 records
2026-04-25 13:50:24,590 - agents.analysis_agent - INFO - aggregate_dashboard_data:240 - Aggregating dashboard data using pandas
2026-04-25 13:50:24,598 - agents.analysis_agent - INFO - aggregate_dashboard_data:262 - Generated dashboard data: 1 months, 4 regions, 3 products
2026-04-25 13:50:24,599 - ai_analytics.main - INFO - get_dashboard_data:310 - Dashboard data generated: 0 months, 0 regions, 0 products
2026-04-25 13:50:29,488 - ai_analytics.main - INFO - query_ai:232 - Processing query through multi-agent pipeline: hii
2026-04-25 13:50:29,489 - services.agent_pipeline - INFO - process_query:38 - Starting pipeline processing for question: hii
2026-04-25 13:50:29,489 - services.agent_pipeline - INFO - process_query:49 - === STEP 1: PLANNER AGENT ===
2026-04-25 13:50:29,489 - agents.planner_agent - INFO - plan_query:26 - Planning query: hii
2026-04-25 13:50:29,490 - agents.planner_agent - INFO - plan_query:62 - Using default analysis for question: hii
2026-04-25 13:50:29,490 - agents.planner_agent - INFO - plan_query:64 - Generated steps: ['get sales data', 'analyze data']
2026-04-25 13:50:29,491 - services.agent_pipeline - INFO - process_query:54 - Planner generated steps: ['get sales data', 'analyze data']
2026-04-25 13:50:29,491 - services.agent_pipeline - INFO - process_query:58 - === STEP 2: DATA AGENT ===
2026-04-25 13:50:29,492 - agents.data_agent - INFO - get_data:153 - Getting data for question: hii
2026-04-25 13:50:29,492 - agents.data_agent - INFO - natural_language_to_sql:37 - Converting natural language to SQL: hii
2026-04-25 13:50:29,492 - agents.data_agent - INFO - natural_language_to_sql:38 - Using steps: ['get sales data', 'analyze data']
2026-04-25 13:50:29,494 - agents.data_agent - INFO - natural_language_to_sql:114 - Generated default SQL: SELECT * FROM sales ORDER BY sale_date DESC LIMIT 100
2026-04-25 13:50:29,494 - agents.data_agent - INFO - execute_query:122 - Executing SQL query: SELECT * FROM sales ORDER BY sale_date DESC LIMIT 100
2026-04-25 13:50:29,495 - agents.data_agent - INFO - execute_query:123 - SQL Query: SELECT * FROM sales ORDER BY sale_date DESC LIMIT 100
2026-04-25 13:50:29,501 - agents.data_agent - ERROR - connect_to_mysql:29 - Error connecting to MySQL: 1045 (28000): Access denied for user 'root'@'localhost' (using password: NO)
2026-04-25 13:50:29,502 - agents.data_agent - WARNING - execute_query:129 - Database connection failed, using mock data
2026-04-25 13:50:29,503 - agents.data_agent - INFO - get_mock_data:173 - Using enhanced mock data with variations
2026-04-25 13:50:29,503 - agents.data_agent - INFO - get_data:162 - Successfully retrieved 15 records
2026-04-25 13:50:29,503 - services.agent_pipeline - INFO - process_query:62 - Data Agent retrieved 15 records
2026-04-25 13:50:29,504 - services.agent_pipeline - INFO - process_query:73 - === STEP 3: ANALYSIS AGENT ===
2026-04-25 13:50:29,504 - agents.analysis_agent - INFO - analyze_data:24 - Analyzing data for question: hii
2026-04-25 13:50:29,505 - agents.analysis_agent - INFO - analyze_data:25 - Using steps: ['get sales data', 'analyze data']
2026-04-25 13:50:29,506 - agents.analysis_agent - INFO - analyze_data:35 - Created DataFrame with 15 rows and 6 columns
2026-04-25 13:50:29,507 - agents.analysis_agent - INFO - analyze_data:75 - Generated 2 insights
2026-04-25 13:50:29,507 - services.agent_pipeline - INFO - process_query:77 - Analysis Agent generated 2 insights
2026-04-25 13:50:29,508 - services.agent_pipeline - INFO - process_query:81 - === STEP 4: REPORT AGENT ===
2026-04-25 13:50:29,508 - agents.report_agent - INFO - generate_report:21 - Generating human-readable report
2026-04-25 13:50:29,510 - agents.report_agent - INFO - generate_report:38 - Generated report with 2 insights
2026-04-25 13:50:29,510 - services.agent_pipeline - INFO - process_query:85 - Report Agent: Generated human-readable response
2026-04-25 13:50:29,511 - services.agent_pipeline - INFO - process_query:89 - === STEP 5: DASHBOARD DATA AGGREGATION ===
2026-04-25 13:50:29,511 - agents.analysis_agent - INFO - aggregate_dashboard_data:240 - Aggregating dashboard data using pandas
2026-04-25 13:50:29,520 - agents.analysis_agent - INFO - aggregate_dashboard_data:262 - Generated dashboard data: 1 months, 4 regions, 3 products
2026-04-25 13:50:29,521 - services.agent_pipeline - INFO - process_query:93 - Dashboard data aggregated: 1 months, 4 regions, 3 products
2026-04-25 13:50:29,521 - services.agent_pipeline - INFO - process_query:97 - === STEP 6: INSIGHTS DETECTION ===
2026-04-25 13:50:29,522 - agents.analysis_agent - INFO - detect_and_store_insights:345 - Detecting insights for database storage
2026-04-25 13:50:29,528 - agents.analysis_agent - INFO - detect_and_store_insights:424 - Detected 4 insights for database storage
2026-04-25 13:50:29,528 - services.agent_pipeline - INFO - process_query:102 - Detected 4 insights for storage
2026-04-25 13:50:29,529 - services.agent_pipeline - INFO - process_query:106 - === STEP 7: INSIGHTS STORAGE ===
2026-04-25 13:50:29,529 - agents.data_agent - INFO - execute_query:122 - Executing SQL query: 
                    INSERT INTO insights (insight_type, message, value, category, created_at) 
                    VALUES (%s, %s, %s, %s, NOW())
                
2026-04-25 13:50:29,529 - agents.data_agent - INFO - execute_query:123 - SQL Query: 
                    INSERT INTO insights (insight_type, message, value, category, created_at) 
                    VALUES (%s, %s, %s, %s, NOW())
                
2026-04-25 13:50:29,536 - agents.data_agent - ERROR - connect_to_mysql:29 - Error connecting to MySQL: 1045 (28000): Access denied for user 'root'@'localhost' (using password: NO)
2026-04-25 13:50:29,537 - agents.data_agent - WARNING - execute_query:129 - Database connection failed, using mock data
2026-04-25 13:50:29,538 - agents.data_agent - INFO - get_mock_data:173 - Using enhanced mock data with variations
2026-04-25 13:50:29,538 - agents.data_agent - INFO - execute_query:122 - Executing SQL query: 
                    INSERT INTO insights (insight_type, message, value, category, created_at) 
                    VALUES (%s, %s, %s, %s, NOW())
                
2026-04-25 13:50:29,538 - agents.data_agent - INFO - execute_query:123 - SQL Query: 
                    INSERT INTO insights (insight_type, message, value, category, created_at) 
                    VALUES (%s, %s, %s, %s, NOW())
                
2026-04-25 13:50:29,544 - agents.data_agent - ERROR - connect_to_mysql:29 - Error connecting to MySQL: 1045 (28000): Access denied for user 'root'@'localhost' (using password: NO)
2026-04-25 13:50:29,546 - agents.data_agent - WARNING - execute_query:129 - Database connection failed, using mock data
2026-04-25 13:50:29,546 - agents.data_agent - INFO - get_mock_data:173 - Using enhanced mock data with variations
2026-04-25 13:50:29,547 - agents.data_agent - INFO - execute_query:122 - Executing SQL query: 
                    INSERT INTO insights (insight_type, message, value, category, created_at) 
                    VALUES (%s, %s, %s, %s, NOW())
                
2026-04-25 13:50:29,547 - agents.data_agent - INFO - execute_query:123 - SQL Query: 
                    INSERT INTO insights (insight_type, message, value, category, created_at) 
                    VALUES (%s, %s, %s, %s, NOW())
                
2026-04-25 13:50:29,553 - agents.data_agent - ERROR - connect_to_mysql:29 - Error connecting to MySQL: 1045 (28000): Access denied for user 'root'@'localhost' (using password: NO)
2026-04-25 13:50:29,554 - agents.data_agent - WARNING - execute_query:129 - Database connection failed, using mock data
2026-04-25 13:50:29,555 - agents.data_agent - INFO - get_mock_data:173 - Using enhanced mock data with variations
2026-04-25 13:50:29,555 - agents.data_agent - INFO - execute_query:122 - Executing SQL query: 
                    INSERT INTO insights (insight_type, message, value, category, created_at) 
                    VALUES (%s, %s, %s, %s, NOW())
                
2026-04-25 13:50:29,556 - agents.data_agent - INFO - execute_query:123 - SQL Query: 
                    INSERT INTO insights (insight_type, message, value, category, created_at) 
                    VALUES (%s, %s, %s, %s, NOW())
                
2026-04-25 13:50:29,560 - agents.data_agent - ERROR - connect_to_mysql:29 - Error connecting to MySQL: 1045 (28000): Access denied for user 'root'@'localhost' (using password: NO)
2026-04-25 13:50:29,563 - agents.data_agent - WARNING - execute_query:129 - Database connection failed, using mock data
2026-04-25 13:50:29,563 - agents.data_agent - INFO - get_mock_data:173 - Using enhanced mock data with variations
2026-04-25 13:50:29,563 - services.agent_pipeline - INFO - _store_insights_in_database:183 - Successfully stored 4 insights in database
2026-04-25 13:50:29,564 - services.agent_pipeline - INFO - process_query:113 - Successfully stored 4 insights in database
2026-04-25 13:50:29,564 - services.agent_pipeline - INFO - process_query:132 - === PIPELINE COMPLETED SUCCESSFULLY ===
2026-04-25 13:50:29,566 - services.agent_pipeline - INFO - process_query:133 - Final answer: Analysis completed on sales data
2026-04-25 13:50:29,566 - services.agent_pipeline - INFO - process_query:134 - Total insights: 2
2026-04-25 13:50:29,567 - ai_analytics.main - INFO - query_ai:257 - Successfully processed query through pipeline: hii
2026-04-25 13:50:31,985 - ai_analytics.main - INFO - get_dashboard_data:288 - Generating dashboard data
2026-04-25 13:50:31,986 - agents.data_agent - INFO - get_data:153 - Getting data for question: get all sales data
2026-04-25 13:50:31,986 - agents.data_agent - INFO - natural_language_to_sql:37 - Converting natural language to SQL: get all sales data
2026-04-25 13:50:31,986 - agents.data_agent - INFO - natural_language_to_sql:38 - Using steps: ['get sales data']
2026-04-25 13:50:31,988 - agents.data_agent - INFO - natural_language_to_sql:114 - Generated default SQL: SELECT * FROM sales ORDER BY sale_date DESC LIMIT 100
2026-04-25 13:50:31,988 - agents.data_agent - INFO - execute_query:122 - Executing SQL query: SELECT * FROM sales ORDER BY sale_date DESC LIMIT 100
2026-04-25 13:50:31,989 - agents.data_agent - INFO - execute_query:123 - SQL Query: SELECT * FROM sales ORDER BY sale_date DESC LIMIT 100
2026-04-25 13:50:31,994 - agents.data_agent - ERROR - connect_to_mysql:29 - Error connecting to MySQL: 1045 (28000): Access denied for user 'root'@'localhost' (using password: NO)
2026-04-25 13:50:31,996 - agents.data_agent - WARNING - execute_query:129 - Database connection failed, using mock data
2026-04-25 13:50:31,996 - agents.data_agent - INFO - get_mock_data:173 - Using enhanced mock data with variations
2026-04-25 13:50:31,997 - agents.data_agent - INFO - get_data:162 - Successfully retrieved 15 records
2026-04-25 13:50:31,997 - agents.analysis_agent - INFO - aggregate_dashboard_data:240 - Aggregating dashboard data using pandas
2026-04-25 13:50:32,006 - agents.analysis_agent - INFO - aggregate_dashboard_data:262 - Generated dashboard data: 1 months, 4 regions, 3 products
2026-04-25 13:50:32,007 - ai_analytics.main - INFO - get_dashboard_data:310 - Dashboard data generated: 0 months, 0 regions, 0 products
2026-04-25 13:50:39,713 - ai_analytics.main - INFO - get_dashboard_data:288 - Generating dashboard data
2026-04-25 13:50:39,714 - agents.data_agent - INFO - get_data:153 - Getting data for question: get all sales data
2026-04-25 13:50:39,714 - agents.data_agent - INFO - natural_language_to_sql:37 - Converting natural language to SQL: get all sales data
2026-04-25 13:50:39,716 - agents.data_agent - INFO - natural_language_to_sql:38 - Using steps: ['get sales data']
2026-04-25 13:50:39,716 - agents.data_agent - INFO - natural_language_to_sql:114 - Generated default SQL: SELECT * FROM sales ORDER BY sale_date DESC LIMIT 100
2026-04-25 13:50:39,716 - agents.data_agent - INFO - execute_query:122 - Executing SQL query: SELECT * FROM sales ORDER BY sale_date DESC LIMIT 100
2026-04-25 13:50:39,717 - agents.data_agent - INFO - execute_query:123 - SQL Query: SELECT * FROM sales ORDER BY sale_date DESC LIMIT 100
2026-04-25 13:50:39,723 - agents.data_agent - ERROR - connect_to_mysql:29 - Error connecting to MySQL: 1045 (28000): Access denied for user 'root'@'localhost' (using password: NO)
2026-04-25 13:50:39,724 - agents.data_agent - WARNING - execute_query:129 - Database connection failed, using mock data
2026-04-25 13:50:39,725 - agents.data_agent - INFO - get_mock_data:173 - Using enhanced mock data with variations
2026-04-25 13:50:39,725 - agents.data_agent - INFO - get_data:162 - Successfully retrieved 15 records
2026-04-25 13:50:39,726 - agents.analysis_agent - INFO - aggregate_dashboard_data:240 - Aggregating dashboard data using pandas
2026-04-25 13:50:39,737 - agents.analysis_agent - INFO - aggregate_dashboard_data:262 - Generated dashboard data: 1 months, 4 regions, 3 products
2026-04-25 13:50:39,738 - ai_analytics.main - INFO - get_dashboard_data:310 - Dashboard data generated: 0 months, 0 regions, 0 products
2026-04-25 13:51:08,512 - ai_analytics.main - INFO - get_dashboard_data:288 - Generating dashboard data
2026-04-25 13:51:08,513 - agents.data_agent - INFO - get_data:153 - Getting data for question: get all sales data
2026-04-25 13:51:08,513 - agents.data_agent - INFO - natural_language_to_sql:37 - Converting natural language to SQL: get all sales data
2026-04-25 13:51:08,513 - agents.data_agent - INFO - natural_language_to_sql:38 - Using steps: ['get sales data']
2026-04-25 13:51:08,515 - agents.data_agent - INFO - natural_language_to_sql:114 - Generated default SQL: SELECT * FROM sales ORDER BY sale_date DESC LIMIT 100
2026-04-25 13:51:08,515 - agents.data_agent - INFO - execute_query:122 - Executing SQL query: SELECT * FROM sales ORDER BY sale_date DESC LIMIT 100
2026-04-25 13:51:08,515 - agents.data_agent - INFO - execute_query:123 - SQL Query: SELECT * FROM sales ORDER BY sale_date DESC LIMIT 100
2026-04-25 13:51:08,522 - agents.data_agent - ERROR - connect_to_mysql:29 - Error connecting to MySQL: 1045 (28000): Access denied for user 'root'@'localhost' (using password: NO)
2026-04-25 13:51:08,522 - agents.data_agent - WARNING - execute_query:129 - Database connection failed, using mock data
2026-04-25 13:51:08,523 - agents.data_agent - INFO - get_mock_data:173 - Using enhanced mock data with variations
2026-04-25 13:51:08,524 - agents.data_agent - INFO - get_data:162 - Successfully retrieved 15 records
2026-04-25 13:51:08,524 - agents.analysis_agent - INFO - aggregate_dashboard_data:240 - Aggregating dashboard data using pandas
2026-04-25 13:51:08,533 - agents.analysis_agent - INFO - aggregate_dashboard_data:262 - Generated dashboard data: 1 months, 4 regions, 3 products
2026-04-25 13:51:08,535 - ai_analytics.main - INFO - get_dashboard_data:310 - Dashboard data generated: 0 months, 0 regions, 0 products
2026-04-25 13:52:02,025 - ai_analytics.main - INFO - get_dashboard_data:288 - Generating dashboard data
2026-04-25 13:52:02,025 - agents.data_agent - INFO - get_data:153 - Getting data for question: get all sales data
2026-04-25 13:52:02,026 - agents.data_agent - INFO - natural_language_to_sql:37 - Converting natural language to SQL: get all sales data
2026-04-25 13:52:02,026 - agents.data_agent - INFO - natural_language_to_sql:38 - Using steps: ['get sales data']
2026-04-25 13:52:02,027 - agents.data_agent - INFO - natural_language_to_sql:114 - Generated default SQL: SELECT * FROM sales ORDER BY sale_date DESC LIMIT 100
2026-04-25 13:52:02,027 - agents.data_agent - INFO - execute_query:122 - Executing SQL query: SELECT * FROM sales ORDER BY sale_date DESC LIMIT 100
2026-04-25 13:52:02,027 - agents.data_agent - INFO - execute_query:123 - SQL Query: SELECT * FROM sales ORDER BY sale_date DESC LIMIT 100
2026-04-25 13:52:02,033 - agents.data_agent - ERROR - connect_to_mysql:29 - Error connecting to MySQL: 1045 (28000): Access denied for user 'root'@'localhost' (using password: NO)
2026-04-25 13:52:02,034 - agents.data_agent - WARNING - execute_query:129 - Database connection failed, using mock data
2026-04-25 13:52:02,034 - agents.data_agent - INFO - get_mock_data:173 - Using enhanced mock data with variations
2026-04-25 13:52:02,035 - agents.data_agent - INFO - get_data:162 - Successfully retrieved 15 records
2026-04-25 13:52:02,035 - agents.analysis_agent - INFO - aggregate_dashboard_data:240 - Aggregating dashboard data using pandas
2026-04-25 13:52:02,041 - agents.analysis_agent - INFO - aggregate_dashboard_data:262 - Generated dashboard data: 1 months, 4 regions, 3 products
2026-04-25 13:52:02,041 - ai_analytics.main - INFO - get_dashboard_data:310 - Dashboard data generated: 0 months, 0 regions, 0 products
2026-04-25 13:52:46,647 - ai_analytics.main - INFO - health_check:95 - Health check accessed
2026-04-25 13:52:46,661 - ai_analytics.main - INFO - health_check:95 - Health check accessed
2026-04-25 13:52:46,677 - ai_analytics.main - INFO - health_check:95 - Health check accessed
2026-04-25 17:02:08,591 - ai_analytics.main - INFO - health_check:95 - Health check accessed
2026-04-25 17:02:08,645 - ai_analytics.main - INFO - health_check:95 - Health check accessed
2026-04-25 17:02:28,864 - ai_analytics.main - INFO - health_check:95 - Health check accessed
2026-04-25 17:02:28,958 - ai_analytics.main - INFO - get_dashboard_data:288 - Generating dashboard data
2026-04-25 17:02:28,960 - agents.data_agent - INFO - get_data:153 - Getting data for question: get all sales data
2026-04-25 17:02:28,961 - agents.data_agent - INFO - natural_language_to_sql:37 - Converting natural language to SQL: get all sales data
2026-04-25 17:02:28,962 - agents.data_agent - INFO - natural_language_to_sql:38 - Using steps: ['get sales data']
2026-04-25 17:02:28,964 - agents.data_agent - INFO - natural_language_to_sql:114 - Generated default SQL: SELECT * FROM sales ORDER BY sale_date DESC LIMIT 100
2026-04-25 17:02:28,964 - agents.data_agent - INFO - execute_query:122 - Executing SQL query: SELECT * FROM sales ORDER BY sale_date DESC LIMIT 100
2026-04-25 17:02:28,967 - agents.data_agent - INFO - execute_query:123 - SQL Query: SELECT * FROM sales ORDER BY sale_date DESC LIMIT 100
2026-04-25 17:02:29,182 - agents.data_agent - ERROR - connect_to_mysql:29 - Error connecting to MySQL: 1045 (28000): Access denied for user 'root'@'localhost' (using password: NO)
2026-04-25 17:02:29,185 - agents.data_agent - WARNING - execute_query:129 - Database connection failed, using mock data
2026-04-25 17:02:29,186 - agents.data_agent - INFO - get_mock_data:173 - Using enhanced mock data with variations
2026-04-25 17:02:29,187 - agents.data_agent - INFO - get_data:162 - Successfully retrieved 15 records
2026-04-25 17:02:29,190 - agents.analysis_agent - INFO - aggregate_dashboard_data:240 - Aggregating dashboard data using pandas
2026-04-25 17:02:29,287 - agents.analysis_agent - INFO - aggregate_dashboard_data:262 - Generated dashboard data: 1 months, 4 regions, 3 products
2026-04-25 17:02:29,288 - ai_analytics.main - INFO - get_dashboard_data:310 - Dashboard data generated: 0 months, 0 regions, 0 products
2026-04-25 17:02:29,317 - ai_analytics.main - INFO - get_insights:119 - Fetching insights from MySQL insights table
2026-04-25 17:02:29,319 - agents.data_agent - INFO - execute_query:122 - Executing SQL query: 
            SELECT insight_type, message, value, category, created_at 
            FROM insights 
            ORDER BY created_at DESC 
            LIMIT 50
        
2026-04-25 17:02:29,320 - agents.data_agent - INFO - execute_query:123 - SQL Query: 
            SELECT insight_type, message, value, category, created_at 
            FROM insights 
            ORDER BY created_at DESC 
            LIMIT 50
        
2026-04-25 17:02:29,334 - agents.data_agent - ERROR - connect_to_mysql:29 - Error connecting to MySQL: 1045 (28000): Access denied for user 'root'@'localhost' (using password: NO)
2026-04-25 17:02:29,337 - agents.data_agent - WARNING - execute_query:129 - Database connection failed, using mock data
2026-04-25 17:02:29,339 - agents.data_agent - INFO - get_mock_data:173 - Using enhanced mock data with variations
2026-04-25 17:02:29,339 - ai_analytics.main - INFO - get_insights:152 - Retrieved 15 insights from database
2026-04-25 17:02:29,348 - ai_analytics.main - INFO - get_alerts:339 - Fetching alerts from system
2026-04-25 17:02:29,350 - ai_analytics.main - INFO - get_alerts:370 - Retrieved 4 alerts
2026-04-25 17:02:29,379 - ai_analytics.main - INFO - query_ai:232 - Processing query through multi-agent pipeline: Why did sales drop?
2026-04-25 17:02:29,382 - services.agent_pipeline - INFO - process_query:38 - Starting pipeline processing for question: Why did sales drop?
2026-04-25 17:02:29,383 - services.agent_pipeline - INFO - process_query:49 - === STEP 1: PLANNER AGENT ===
2026-04-25 17:02:29,384 - agents.planner_agent - INFO - plan_query:26 - Planning query: Why did sales drop?
2026-04-25 17:02:29,386 - agents.planner_agent - INFO - plan_query:37 - Detected drop analysis question: Why did sales drop?
2026-04-25 17:02:29,387 - agents.planner_agent - INFO - plan_query:64 - Generated steps: ['get sales data', 'compare time periods', 'find drop percentage']
2026-04-25 17:02:29,388 - services.agent_pipeline - INFO - process_query:54 - Planner generated steps: ['get sales data', 'compare time periods', 'find drop percentage']
2026-04-25 17:02:29,389 - services.agent_pipeline - INFO - process_query:58 - === STEP 2: DATA AGENT ===
2026-04-25 17:02:29,390 - agents.data_agent - INFO - get_data:153 - Getting data for question: Why did sales drop?
2026-04-25 17:02:29,392 - agents.data_agent - INFO - natural_language_to_sql:37 - Converting natural language to SQL: Why did sales drop?
2026-04-25 17:02:29,394 - agents.data_agent - INFO - natural_language_to_sql:38 - Using steps: ['get sales data', 'compare time periods', 'find drop percentage']
2026-04-25 17:02:29,395 - agents.data_agent - INFO - natural_language_to_sql:97 - Generated drop analysis SQL: 
            SELECT 
                DATE_FORMAT(sale_date, '%Y-%m') as month,
                SUM(revenue) as monthly_revenue
            FROM sales 
            WHERE sale_date >= DATE_SUB(CURRENT_DATE, INTERVAL 6 MONTH)
            GROUP BY DATE_FORMAT(sale_date, '%Y-%m')
            ORDER BY month DESC
            
2026-04-25 17:02:29,396 - agents.data_agent - INFO - execute_query:122 - Executing SQL query: 
            SELECT 
                DATE_FORMAT(sale_date, '%Y-%m') as month,
                SUM(revenue) as monthly_revenue
            FROM sales 
            WHERE sale_date >= DATE_SUB(CURRENT_DATE, INTERVAL 6 MONTH)
            GROUP BY DATE_FORMAT(sale_date, '%Y-%m')
            ORDER BY month DESC
            
2026-04-25 17:02:29,398 - agents.data_agent - INFO - execute_query:123 - SQL Query: 
            SELECT 
                DATE_FORMAT(sale_date, '%Y-%m') as month,
                SUM(revenue) as monthly_revenue
            FROM sales 
            WHERE sale_date >= DATE_SUB(CURRENT_DATE, INTERVAL 6 MONTH)
            GROUP BY DATE_FORMAT(sale_date, '%Y-%m')
            ORDER BY month DESC
            
2026-04-25 17:02:29,417 - agents.data_agent - ERROR - connect_to_mysql:29 - Error connecting to MySQL: 1045 (28000): Access denied for user 'root'@'localhost' (using password: NO)
2026-04-25 17:02:29,419 - agents.data_agent - WARNING - execute_query:129 - Database connection failed, using mock data
2026-04-25 17:02:29,420 - agents.data_agent - INFO - get_mock_data:173 - Using enhanced mock data with variations
2026-04-25 17:02:29,423 - agents.data_agent - INFO - get_data:162 - Successfully retrieved 15 records
2026-04-25 17:02:29,424 - services.agent_pipeline - INFO - process_query:62 - Data Agent retrieved 15 records
2026-04-25 17:02:29,424 - services.agent_pipeline - INFO - process_query:73 - === STEP 3: ANALYSIS AGENT ===
2026-04-25 17:02:29,427 - agents.analysis_agent - INFO - analyze_data:24 - Analyzing data for question: Why did sales drop?
2026-04-25 17:02:29,428 - agents.analysis_agent - INFO - analyze_data:25 - Using steps: ['get sales data', 'compare time periods', 'find drop percentage']
2026-04-25 17:02:29,430 - agents.analysis_agent - INFO - analyze_data:35 - Created DataFrame with 15 rows and 6 columns
2026-04-25 17:02:29,431 - agents.analysis_agent - INFO - analyze_data:75 - Generated 0 insights
2026-04-25 17:02:29,432 - services.agent_pipeline - INFO - process_query:77 - Analysis Agent generated 0 insights
2026-04-25 17:02:29,434 - services.agent_pipeline - INFO - process_query:81 - === STEP 4: REPORT AGENT ===
2026-04-25 17:02:29,435 - agents.report_agent - INFO - generate_report:21 - Generating human-readable report
2026-04-25 17:02:29,437 - agents.report_agent - INFO - generate_report:38 - Generated report with 0 insights
2026-04-25 17:02:29,438 - services.agent_pipeline - INFO - process_query:85 - Report Agent: Generated human-readable response
2026-04-25 17:02:29,439 - services.agent_pipeline - INFO - process_query:89 - === STEP 5: DASHBOARD DATA AGGREGATION ===
2026-04-25 17:02:29,441 - agents.analysis_agent - INFO - aggregate_dashboard_data:240 - Aggregating dashboard data using pandas
2026-04-25 17:02:29,461 - agents.analysis_agent - INFO - aggregate_dashboard_data:262 - Generated dashboard data: 1 months, 4 regions, 3 products
2026-04-25 17:02:29,463 - services.agent_pipeline - INFO - process_query:93 - Dashboard data aggregated: 1 months, 4 regions, 3 products
2026-04-25 17:02:29,465 - services.agent_pipeline - INFO - process_query:97 - === STEP 6: INSIGHTS DETECTION ===
2026-04-25 17:02:29,466 - agents.analysis_agent - INFO - detect_and_store_insights:345 - Detecting insights for database storage
2026-04-25 17:02:29,479 - agents.analysis_agent - INFO - detect_and_store_insights:424 - Detected 4 insights for database storage
2026-04-25 17:02:29,480 - services.agent_pipeline - INFO - process_query:102 - Detected 4 insights for storage
2026-04-25 17:02:29,482 - services.agent_pipeline - INFO - process_query:106 - === STEP 7: INSIGHTS STORAGE ===
2026-04-25 17:02:29,483 - agents.data_agent - INFO - execute_query:122 - Executing SQL query: 
                    INSERT INTO insights (insight_type, message, value, category, created_at) 
                    VALUES (%s, %s, %s, %s, NOW())
                
2026-04-25 17:02:29,484 - agents.data_agent - INFO - execute_query:123 - SQL Query: 
                    INSERT INTO insights (insight_type, message, value, category, created_at) 
                    VALUES (%s, %s, %s, %s, NOW())
                
2026-04-25 17:02:29,499 - agents.data_agent - ERROR - connect_to_mysql:29 - Error connecting to MySQL: 1045 (28000): Access denied for user 'root'@'localhost' (using password: NO)
2026-04-25 17:02:29,502 - agents.data_agent - WARNING - execute_query:129 - Database connection failed, using mock data
2026-04-25 17:02:29,503 - agents.data_agent - INFO - get_mock_data:173 - Using enhanced mock data with variations
2026-04-25 17:02:29,504 - agents.data_agent - INFO - execute_query:122 - Executing SQL query: 
                    INSERT INTO insights (insight_type, message, value, category, created_at) 
                    VALUES (%s, %s, %s, %s, NOW())
                
2026-04-25 17:02:29,507 - agents.data_agent - INFO - execute_query:123 - SQL Query: 
                    INSERT INTO insights (insight_type, message, value, category, created_at) 
                    VALUES (%s, %s, %s, %s, NOW())
                
2026-04-25 17:02:29,520 - agents.data_agent - ERROR - connect_to_mysql:29 - Error connecting to MySQL: 1045 (28000): Access denied for user 'root'@'localhost' (using password: NO)
2026-04-25 17:02:29,523 - agents.data_agent - WARNING - execute_query:129 - Database connection failed, using mock data
2026-04-25 17:02:29,525 - agents.data_agent - INFO - get_mock_data:173 - Using enhanced mock data with variations
2026-04-25 17:02:29,526 - agents.data_agent - INFO - execute_query:122 - Executing SQL query: 
                    INSERT INTO insights (insight_type, message, value, category, created_at) 
                    VALUES (%s, %s, %s, %s, NOW())
                
2026-04-25 17:02:29,528 - agents.data_agent - INFO - execute_query:123 - SQL Query: 
                    INSERT INTO insights (insight_type, message, value, category, created_at) 
                    VALUES (%s, %s, %s, %s, NOW())
                
2026-04-25 17:02:29,542 - agents.data_agent - ERROR - connect_to_mysql:29 - Error connecting to MySQL: 1045 (28000): Access denied for user 'root'@'localhost' (using password: NO)
2026-04-25 17:02:29,545 - agents.data_agent - WARNING - execute_query:129 - Database connection failed, using mock data
2026-04-25 17:02:29,546 - agents.data_agent - INFO - get_mock_data:173 - Using enhanced mock data with variations
2026-04-25 17:02:29,548 - agents.data_agent - INFO - execute_query:122 - Executing SQL query: 
                    INSERT INTO insights (insight_type, message, value, category, created_at) 
                    VALUES (%s, %s, %s, %s, NOW())
                
2026-04-25 17:02:29,549 - agents.data_agent - INFO - execute_query:123 - SQL Query: 
                    INSERT INTO insights (insight_type, message, value, category, created_at) 
                    VALUES (%s, %s, %s, %s, NOW())
                
2026-04-25 17:02:29,568 - agents.data_agent - ERROR - connect_to_mysql:29 - Error connecting to MySQL: 1045 (28000): Access denied for user 'root'@'localhost' (using password: NO)
2026-04-25 17:02:29,571 - agents.data_agent - WARNING - execute_query:129 - Database connection failed, using mock data
2026-04-25 17:02:29,573 - agents.data_agent - INFO - get_mock_data:173 - Using enhanced mock data with variations
2026-04-25 17:02:29,575 - services.agent_pipeline - INFO - _store_insights_in_database:183 - Successfully stored 4 insights in database
2026-04-25 17:02:29,579 - services.agent_pipeline - INFO - process_query:113 - Successfully stored 4 insights in database
2026-04-25 17:02:29,589 - services.agent_pipeline - INFO - process_query:132 - === PIPELINE COMPLETED SUCCESSFULLY ===
2026-04-25 17:02:29,591 - services.agent_pipeline - INFO - process_query:133 - Final answer: No significant revenue drop detected
2026-04-25 17:02:29,595 - services.agent_pipeline - INFO - process_query:134 - Total insights: 0
2026-04-25 17:02:29,598 - ai_analytics.main - INFO - query_ai:257 - Successfully processed query through pipeline: Why did sales drop?
2026-04-25 17:07:42,251 - ai_analytics.main - INFO - query_ai:232 - Processing query through multi-agent pipeline: hi
2026-04-25 17:07:42,253 - services.agent_pipeline - INFO - process_query:38 - Starting pipeline processing for question: hi
2026-04-25 17:07:42,256 - services.agent_pipeline - INFO - process_query:49 - === STEP 1: PLANNER AGENT ===
2026-04-25 17:07:42,258 - agents.planner_agent - INFO - plan_query:26 - Planning query: hi
2026-04-25 17:07:42,259 - agents.planner_agent - INFO - plan_query:62 - Using default analysis for question: hi
2026-04-25 17:07:42,260 - agents.planner_agent - INFO - plan_query:64 - Generated steps: ['get sales data', 'analyze data']
2026-04-25 17:07:42,263 - services.agent_pipeline - INFO - process_query:54 - Planner generated steps: ['get sales data', 'analyze data']
2026-04-25 17:07:42,263 - services.agent_pipeline - INFO - process_query:58 - === STEP 2: DATA AGENT ===
2026-04-25 17:07:42,266 - agents.data_agent - INFO - get_data:153 - Getting data for question: hi
2026-04-25 17:07:42,268 - agents.data_agent - INFO - natural_language_to_sql:37 - Converting natural language to SQL: hi
2026-04-25 17:07:42,269 - agents.data_agent - INFO - natural_language_to_sql:38 - Using steps: ['get sales data', 'analyze data']
2026-04-25 17:07:42,271 - agents.data_agent - INFO - natural_language_to_sql:114 - Generated default SQL: SELECT * FROM sales ORDER BY sale_date DESC LIMIT 100
2026-04-25 17:07:42,272 - agents.data_agent - INFO - execute_query:122 - Executing SQL query: SELECT * FROM sales ORDER BY sale_date DESC LIMIT 100
2026-04-25 17:07:42,273 - agents.data_agent - INFO - execute_query:123 - SQL Query: SELECT * FROM sales ORDER BY sale_date DESC LIMIT 100
2026-04-25 17:07:42,293 - agents.data_agent - ERROR - connect_to_mysql:29 - Error connecting to MySQL: 1045 (28000): Access denied for user 'root'@'localhost' (using password: NO)
2026-04-25 17:07:42,295 - agents.data_agent - WARNING - execute_query:129 - Database connection failed, using mock data
2026-04-25 17:07:42,296 - agents.data_agent - INFO - get_mock_data:173 - Using enhanced mock data with variations
2026-04-25 17:07:42,299 - agents.data_agent - INFO - get_data:162 - Successfully retrieved 15 records
2026-04-25 17:07:42,300 - services.agent_pipeline - INFO - process_query:62 - Data Agent retrieved 15 records
2026-04-25 17:07:42,303 - services.agent_pipeline - INFO - process_query:73 - === STEP 3: ANALYSIS AGENT ===
2026-04-25 17:07:42,304 - agents.analysis_agent - INFO - analyze_data:24 - Analyzing data for question: hi
2026-04-25 17:07:42,305 - agents.analysis_agent - INFO - analyze_data:25 - Using steps: ['get sales data', 'analyze data']
2026-04-25 17:07:42,308 - agents.analysis_agent - INFO - analyze_data:35 - Created DataFrame with 15 rows and 6 columns
2026-04-25 17:07:42,314 - agents.analysis_agent - INFO - analyze_data:75 - Generated 2 insights
2026-04-25 17:07:42,316 - services.agent_pipeline - INFO - process_query:77 - Analysis Agent generated 2 insights
2026-04-25 17:07:42,318 - services.agent_pipeline - INFO - process_query:81 - === STEP 4: REPORT AGENT ===
2026-04-25 17:07:42,319 - agents.report_agent - INFO - generate_report:21 - Generating human-readable report
2026-04-25 17:07:42,321 - agents.report_agent - INFO - generate_report:38 - Generated report with 2 insights
2026-04-25 17:07:42,322 - services.agent_pipeline - INFO - process_query:85 - Report Agent: Generated human-readable response
2026-04-25 17:07:42,324 - services.agent_pipeline - INFO - process_query:89 - === STEP 5: DASHBOARD DATA AGGREGATION ===
2026-04-25 17:07:42,327 - agents.analysis_agent - INFO - aggregate_dashboard_data:240 - Aggregating dashboard data using pandas
2026-04-25 17:07:42,347 - agents.analysis_agent - INFO - aggregate_dashboard_data:262 - Generated dashboard data: 1 months, 4 regions, 3 products
2026-04-25 17:07:42,349 - services.agent_pipeline - INFO - process_query:93 - Dashboard data aggregated: 1 months, 4 regions, 3 products
2026-04-25 17:07:42,351 - services.agent_pipeline - INFO - process_query:97 - === STEP 6: INSIGHTS DETECTION ===
2026-04-25 17:07:42,353 - agents.analysis_agent - INFO - detect_and_store_insights:345 - Detecting insights for database storage
2026-04-25 17:07:42,367 - agents.analysis_agent - INFO - detect_and_store_insights:424 - Detected 4 insights for database storage
2026-04-25 17:07:42,369 - services.agent_pipeline - INFO - process_query:102 - Detected 4 insights for storage
2026-04-25 17:07:42,370 - services.agent_pipeline - INFO - process_query:106 - === STEP 7: INSIGHTS STORAGE ===
2026-04-25 17:07:42,371 - agents.data_agent - INFO - execute_query:122 - Executing SQL query: 
                    INSERT INTO insights (insight_type, message, value, category, created_at) 
                    VALUES (%s, %s, %s, %s, NOW())
                
2026-04-25 17:07:42,374 - agents.data_agent - INFO - execute_query:123 - SQL Query: 
                    INSERT INTO insights (insight_type, message, value, category, created_at) 
                    VALUES (%s, %s, %s, %s, NOW())
                
2026-04-25 17:07:42,390 - agents.data_agent - ERROR - connect_to_mysql:29 - Error connecting to MySQL: 1045 (28000): Access denied for user 'root'@'localhost' (using password: NO)
2026-04-25 17:07:42,392 - agents.data_agent - WARNING - execute_query:129 - Database connection failed, using mock data
2026-04-25 17:07:42,395 - agents.data_agent - INFO - get_mock_data:173 - Using enhanced mock data with variations
2026-04-25 17:07:42,396 - agents.data_agent - INFO - execute_query:122 - Executing SQL query: 
                    INSERT INTO insights (insight_type, message, value, category, created_at) 
                    VALUES (%s, %s, %s, %s, NOW())
                
2026-04-25 17:07:42,398 - agents.data_agent - INFO - execute_query:123 - SQL Query: 
                    INSERT INTO insights (insight_type, message, value, category, created_at) 
                    VALUES (%s, %s, %s, %s, NOW())
                
2026-04-25 17:07:42,414 - agents.data_agent - ERROR - connect_to_mysql:29 - Error connecting to MySQL: 1045 (28000): Access denied for user 'root'@'localhost' (using password: NO)
2026-04-25 17:07:42,416 - agents.data_agent - WARNING - execute_query:129 - Database connection failed, using mock data
2026-04-25 17:07:42,418 - agents.data_agent - INFO - get_mock_data:173 - Using enhanced mock data with variations
2026-04-25 17:07:42,419 - agents.data_agent - INFO - execute_query:122 - Executing SQL query: 
                    INSERT INTO insights (insight_type, message, value, category, created_at) 
                    VALUES (%s, %s, %s, %s, NOW())
                
2026-04-25 17:07:42,422 - agents.data_agent - INFO - execute_query:123 - SQL Query: 
                    INSERT INTO insights (insight_type, message, value, category, created_at) 
                    VALUES (%s, %s, %s, %s, NOW())
                
2026-04-25 17:07:42,439 - agents.data_agent - ERROR - connect_to_mysql:29 - Error connecting to MySQL: 1045 (28000): Access denied for user 'root'@'localhost' (using password: NO)
2026-04-25 17:07:42,441 - agents.data_agent - WARNING - execute_query:129 - Database connection failed, using mock data
2026-04-25 17:07:42,442 - agents.data_agent - INFO - get_mock_data:173 - Using enhanced mock data with variations
2026-04-25 17:07:42,443 - agents.data_agent - INFO - execute_query:122 - Executing SQL query: 
                    INSERT INTO insights (insight_type, message, value, category, created_at) 
                    VALUES (%s, %s, %s, %s, NOW())
                
2026-04-25 17:07:42,446 - agents.data_agent - INFO - execute_query:123 - SQL Query: 
                    INSERT INTO insights (insight_type, message, value, category, created_at) 
                    VALUES (%s, %s, %s, %s, NOW())
                
2026-04-25 17:07:42,460 - agents.data_agent - ERROR - connect_to_mysql:29 - Error connecting to MySQL: 1045 (28000): Access denied for user 'root'@'localhost' (using password: NO)
2026-04-25 17:07:42,463 - agents.data_agent - WARNING - execute_query:129 - Database connection failed, using mock data
2026-04-25 17:07:42,464 - agents.data_agent - INFO - get_mock_data:173 - Using enhanced mock data with variations
2026-04-25 17:07:42,466 - services.agent_pipeline - INFO - _store_insights_in_database:183 - Successfully stored 4 insights in database
2026-04-25 17:07:42,467 - services.agent_pipeline - INFO - process_query:113 - Successfully stored 4 insights in database
2026-04-25 17:07:42,469 - services.agent_pipeline - INFO - process_query:132 - === PIPELINE COMPLETED SUCCESSFULLY ===
2026-04-25 17:07:42,470 - services.agent_pipeline - INFO - process_query:133 - Final answer: Analysis completed on sales data
2026-04-25 17:07:42,472 - services.agent_pipeline - INFO - process_query:134 - Total insights: 2
2026-04-25 17:07:42,473 - ai_analytics.main - INFO - query_ai:257 - Successfully processed query through pipeline: hi
2026-04-25 17:07:45,446 - ai_analytics.main - INFO - query_ai:232 - Processing query through multi-agent pipeline: hi
2026-04-25 17:07:45,448 - services.agent_pipeline - INFO - process_query:38 - Starting pipeline processing for question: hi
2026-04-25 17:07:45,449 - services.agent_pipeline - INFO - process_query:49 - === STEP 1: PLANNER AGENT ===
2026-04-25 17:07:45,450 - agents.planner_agent - INFO - plan_query:26 - Planning query: hi
2026-04-25 17:07:45,452 - agents.planner_agent - INFO - plan_query:62 - Using default analysis for question: hi
2026-04-25 17:07:45,453 - agents.planner_agent - INFO - plan_query:64 - Generated steps: ['get sales data', 'analyze data']
2026-04-25 17:07:45,453 - services.agent_pipeline - INFO - process_query:54 - Planner generated steps: ['get sales data', 'analyze data']
2026-04-25 17:07:45,456 - services.agent_pipeline - INFO - process_query:58 - === STEP 2: DATA AGENT ===
2026-04-25 17:07:45,458 - agents.data_agent - INFO - get_data:153 - Getting data for question: hi
2026-04-25 17:07:45,459 - agents.data_agent - INFO - natural_language_to_sql:37 - Converting natural language to SQL: hi
2026-04-25 17:07:45,461 - agents.data_agent - INFO - natural_language_to_sql:38 - Using steps: ['get sales data', 'analyze data']
2026-04-25 17:07:45,462 - agents.data_agent - INFO - natural_language_to_sql:114 - Generated default SQL: SELECT * FROM sales ORDER BY sale_date DESC LIMIT 100
2026-04-25 17:07:45,464 - agents.data_agent - INFO - execute_query:122 - Executing SQL query: SELECT * FROM sales ORDER BY sale_date DESC LIMIT 100
2026-04-25 17:07:45,465 - agents.data_agent - INFO - execute_query:123 - SQL Query: SELECT * FROM sales ORDER BY sale_date DESC LIMIT 100
2026-04-25 17:07:45,480 - agents.data_agent - ERROR - connect_to_mysql:29 - Error connecting to MySQL: 1045 (28000): Access denied for user 'root'@'localhost' (using password: NO)
2026-04-25 17:07:45,482 - agents.data_agent - WARNING - execute_query:129 - Database connection failed, using mock data
2026-04-25 17:07:45,484 - agents.data_agent - INFO - get_mock_data:173 - Using enhanced mock data with variations
2026-04-25 17:07:45,486 - agents.data_agent - INFO - get_data:162 - Successfully retrieved 15 records
2026-04-25 17:07:45,486 - services.agent_pipeline - INFO - process_query:62 - Data Agent retrieved 15 records
2026-04-25 17:07:45,488 - services.agent_pipeline - INFO - process_query:73 - === STEP 3: ANALYSIS AGENT ===
2026-04-25 17:07:45,489 - agents.analysis_agent - INFO - analyze_data:24 - Analyzing data for question: hi
2026-04-25 17:07:45,491 - agents.analysis_agent - INFO - analyze_data:25 - Using steps: ['get sales data', 'analyze data']
2026-04-25 17:07:45,493 - agents.analysis_agent - INFO - analyze_data:35 - Created DataFrame with 15 rows and 6 columns
2026-04-25 17:07:45,495 - agents.analysis_agent - INFO - analyze_data:75 - Generated 2 insights
2026-04-25 17:07:45,497 - services.agent_pipeline - INFO - process_query:77 - Analysis Agent generated 2 insights
2026-04-25 17:07:45,499 - services.agent_pipeline - INFO - process_query:81 - === STEP 4: REPORT AGENT ===
2026-04-25 17:07:45,501 - agents.report_agent - INFO - generate_report:21 - Generating human-readable report
2026-04-25 17:07:45,502 - agents.report_agent - INFO - generate_report:38 - Generated report with 2 insights
2026-04-25 17:07:45,504 - services.agent_pipeline - INFO - process_query:85 - Report Agent: Generated human-readable response
2026-04-25 17:07:45,504 - services.agent_pipeline - INFO - process_query:89 - === STEP 5: DASHBOARD DATA AGGREGATION ===
2026-04-25 17:07:45,507 - agents.analysis_agent - INFO - aggregate_dashboard_data:240 - Aggregating dashboard data using pandas
2026-04-25 17:07:45,529 - agents.analysis_agent - INFO - aggregate_dashboard_data:262 - Generated dashboard data: 1 months, 4 regions, 3 products
2026-04-25 17:07:45,530 - services.agent_pipeline - INFO - process_query:93 - Dashboard data aggregated: 1 months, 4 regions, 3 products
2026-04-25 17:07:45,532 - services.agent_pipeline - INFO - process_query:97 - === STEP 6: INSIGHTS DETECTION ===
2026-04-25 17:07:45,536 - agents.analysis_agent - INFO - detect_and_store_insights:345 - Detecting insights for database storage
2026-04-25 17:07:45,546 - agents.analysis_agent - INFO - detect_and_store_insights:424 - Detected 4 insights for database storage
2026-04-25 17:07:45,548 - services.agent_pipeline - INFO - process_query:102 - Detected 4 insights for storage
2026-04-25 17:07:45,549 - services.agent_pipeline - INFO - process_query:106 - === STEP 7: INSIGHTS STORAGE ===
2026-04-25 17:07:45,551 - agents.data_agent - INFO - execute_query:122 - Executing SQL query: 
                    INSERT INTO insights (insight_type, message, value, category, created_at) 
                    VALUES (%s, %s, %s, %s, NOW())
                
2026-04-25 17:07:45,552 - agents.data_agent - INFO - execute_query:123 - SQL Query: 
                    INSERT INTO insights (insight_type, message, value, category, created_at) 
                    VALUES (%s, %s, %s, %s, NOW())
                
2026-04-25 17:07:45,568 - agents.data_agent - ERROR - connect_to_mysql:29 - Error connecting to MySQL: 1045 (28000): Access denied for user 'root'@'localhost' (using password: NO)
2026-04-25 17:07:45,569 - agents.data_agent - WARNING - execute_query:129 - Database connection failed, using mock data
2026-04-25 17:07:45,571 - agents.data_agent - INFO - get_mock_data:173 - Using enhanced mock data with variations
2026-04-25 17:07:45,573 - agents.data_agent - INFO - execute_query:122 - Executing SQL query: 
                    INSERT INTO insights (insight_type, message, value, category, created_at) 
                    VALUES (%s, %s, %s, %s, NOW())
                
2026-04-25 17:07:45,575 - agents.data_agent - INFO - execute_query:123 - SQL Query: 
                    INSERT INTO insights (insight_type, message, value, category, created_at) 
                    VALUES (%s, %s, %s, %s, NOW())
                
2026-04-25 17:07:45,591 - agents.data_agent - ERROR - connect_to_mysql:29 - Error connecting to MySQL: 1045 (28000): Access denied for user 'root'@'localhost' (using password: NO)
2026-04-25 17:07:45,592 - agents.data_agent - WARNING - execute_query:129 - Database connection failed, using mock data
2026-04-25 17:07:45,596 - agents.data_agent - INFO - get_mock_data:173 - Using enhanced mock data with variations
2026-04-25 17:07:45,598 - agents.data_agent - INFO - execute_query:122 - Executing SQL query: 
                    INSERT INTO insights (insight_type, message, value, category, created_at) 
                    VALUES (%s, %s, %s, %s, NOW())
                
2026-04-25 17:07:45,599 - agents.data_agent - INFO - execute_query:123 - SQL Query: 
                    INSERT INTO insights (insight_type, message, value, category, created_at) 
                    VALUES (%s, %s, %s, %s, NOW())
                
2026-04-25 17:07:45,615 - agents.data_agent - ERROR - connect_to_mysql:29 - Error connecting to MySQL: 1045 (28000): Access denied for user 'root'@'localhost' (using password: NO)
2026-04-25 17:07:45,618 - agents.data_agent - WARNING - execute_query:129 - Database connection failed, using mock data
2026-04-25 17:07:45,620 - agents.data_agent - INFO - get_mock_data:173 - Using enhanced mock data with variations
2026-04-25 17:07:45,621 - agents.data_agent - INFO - execute_query:122 - Executing SQL query: 
                    INSERT INTO insights (insight_type, message, value, category, created_at) 
                    VALUES (%s, %s, %s, %s, NOW())
                
2026-04-25 17:07:45,622 - agents.data_agent - INFO - execute_query:123 - SQL Query: 
                    INSERT INTO insights (insight_type, message, value, category, created_at) 
                    VALUES (%s, %s, %s, %s, NOW())
                
2026-04-25 17:07:45,639 - agents.data_agent - ERROR - connect_to_mysql:29 - Error connecting to MySQL: 1045 (28000): Access denied for user 'root'@'localhost' (using password: NO)
2026-04-25 17:07:45,640 - agents.data_agent - WARNING - execute_query:129 - Database connection failed, using mock data
2026-04-25 17:07:45,640 - agents.data_agent - INFO - get_mock_data:173 - Using enhanced mock data with variations
2026-04-25 17:07:45,643 - services.agent_pipeline - INFO - _store_insights_in_database:183 - Successfully stored 4 insights in database
2026-04-25 17:07:45,643 - services.agent_pipeline - INFO - process_query:113 - Successfully stored 4 insights in database
2026-04-25 17:07:45,646 - services.agent_pipeline - INFO - process_query:132 - === PIPELINE COMPLETED SUCCESSFULLY ===
2026-04-25 17:07:45,647 - services.agent_pipeline - INFO - process_query:133 - Final answer: Analysis completed on sales data
2026-04-25 17:07:45,648 - services.agent_pipeline - INFO - process_query:134 - Total insights: 2
2026-04-25 17:07:45,649 - ai_analytics.main - INFO - query_ai:257 - Successfully processed query through pipeline: hi
2026-04-25 17:07:47,787 - ai_analytics.main - INFO - get_dashboard_data:288 - Generating dashboard data
2026-04-25 17:07:47,789 - agents.data_agent - INFO - get_data:153 - Getting data for question: get all sales data
2026-04-25 17:07:47,790 - agents.data_agent - INFO - natural_language_to_sql:37 - Converting natural language to SQL: get all sales data
2026-04-25 17:07:47,792 - agents.data_agent - INFO - natural_language_to_sql:38 - Using steps: ['get sales data']
2026-04-25 17:07:47,792 - agents.data_agent - INFO - natural_language_to_sql:114 - Generated default SQL: SELECT * FROM sales ORDER BY sale_date DESC LIMIT 100
2026-04-25 17:07:47,795 - agents.data_agent - INFO - execute_query:122 - Executing SQL query: SELECT * FROM sales ORDER BY sale_date DESC LIMIT 100
2026-04-25 17:07:47,796 - agents.data_agent - INFO - execute_query:123 - SQL Query: SELECT * FROM sales ORDER BY sale_date DESC LIMIT 100
2026-04-25 17:07:47,811 - agents.data_agent - ERROR - connect_to_mysql:29 - Error connecting to MySQL: 1045 (28000): Access denied for user 'root'@'localhost' (using password: NO)
2026-04-25 17:07:47,813 - agents.data_agent - WARNING - execute_query:129 - Database connection failed, using mock data
2026-04-25 17:07:47,816 - agents.data_agent - INFO - get_mock_data:173 - Using enhanced mock data with variations
2026-04-25 17:07:47,819 - agents.data_agent - INFO - get_data:162 - Successfully retrieved 15 records
2026-04-25 17:07:47,819 - agents.analysis_agent - INFO - aggregate_dashboard_data:240 - Aggregating dashboard data using pandas
2026-04-25 17:07:47,842 - agents.analysis_agent - INFO - aggregate_dashboard_data:262 - Generated dashboard data: 1 months, 4 regions, 3 products
2026-04-25 17:07:47,844 - ai_analytics.main - INFO - get_dashboard_data:310 - Dashboard data generated: 0 months, 0 regions, 0 products
2026-04-25 17:14:32,540 - ai_analytics.main - INFO - query_ai:232 - Processing query through multi-agent pipeline: hi
2026-04-25 17:14:32,542 - services.agent_pipeline - INFO - process_query:38 - Starting pipeline processing for question: hi
2026-04-25 17:14:32,543 - services.agent_pipeline - INFO - process_query:49 - === STEP 1: PLANNER AGENT ===
2026-04-25 17:14:32,545 - agents.planner_agent - INFO - plan_query:26 - Planning query: hi
2026-04-25 17:14:32,547 - agents.planner_agent - INFO - plan_query:62 - Using default analysis for question: hi
2026-04-25 17:14:32,549 - agents.planner_agent - INFO - plan_query:64 - Generated steps: ['get sales data', 'analyze data']
2026-04-25 17:14:32,550 - services.agent_pipeline - INFO - process_query:54 - Planner generated steps: ['get sales data', 'analyze data']
2026-04-25 17:14:32,551 - services.agent_pipeline - INFO - process_query:58 - === STEP 2: DATA AGENT ===
2026-04-25 17:14:32,552 - agents.data_agent - INFO - get_data:153 - Getting data for question: hi
2026-04-25 17:14:32,554 - agents.data_agent - INFO - natural_language_to_sql:37 - Converting natural language to SQL: hi
2026-04-25 17:14:32,555 - agents.data_agent - INFO - natural_language_to_sql:38 - Using steps: ['get sales data', 'analyze data']
2026-04-25 17:14:32,557 - agents.data_agent - INFO - natural_language_to_sql:114 - Generated default SQL: SELECT * FROM sales ORDER BY sale_date DESC LIMIT 100
2026-04-25 17:14:32,558 - agents.data_agent - INFO - execute_query:122 - Executing SQL query: SELECT * FROM sales ORDER BY sale_date DESC LIMIT 100
2026-04-25 17:14:32,560 - agents.data_agent - INFO - execute_query:123 - SQL Query: SELECT * FROM sales ORDER BY sale_date DESC LIMIT 100
2026-04-25 17:14:32,638 - agents.data_agent - ERROR - connect_to_mysql:29 - Error connecting to MySQL: 1045 (28000): Access denied for user 'root'@'localhost' (using password: NO)
2026-04-25 17:14:32,639 - agents.data_agent - WARNING - execute_query:129 - Database connection failed, using mock data
2026-04-25 17:14:32,640 - agents.data_agent - INFO - get_mock_data:173 - Using enhanced mock data with variations
2026-04-25 17:14:32,643 - agents.data_agent - INFO - get_data:162 - Successfully retrieved 15 records
2026-04-25 17:14:32,645 - services.agent_pipeline - INFO - process_query:62 - Data Agent retrieved 15 records
2026-04-25 17:14:32,646 - services.agent_pipeline - INFO - process_query:73 - === STEP 3: ANALYSIS AGENT ===
2026-04-25 17:14:32,648 - agents.analysis_agent - INFO - analyze_data:24 - Analyzing data for question: hi
2026-04-25 17:14:32,650 - agents.analysis_agent - INFO - analyze_data:25 - Using steps: ['get sales data', 'analyze data']
2026-04-25 17:14:32,652 - agents.analysis_agent - INFO - analyze_data:35 - Created DataFrame with 15 rows and 6 columns
2026-04-25 17:14:32,655 - agents.analysis_agent - INFO - analyze_data:75 - Generated 2 insights
2026-04-25 17:14:32,656 - services.agent_pipeline - INFO - process_query:77 - Analysis Agent generated 2 insights
2026-04-25 17:14:32,658 - services.agent_pipeline - INFO - process_query:81 - === STEP 4: REPORT AGENT ===
2026-04-25 17:14:32,660 - agents.report_agent - INFO - generate_report:21 - Generating human-readable report
2026-04-25 17:14:32,661 - agents.report_agent - INFO - generate_report:38 - Generated report with 2 insights
2026-04-25 17:14:32,662 - services.agent_pipeline - INFO - process_query:85 - Report Agent: Generated human-readable response
2026-04-25 17:14:32,664 - services.agent_pipeline - INFO - process_query:89 - === STEP 5: DASHBOARD DATA AGGREGATION ===
2026-04-25 17:14:32,665 - agents.analysis_agent - INFO - aggregate_dashboard_data:240 - Aggregating dashboard data using pandas
2026-04-25 17:14:32,686 - agents.analysis_agent - INFO - aggregate_dashboard_data:262 - Generated dashboard data: 1 months, 4 regions, 3 products
2026-04-25 17:14:32,687 - services.agent_pipeline - INFO - process_query:93 - Dashboard data aggregated: 1 months, 4 regions, 3 products
2026-04-25 17:14:32,688 - services.agent_pipeline - INFO - process_query:97 - === STEP 6: INSIGHTS DETECTION ===
2026-04-25 17:14:32,690 - agents.analysis_agent - INFO - detect_and_store_insights:345 - Detecting insights for database storage
2026-04-25 17:14:32,703 - agents.analysis_agent - INFO - detect_and_store_insights:424 - Detected 4 insights for database storage
2026-04-25 17:14:32,704 - services.agent_pipeline - INFO - process_query:102 - Detected 4 insights for storage
2026-04-25 17:14:32,706 - services.agent_pipeline - INFO - process_query:106 - === STEP 7: INSIGHTS STORAGE ===
2026-04-25 17:14:32,708 - agents.data_agent - INFO - execute_query:122 - Executing SQL query: 
                    INSERT INTO insights (insight_type, message, value, category, created_at) 
                    VALUES (%s, %s, %s, %s, NOW())
                
2026-04-25 17:14:32,709 - agents.data_agent - INFO - execute_query:123 - SQL Query: 
                    INSERT INTO insights (insight_type, message, value, category, created_at) 
                    VALUES (%s, %s, %s, %s, NOW())
                
2026-04-25 17:14:32,723 - agents.data_agent - ERROR - connect_to_mysql:29 - Error connecting to MySQL: 1045 (28000): Access denied for user 'root'@'localhost' (using password: NO)
2026-04-25 17:14:32,724 - agents.data_agent - WARNING - execute_query:129 - Database connection failed, using mock data
2026-04-25 17:14:32,726 - agents.data_agent - INFO - get_mock_data:173 - Using enhanced mock data with variations
2026-04-25 17:14:32,727 - agents.data_agent - INFO - execute_query:122 - Executing SQL query: 
                    INSERT INTO insights (insight_type, message, value, category, created_at) 
                    VALUES (%s, %s, %s, %s, NOW())
                
2026-04-25 17:14:32,728 - agents.data_agent - INFO - execute_query:123 - SQL Query: 
                    INSERT INTO insights (insight_type, message, value, category, created_at) 
                    VALUES (%s, %s, %s, %s, NOW())
                
2026-04-25 17:14:32,743 - agents.data_agent - ERROR - connect_to_mysql:29 - Error connecting to MySQL: 1045 (28000): Access denied for user 'root'@'localhost' (using password: NO)
2026-04-25 17:14:32,746 - agents.data_agent - WARNING - execute_query:129 - Database connection failed, using mock data
2026-04-25 17:14:32,748 - agents.data_agent - INFO - get_mock_data:173 - Using enhanced mock data with variations
2026-04-25 17:14:32,749 - agents.data_agent - INFO - execute_query:122 - Executing SQL query: 
                    INSERT INTO insights (insight_type, message, value, category, created_at) 
                    VALUES (%s, %s, %s, %s, NOW())
                
2026-04-25 17:14:32,750 - agents.data_agent - INFO - execute_query:123 - SQL Query: 
                    INSERT INTO insights (insight_type, message, value, category, created_at) 
                    VALUES (%s, %s, %s, %s, NOW())
                
2026-04-25 17:14:32,764 - agents.data_agent - ERROR - connect_to_mysql:29 - Error connecting to MySQL: 1045 (28000): Access denied for user 'root'@'localhost' (using password: NO)
2026-04-25 17:14:32,766 - agents.data_agent - WARNING - execute_query:129 - Database connection failed, using mock data
2026-04-25 17:14:32,767 - agents.data_agent - INFO - get_mock_data:173 - Using enhanced mock data with variations
2026-04-25 17:14:32,769 - agents.data_agent - INFO - execute_query:122 - Executing SQL query: 
                    INSERT INTO insights (insight_type, message, value, category, created_at) 
                    VALUES (%s, %s, %s, %s, NOW())
                
2026-04-25 17:14:32,770 - agents.data_agent - INFO - execute_query:123 - SQL Query: 
                    INSERT INTO insights (insight_type, message, value, category, created_at) 
                    VALUES (%s, %s, %s, %s, NOW())
                
2026-04-25 17:14:32,784 - agents.data_agent - ERROR - connect_to_mysql:29 - Error connecting to MySQL: 1045 (28000): Access denied for user 'root'@'localhost' (using password: NO)
2026-04-25 17:14:32,787 - agents.data_agent - WARNING - execute_query:129 - Database connection failed, using mock data
2026-04-25 17:14:32,788 - agents.data_agent - INFO - get_mock_data:173 - Using enhanced mock data with variations
2026-04-25 17:14:32,789 - services.agent_pipeline - INFO - _store_insights_in_database:183 - Successfully stored 4 insights in database
2026-04-25 17:14:32,790 - services.agent_pipeline - INFO - process_query:113 - Successfully stored 4 insights in database
2026-04-25 17:14:32,790 - services.agent_pipeline - INFO - process_query:132 - === PIPELINE COMPLETED SUCCESSFULLY ===
2026-04-25 17:14:32,793 - services.agent_pipeline - INFO - process_query:133 - Final answer: Analysis completed on sales data
2026-04-25 17:14:32,794 - services.agent_pipeline - INFO - process_query:134 - Total insights: 2
2026-04-25 17:14:32,796 - ai_analytics.main - INFO - query_ai:257 - Successfully processed query through pipeline: hi
2026-04-25 17:14:35,171 - ai_analytics.main - INFO - get_dashboard_data:288 - Generating dashboard data
2026-04-25 17:14:35,172 - agents.data_agent - INFO - get_data:153 - Getting data for question: get all sales data
2026-04-25 17:14:35,173 - agents.data_agent - INFO - natural_language_to_sql:37 - Converting natural language to SQL: get all sales data
2026-04-25 17:14:35,175 - agents.data_agent - INFO - natural_language_to_sql:38 - Using steps: ['get sales data']
2026-04-25 17:14:35,176 - agents.data_agent - INFO - natural_language_to_sql:114 - Generated default SQL: SELECT * FROM sales ORDER BY sale_date DESC LIMIT 100
2026-04-25 17:14:35,177 - agents.data_agent - INFO - execute_query:122 - Executing SQL query: SELECT * FROM sales ORDER BY sale_date DESC LIMIT 100
2026-04-25 17:14:35,180 - agents.data_agent - INFO - execute_query:123 - SQL Query: SELECT * FROM sales ORDER BY sale_date DESC LIMIT 100
2026-04-25 17:14:35,194 - agents.data_agent - ERROR - connect_to_mysql:29 - Error connecting to MySQL: 1045 (28000): Access denied for user 'root'@'localhost' (using password: NO)
2026-04-25 17:14:35,197 - agents.data_agent - WARNING - execute_query:129 - Database connection failed, using mock data
2026-04-25 17:14:35,198 - agents.data_agent - INFO - get_mock_data:173 - Using enhanced mock data with variations
2026-04-25 17:14:35,198 - agents.data_agent - INFO - get_data:162 - Successfully retrieved 15 records
2026-04-25 17:14:35,200 - agents.analysis_agent - INFO - aggregate_dashboard_data:240 - Aggregating dashboard data using pandas
2026-04-25 17:14:35,223 - agents.analysis_agent - INFO - aggregate_dashboard_data:262 - Generated dashboard data: 1 months, 4 regions, 3 products
2026-04-25 17:14:35,225 - ai_analytics.main - INFO - get_dashboard_data:310 - Dashboard data generated: 0 months, 0 regions, 0 products
2026-04-25 17:18:34,200 - ai_analytics.main - INFO - query_ai:232 - Processing query through multi-agent pipeline: hi
2026-04-25 17:18:34,202 - services.agent_pipeline - INFO - process_query:38 - Starting pipeline processing for question: hi
2026-04-25 17:18:34,204 - services.agent_pipeline - INFO - process_query:49 - === STEP 1: PLANNER AGENT ===
2026-04-25 17:18:34,204 - agents.planner_agent - INFO - plan_query:26 - Planning query: hi
2026-04-25 17:18:34,207 - agents.planner_agent - INFO - plan_query:62 - Using default analysis for question: hi
2026-04-25 17:18:34,208 - agents.planner_agent - INFO - plan_query:64 - Generated steps: ['get sales data', 'analyze data']
2026-04-25 17:18:34,209 - services.agent_pipeline - INFO - process_query:54 - Planner generated steps: ['get sales data', 'analyze data']
2026-04-25 17:18:34,211 - services.agent_pipeline - INFO - process_query:58 - === STEP 2: DATA AGENT ===
2026-04-25 17:18:34,213 - agents.data_agent - INFO - get_data:153 - Getting data for question: hi
2026-04-25 17:18:34,214 - agents.data_agent - INFO - natural_language_to_sql:37 - Converting natural language to SQL: hi
2026-04-25 17:18:34,216 - agents.data_agent - INFO - natural_language_to_sql:38 - Using steps: ['get sales data', 'analyze data']
2026-04-25 17:18:34,216 - agents.data_agent - INFO - natural_language_to_sql:114 - Generated default SQL: SELECT * FROM sales ORDER BY sale_date DESC LIMIT 100
2026-04-25 17:18:34,218 - agents.data_agent - INFO - execute_query:122 - Executing SQL query: SELECT * FROM sales ORDER BY sale_date DESC LIMIT 100
2026-04-25 17:18:34,221 - agents.data_agent - INFO - execute_query:123 - SQL Query: SELECT * FROM sales ORDER BY sale_date DESC LIMIT 100
2026-04-25 17:18:34,239 - agents.data_agent - ERROR - connect_to_mysql:29 - Error connecting to MySQL: 1045 (28000): Access denied for user 'root'@'localhost' (using password: NO)
2026-04-25 17:18:34,241 - agents.data_agent - WARNING - execute_query:129 - Database connection failed, using mock data
2026-04-25 17:18:34,242 - agents.data_agent - INFO - get_mock_data:173 - Using enhanced mock data with variations
2026-04-25 17:18:34,243 - agents.data_agent - INFO - get_data:162 - Successfully retrieved 15 records
2026-04-25 17:18:34,244 - services.agent_pipeline - INFO - process_query:62 - Data Agent retrieved 15 records
2026-04-25 17:18:34,246 - services.agent_pipeline - INFO - process_query:73 - === STEP 3: ANALYSIS AGENT ===
2026-04-25 17:18:34,248 - agents.analysis_agent - INFO - analyze_data:24 - Analyzing data for question: hi
2026-04-25 17:18:34,249 - agents.analysis_agent - INFO - analyze_data:25 - Using steps: ['get sales data', 'analyze data']
2026-04-25 17:18:34,252 - agents.analysis_agent - INFO - analyze_data:35 - Created DataFrame with 15 rows and 6 columns
2026-04-25 17:18:34,254 - agents.analysis_agent - INFO - analyze_data:75 - Generated 2 insights
2026-04-25 17:18:34,256 - services.agent_pipeline - INFO - process_query:77 - Analysis Agent generated 2 insights
2026-04-25 17:18:34,257 - services.agent_pipeline - INFO - process_query:81 - === STEP 4: REPORT AGENT ===
2026-04-25 17:18:34,259 - agents.report_agent - INFO - generate_report:21 - Generating human-readable report
2026-04-25 17:18:34,260 - agents.report_agent - INFO - generate_report:38 - Generated report with 2 insights
2026-04-25 17:18:34,261 - services.agent_pipeline - INFO - process_query:85 - Report Agent: Generated human-readable response
2026-04-25 17:18:34,263 - services.agent_pipeline - INFO - process_query:89 - === STEP 5: DASHBOARD DATA AGGREGATION ===
2026-04-25 17:18:34,264 - agents.analysis_agent - INFO - aggregate_dashboard_data:240 - Aggregating dashboard data using pandas
2026-04-25 17:18:34,285 - agents.analysis_agent - INFO - aggregate_dashboard_data:262 - Generated dashboard data: 1 months, 4 regions, 3 products
2026-04-25 17:18:34,286 - services.agent_pipeline - INFO - process_query:93 - Dashboard data aggregated: 1 months, 4 regions, 3 products
2026-04-25 17:18:34,288 - services.agent_pipeline - INFO - process_query:97 - === STEP 6: INSIGHTS DETECTION ===
2026-04-25 17:18:34,290 - agents.analysis_agent - INFO - detect_and_store_insights:345 - Detecting insights for database storage
2026-04-25 17:18:34,303 - agents.analysis_agent - INFO - detect_and_store_insights:424 - Detected 4 insights for database storage
2026-04-25 17:18:34,305 - services.agent_pipeline - INFO - process_query:102 - Detected 4 insights for storage
2026-04-25 17:18:34,306 - services.agent_pipeline - INFO - process_query:106 - === STEP 7: INSIGHTS STORAGE ===
2026-04-25 17:18:34,307 - agents.data_agent - INFO - execute_query:122 - Executing SQL query: 
                    INSERT INTO insights (insight_type, message, value, category, created_at) 
                    VALUES (%s, %s, %s, %s, NOW())
                
2026-04-25 17:18:34,308 - agents.data_agent - INFO - execute_query:123 - SQL Query: 
                    INSERT INTO insights (insight_type, message, value, category, created_at) 
                    VALUES (%s, %s, %s, %s, NOW())
                
2026-04-25 17:18:34,322 - agents.data_agent - ERROR - connect_to_mysql:29 - Error connecting to MySQL: 1045 (28000): Access denied for user 'root'@'localhost' (using password: NO)
2026-04-25 17:18:34,324 - agents.data_agent - WARNING - execute_query:129 - Database connection failed, using mock data
2026-04-25 17:18:34,326 - agents.data_agent - INFO - get_mock_data:173 - Using enhanced mock data with variations
2026-04-25 17:18:34,327 - agents.data_agent - INFO - execute_query:122 - Executing SQL query: 
                    INSERT INTO insights (insight_type, message, value, category, created_at) 
                    VALUES (%s, %s, %s, %s, NOW())
                
2026-04-25 17:18:34,328 - agents.data_agent - INFO - execute_query:123 - SQL Query: 
                    INSERT INTO insights (insight_type, message, value, category, created_at) 
                    VALUES (%s, %s, %s, %s, NOW())
                
2026-04-25 17:18:34,345 - agents.data_agent - ERROR - connect_to_mysql:29 - Error connecting to MySQL: 1045 (28000): Access denied for user 'root'@'localhost' (using password: NO)
2026-04-25 17:18:34,347 - agents.data_agent - WARNING - execute_query:129 - Database connection failed, using mock data
2026-04-25 17:18:34,348 - agents.data_agent - INFO - get_mock_data:173 - Using enhanced mock data with variations
2026-04-25 17:18:34,349 - agents.data_agent - INFO - execute_query:122 - Executing SQL query: 
                    INSERT INTO insights (insight_type, message, value, category, created_at) 
                    VALUES (%s, %s, %s, %s, NOW())
                
2026-04-25 17:18:34,351 - agents.data_agent - INFO - execute_query:123 - SQL Query: 
                    INSERT INTO insights (insight_type, message, value, category, created_at) 
                    VALUES (%s, %s, %s, %s, NOW())
                
2026-04-25 17:18:34,369 - agents.data_agent - ERROR - connect_to_mysql:29 - Error connecting to MySQL: 1045 (28000): Access denied for user 'root'@'localhost' (using password: NO)
2026-04-25 17:18:34,371 - agents.data_agent - WARNING - execute_query:129 - Database connection failed, using mock data
2026-04-25 17:18:34,372 - agents.data_agent - INFO - get_mock_data:173 - Using enhanced mock data with variations
2026-04-25 17:18:34,373 - agents.data_agent - INFO - execute_query:122 - Executing SQL query: 
                    INSERT INTO insights (insight_type, message, value, category, created_at) 
                    VALUES (%s, %s, %s, %s, NOW())
                
2026-04-25 17:18:34,374 - agents.data_agent - INFO - execute_query:123 - SQL Query: 
                    INSERT INTO insights (insight_type, message, value, category, created_at) 
                    VALUES (%s, %s, %s, %s, NOW())
                
2026-04-25 17:18:34,389 - agents.data_agent - ERROR - connect_to_mysql:29 - Error connecting to MySQL: 1045 (28000): Access denied for user 'root'@'localhost' (using password: NO)
2026-04-25 17:18:34,392 - agents.data_agent - WARNING - execute_query:129 - Database connection failed, using mock data
2026-04-25 17:18:34,394 - agents.data_agent - INFO - get_mock_data:173 - Using enhanced mock data with variations
2026-04-25 17:18:34,395 - services.agent_pipeline - INFO - _store_insights_in_database:183 - Successfully stored 4 insights in database
2026-04-25 17:18:34,396 - services.agent_pipeline - INFO - process_query:113 - Successfully stored 4 insights in database
2026-04-25 17:18:34,397 - services.agent_pipeline - INFO - process_query:132 - === PIPELINE COMPLETED SUCCESSFULLY ===
2026-04-25 17:18:34,398 - services.agent_pipeline - INFO - process_query:133 - Final answer: Analysis completed on sales data
2026-04-25 17:18:34,398 - services.agent_pipeline - INFO - process_query:134 - Total insights: 2
2026-04-25 17:18:34,401 - ai_analytics.main - INFO - query_ai:257 - Successfully processed query through pipeline: hi
2026-04-25 17:18:36,573 - ai_analytics.main - INFO - get_dashboard_data:288 - Generating dashboard data
2026-04-25 17:18:36,573 - agents.data_agent - INFO - get_data:153 - Getting data for question: get all sales data
2026-04-25 17:18:36,576 - agents.data_agent - INFO - natural_language_to_sql:37 - Converting natural language to SQL: get all sales data
2026-04-25 17:18:36,578 - agents.data_agent - INFO - natural_language_to_sql:38 - Using steps: ['get sales data']
2026-04-25 17:18:36,579 - agents.data_agent - INFO - natural_language_to_sql:114 - Generated default SQL: SELECT * FROM sales ORDER BY sale_date DESC LIMIT 100
2026-04-25 17:18:36,580 - agents.data_agent - INFO - execute_query:122 - Executing SQL query: SELECT * FROM sales ORDER BY sale_date DESC LIMIT 100
2026-04-25 17:18:36,581 - agents.data_agent - INFO - execute_query:123 - SQL Query: SELECT * FROM sales ORDER BY sale_date DESC LIMIT 100
2026-04-25 17:18:36,594 - agents.data_agent - ERROR - connect_to_mysql:29 - Error connecting to MySQL: 1045 (28000): Access denied for user 'root'@'localhost' (using password: NO)
2026-04-25 17:18:36,596 - agents.data_agent - WARNING - execute_query:129 - Database connection failed, using mock data
2026-04-25 17:18:36,598 - agents.data_agent - INFO - get_mock_data:173 - Using enhanced mock data with variations
2026-04-25 17:18:36,599 - agents.data_agent - INFO - get_data:162 - Successfully retrieved 15 records
2026-04-25 17:18:36,600 - agents.analysis_agent - INFO - aggregate_dashboard_data:240 - Aggregating dashboard data using pandas
2026-04-25 17:18:36,685 - agents.analysis_agent - INFO - aggregate_dashboard_data:262 - Generated dashboard data: 1 months, 4 regions, 3 products
2026-04-25 17:18:36,687 - ai_analytics.main - INFO - get_dashboard_data:310 - Dashboard data generated: 0 months, 0 regions, 0 products
2026-04-25 19:09:51,539 - ai_analytics.main - INFO - get_dashboard_data:288 - Generating dashboard data
2026-04-25 19:09:51,541 - agents.data_agent - INFO - get_data:153 - Getting data for question: get all sales data
2026-04-25 19:09:51,541 - agents.data_agent - INFO - natural_language_to_sql:37 - Converting natural language to SQL: get all sales data
2026-04-25 19:09:51,542 - agents.data_agent - INFO - natural_language_to_sql:38 - Using steps: ['get sales data']
2026-04-25 19:09:51,542 - agents.data_agent - INFO - natural_language_to_sql:114 - Generated default SQL: SELECT * FROM sales ORDER BY sale_date DESC LIMIT 100
2026-04-25 19:09:51,542 - agents.data_agent - INFO - execute_query:122 - Executing SQL query: SELECT * FROM sales ORDER BY sale_date DESC LIMIT 100
2026-04-25 19:09:51,544 - agents.data_agent - INFO - execute_query:123 - SQL Query: SELECT * FROM sales ORDER BY sale_date DESC LIMIT 100
2026-04-25 19:09:51,644 - agents.data_agent - ERROR - connect_to_mysql:29 - Error connecting to MySQL: 1045 (28000): Access denied for user 'root'@'localhost' (using password: NO)
2026-04-25 19:09:51,644 - agents.data_agent - WARNING - execute_query:129 - Database connection failed, using mock data
2026-04-25 19:09:51,646 - agents.data_agent - INFO - get_mock_data:173 - Using enhanced mock data with variations
2026-04-25 19:09:51,646 - agents.data_agent - INFO - get_data:162 - Successfully retrieved 15 records
2026-04-25 19:09:51,647 - agents.analysis_agent - INFO - aggregate_dashboard_data:240 - Aggregating dashboard data using pandas
2026-04-25 19:09:51,688 - agents.analysis_agent - INFO - aggregate_dashboard_data:262 - Generated dashboard data: 1 months, 4 regions, 3 products
2026-04-25 19:09:51,688 - ai_analytics.main - INFO - get_dashboard_data:310 - Dashboard data generated: 0 months, 0 regions, 0 products
2026-04-25 19:09:59,087 - ai_analytics.main - INFO - query_ai:232 - Processing query through multi-agent pipeline: hi
2026-04-25 19:09:59,088 - services.agent_pipeline - INFO - process_query:38 - Starting pipeline processing for question: hi
2026-04-25 19:09:59,089 - services.agent_pipeline - INFO - process_query:49 - === STEP 1: PLANNER AGENT ===
2026-04-25 19:09:59,089 - agents.planner_agent - INFO - plan_query:26 - Planning query: hi
2026-04-25 19:09:59,090 - agents.planner_agent - INFO - plan_query:62 - Using default analysis for question: hi
2026-04-25 19:09:59,090 - agents.planner_agent - INFO - plan_query:64 - Generated steps: ['get sales data', 'analyze data']
2026-04-25 19:09:59,092 - services.agent_pipeline - INFO - process_query:54 - Planner generated steps: ['get sales data', 'analyze data']
2026-04-25 19:09:59,092 - services.agent_pipeline - INFO - process_query:58 - === STEP 2: DATA AGENT ===
2026-04-25 19:09:59,093 - agents.data_agent - INFO - get_data:153 - Getting data for question: hi
2026-04-25 19:09:59,093 - agents.data_agent - INFO - natural_language_to_sql:37 - Converting natural language to SQL: hi
2026-04-25 19:09:59,094 - agents.data_agent - INFO - natural_language_to_sql:38 - Using steps: ['get sales data', 'analyze data']
2026-04-25 19:09:59,094 - agents.data_agent - INFO - natural_language_to_sql:114 - Generated default SQL: SELECT * FROM sales ORDER BY sale_date DESC LIMIT 100
2026-04-25 19:09:59,095 - agents.data_agent - INFO - execute_query:122 - Executing SQL query: SELECT * FROM sales ORDER BY sale_date DESC LIMIT 100
2026-04-25 19:09:59,095 - agents.data_agent - INFO - execute_query:123 - SQL Query: SELECT * FROM sales ORDER BY sale_date DESC LIMIT 100
2026-04-25 19:09:59,102 - agents.data_agent - ERROR - connect_to_mysql:29 - Error connecting to MySQL: 1045 (28000): Access denied for user 'root'@'localhost' (using password: NO)
2026-04-25 19:09:59,103 - agents.data_agent - WARNING - execute_query:129 - Database connection failed, using mock data
2026-04-25 19:09:59,103 - agents.data_agent - INFO - get_mock_data:173 - Using enhanced mock data with variations
2026-04-25 19:09:59,105 - agents.data_agent - INFO - get_data:162 - Successfully retrieved 15 records
2026-04-25 19:09:59,105 - services.agent_pipeline - INFO - process_query:62 - Data Agent retrieved 15 records
2026-04-25 19:09:59,106 - services.agent_pipeline - INFO - process_query:73 - === STEP 3: ANALYSIS AGENT ===
2026-04-25 19:09:59,106 - agents.analysis_agent - INFO - analyze_data:24 - Analyzing data for question: hi
2026-04-25 19:09:59,107 - agents.analysis_agent - INFO - analyze_data:25 - Using steps: ['get sales data', 'analyze data']
2026-04-25 19:09:59,108 - agents.analysis_agent - INFO - analyze_data:35 - Created DataFrame with 15 rows and 6 columns
2026-04-25 19:09:59,109 - agents.analysis_agent - INFO - analyze_data:75 - Generated 2 insights
2026-04-25 19:09:59,110 - services.agent_pipeline - INFO - process_query:77 - Analysis Agent generated 2 insights
2026-04-25 19:09:59,110 - services.agent_pipeline - INFO - process_query:81 - === STEP 4: REPORT AGENT ===
2026-04-25 19:09:59,110 - agents.report_agent - INFO - generate_report:21 - Generating human-readable report
2026-04-25 19:09:59,111 - agents.report_agent - INFO - generate_report:38 - Generated report with 2 insights
2026-04-25 19:09:59,111 - services.agent_pipeline - INFO - process_query:85 - Report Agent: Generated human-readable response
2026-04-25 19:09:59,112 - services.agent_pipeline - INFO - process_query:89 - === STEP 5: DASHBOARD DATA AGGREGATION ===
2026-04-25 19:09:59,112 - agents.analysis_agent - INFO - aggregate_dashboard_data:240 - Aggregating dashboard data using pandas
2026-04-25 19:09:59,119 - agents.analysis_agent - INFO - aggregate_dashboard_data:262 - Generated dashboard data: 1 months, 4 regions, 3 products
2026-04-25 19:09:59,119 - services.agent_pipeline - INFO - process_query:93 - Dashboard data aggregated: 1 months, 4 regions, 3 products
2026-04-25 19:09:59,120 - services.agent_pipeline - INFO - process_query:97 - === STEP 6: INSIGHTS DETECTION ===
2026-04-25 19:09:59,122 - agents.analysis_agent - INFO - detect_and_store_insights:345 - Detecting insights for database storage
2026-04-25 19:09:59,126 - agents.analysis_agent - INFO - detect_and_store_insights:424 - Detected 4 insights for database storage
2026-04-25 19:09:59,126 - services.agent_pipeline - INFO - process_query:102 - Detected 4 insights for storage
2026-04-25 19:09:59,126 - services.agent_pipeline - INFO - process_query:106 - === STEP 7: INSIGHTS STORAGE ===
2026-04-25 19:09:59,128 - agents.data_agent - INFO - execute_query:122 - Executing SQL query: 
                    INSERT INTO insights (insight_type, message, value, category, created_at) 
                    VALUES (%s, %s, %s, %s, NOW())
                
2026-04-25 19:09:59,128 - agents.data_agent - INFO - execute_query:123 - SQL Query: 
                    INSERT INTO insights (insight_type, message, value, category, created_at) 
                    VALUES (%s, %s, %s, %s, NOW())
                
2026-04-25 19:09:59,133 - agents.data_agent - ERROR - connect_to_mysql:29 - Error connecting to MySQL: 1045 (28000): Access denied for user 'root'@'localhost' (using password: NO)
2026-04-25 19:09:59,135 - agents.data_agent - WARNING - execute_query:129 - Database connection failed, using mock data
2026-04-25 19:09:59,135 - agents.data_agent - INFO - get_mock_data:173 - Using enhanced mock data with variations
2026-04-25 19:09:59,136 - agents.data_agent - INFO - execute_query:122 - Executing SQL query: 
                    INSERT INTO insights (insight_type, message, value, category, created_at) 
                    VALUES (%s, %s, %s, %s, NOW())
                
2026-04-25 19:09:59,136 - agents.data_agent - INFO - execute_query:123 - SQL Query: 
                    INSERT INTO insights (insight_type, message, value, category, created_at) 
                    VALUES (%s, %s, %s, %s, NOW())
                
2026-04-25 19:09:59,142 - agents.data_agent - ERROR - connect_to_mysql:29 - Error connecting to MySQL: 1045 (28000): Access denied for user 'root'@'localhost' (using password: NO)
2026-04-25 19:09:59,143 - agents.data_agent - WARNING - execute_query:129 - Database connection failed, using mock data
2026-04-25 19:09:59,144 - agents.data_agent - INFO - get_mock_data:173 - Using enhanced mock data with variations
2026-04-25 19:09:59,144 - agents.data_agent - INFO - execute_query:122 - Executing SQL query: 
                    INSERT INTO insights (insight_type, message, value, category, created_at) 
                    VALUES (%s, %s, %s, %s, NOW())
                
2026-04-25 19:09:59,144 - agents.data_agent - INFO - execute_query:123 - SQL Query: 
                    INSERT INTO insights (insight_type, message, value, category, created_at) 
                    VALUES (%s, %s, %s, %s, NOW())
                
2026-04-25 19:09:59,150 - agents.data_agent - ERROR - connect_to_mysql:29 - Error connecting to MySQL: 1045 (28000): Access denied for user 'root'@'localhost' (using password: NO)
2026-04-25 19:09:59,152 - agents.data_agent - WARNING - execute_query:129 - Database connection failed, using mock data
2026-04-25 19:09:59,152 - agents.data_agent - INFO - get_mock_data:173 - Using enhanced mock data with variations
2026-04-25 19:09:59,153 - agents.data_agent - INFO - execute_query:122 - Executing SQL query: 
                    INSERT INTO insights (insight_type, message, value, category, created_at) 
                    VALUES (%s, %s, %s, %s, NOW())
                
2026-04-25 19:09:59,153 - agents.data_agent - INFO - execute_query:123 - SQL Query: 
                    INSERT INTO insights (insight_type, message, value, category, created_at) 
                    VALUES (%s, %s, %s, %s, NOW())
                
2026-04-25 19:09:59,159 - agents.data_agent - ERROR - connect_to_mysql:29 - Error connecting to MySQL: 1045 (28000): Access denied for user 'root'@'localhost' (using password: NO)
2026-04-25 19:09:59,160 - agents.data_agent - WARNING - execute_query:129 - Database connection failed, using mock data
2026-04-25 19:09:59,161 - agents.data_agent - INFO - get_mock_data:173 - Using enhanced mock data with variations
2026-04-25 19:09:59,162 - services.agent_pipeline - INFO - _store_insights_in_database:183 - Successfully stored 4 insights in database
2026-04-25 19:09:59,162 - services.agent_pipeline - INFO - process_query:113 - Successfully stored 4 insights in database
2026-04-25 19:09:59,162 - services.agent_pipeline - INFO - process_query:132 - === PIPELINE COMPLETED SUCCESSFULLY ===
2026-04-25 19:09:59,163 - services.agent_pipeline - INFO - process_query:133 - Final answer: Analysis completed on sales data
2026-04-25 19:09:59,164 - services.agent_pipeline - INFO - process_query:134 - Total insights: 2
2026-04-25 19:09:59,164 - ai_analytics.main - INFO - query_ai:257 - Successfully processed query through pipeline: hi
2026-04-25 19:10:03,934 - ai_analytics.main - INFO - get_dashboard_data:288 - Generating dashboard data
2026-04-25 19:10:03,935 - agents.data_agent - INFO - get_data:153 - Getting data for question: get all sales data
2026-04-25 19:10:03,936 - agents.data_agent - INFO - natural_language_to_sql:37 - Converting natural language to SQL: get all sales data
2026-04-25 19:10:03,936 - agents.data_agent - INFO - natural_language_to_sql:38 - Using steps: ['get sales data']
2026-04-25 19:10:03,937 - agents.data_agent - INFO - natural_language_to_sql:114 - Generated default SQL: SELECT * FROM sales ORDER BY sale_date DESC LIMIT 100
2026-04-25 19:10:03,937 - agents.data_agent - INFO - execute_query:122 - Executing SQL query: SELECT * FROM sales ORDER BY sale_date DESC LIMIT 100
2026-04-25 19:10:03,938 - agents.data_agent - INFO - execute_query:123 - SQL Query: SELECT * FROM sales ORDER BY sale_date DESC LIMIT 100
2026-04-25 19:10:03,944 - agents.data_agent - ERROR - connect_to_mysql:29 - Error connecting to MySQL: 1045 (28000): Access denied for user 'root'@'localhost' (using password: NO)
2026-04-25 19:10:03,945 - agents.data_agent - WARNING - execute_query:129 - Database connection failed, using mock data
2026-04-25 19:10:03,946 - agents.data_agent - INFO - get_mock_data:173 - Using enhanced mock data with variations
2026-04-25 19:10:03,946 - agents.data_agent - INFO - get_data:162 - Successfully retrieved 15 records
2026-04-25 19:10:03,947 - agents.analysis_agent - INFO - aggregate_dashboard_data:240 - Aggregating dashboard data using pandas
2026-04-25 19:10:03,953 - agents.analysis_agent - INFO - aggregate_dashboard_data:262 - Generated dashboard data: 1 months, 4 regions, 3 products
2026-04-25 19:10:03,954 - ai_analytics.main - INFO - get_dashboard_data:310 - Dashboard data generated: 0 months, 0 regions, 0 products
2026-04-25 19:16:50,080 - ai_analytics.main - INFO - get_dashboard_data:288 - Generating dashboard data
2026-04-25 19:16:50,081 - agents.data_agent - INFO - __init__:30 - DataAgent initialized with config: localhost:3306/ai_analytics
2026-04-25 19:16:50,082 - agents.data_agent - INFO - get_data:169 - Getting data for question: get all sales data
2026-04-25 19:16:50,082 - agents.data_agent - INFO - natural_language_to_sql:53 - Converting natural language to SQL: get all sales data
2026-04-25 19:16:50,082 - agents.data_agent - INFO - natural_language_to_sql:54 - Using steps: ['get sales data']
2026-04-25 19:16:50,083 - agents.data_agent - INFO - natural_language_to_sql:130 - Generated default SQL: SELECT * FROM sales ORDER BY sale_date DESC LIMIT 100
2026-04-25 19:16:50,083 - agents.data_agent - INFO - execute_query:138 - Executing SQL query: SELECT * FROM sales ORDER BY sale_date DESC LIMIT 100
2026-04-25 19:16:50,085 - agents.data_agent - INFO - execute_query:139 - SQL Query: SELECT * FROM sales ORDER BY sale_date DESC LIMIT 100
2026-04-25 19:16:50,085 - agents.data_agent - INFO - connect_to_mysql:36 - Attempting to connect to MySQL (attempt 1/3)
2026-04-25 19:16:50,112 - agents.data_agent - INFO - connect_to_mysql:38 - Successfully connected to MySQL database
2026-04-25 19:16:50,171 - agents.data_agent - ERROR - execute_query:156 - Error executing query: 1054 (42S22): Unknown column 'sale_date' in 'order clause'
2026-04-25 19:16:50,173 - agents.data_agent - ERROR - execute_query:157 - Failed SQL: SELECT * FROM sales ORDER BY sale_date DESC LIMIT 100
2026-04-25 19:16:50,174 - agents.data_agent - WARNING - execute_query:158 - Using mock data as fallback
2026-04-25 19:16:50,174 - agents.data_agent - INFO - get_mock_data:199 - Using enhanced mock data with variations
2026-04-25 19:16:50,176 - agents.data_agent - INFO - execute_query:163 - Database connection closed
2026-04-25 19:16:50,176 - agents.data_agent - INFO - get_data:178 - Successfully retrieved 15 records
2026-04-25 19:16:50,177 - agents.analysis_agent - INFO - aggregate_dashboard_data:235 - Aggregating dashboard data using pandas. Data length: 15
2026-04-25 19:16:50,177 - agents.analysis_agent - INFO - aggregate_dashboard_data:236 - Data sample: [{'id': 1, 'product': 'Laptop', 'quantity': 25, 'revenue': 125000.0, 'date': '2024-01-15', 'region': 'North'}, {'id': 2, 'product': 'Phone', 'quantity': 35, 'revenue': 70000.0, 'date': '2024-01-16', 'region': 'South'}]
2026-04-25 19:16:50,191 - agents.analysis_agent - INFO - aggregate_dashboard_data:259 - Generated dashboard data: 1 months, 4 regions, 3 products
2026-04-25 19:16:50,192 - ai_analytics.main - INFO - get_dashboard_data:310 - Dashboard data generated: 0 months, 0 regions, 0 products
2026-04-25 19:16:56,237 - ai_analytics.main - INFO - query_ai:232 - Processing query through multi-agent pipeline: hi
2026-04-25 19:16:56,238 - services.agent_pipeline - INFO - process_query:38 - Starting pipeline processing for question: hi
2026-04-25 19:16:56,238 - services.agent_pipeline - INFO - process_query:49 - === STEP 1: PLANNER AGENT ===
2026-04-25 19:16:56,240 - agents.planner_agent - INFO - plan_query:26 - Planning query: hi
2026-04-25 19:16:56,241 - agents.planner_agent - INFO - plan_query:62 - Using default analysis for question: hi
2026-04-25 19:16:56,241 - agents.planner_agent - INFO - plan_query:64 - Generated steps: ['get sales data', 'analyze data']
2026-04-25 19:16:56,241 - services.agent_pipeline - INFO - process_query:54 - Planner generated steps: ['get sales data', 'analyze data']
2026-04-25 19:16:56,242 - services.agent_pipeline - INFO - process_query:58 - === STEP 2: DATA AGENT ===
2026-04-25 19:16:56,242 - agents.data_agent - INFO - get_data:169 - Getting data for question: hi
2026-04-25 19:16:56,243 - agents.data_agent - INFO - natural_language_to_sql:53 - Converting natural language to SQL: hi
2026-04-25 19:16:56,244 - agents.data_agent - INFO - natural_language_to_sql:54 - Using steps: ['get sales data', 'analyze data']
2026-04-25 19:16:56,245 - agents.data_agent - INFO - natural_language_to_sql:130 - Generated default SQL: SELECT * FROM sales ORDER BY sale_date DESC LIMIT 100
2026-04-25 19:16:56,246 - agents.data_agent - INFO - execute_query:138 - Executing SQL query: SELECT * FROM sales ORDER BY sale_date DESC LIMIT 100
2026-04-25 19:16:56,246 - agents.data_agent - INFO - execute_query:139 - SQL Query: SELECT * FROM sales ORDER BY sale_date DESC LIMIT 100
2026-04-25 19:16:56,247 - agents.data_agent - INFO - connect_to_mysql:36 - Attempting to connect to MySQL (attempt 1/3)
2026-04-25 19:16:56,253 - agents.data_agent - INFO - connect_to_mysql:38 - Successfully connected to MySQL database
2026-04-25 19:16:56,254 - agents.data_agent - ERROR - execute_query:156 - Error executing query: 1054 (42S22): Unknown column 'sale_date' in 'order clause'
2026-04-25 19:16:56,256 - agents.data_agent - ERROR - execute_query:157 - Failed SQL: SELECT * FROM sales ORDER BY sale_date DESC LIMIT 100
2026-04-25 19:16:56,257 - agents.data_agent - WARNING - execute_query:158 - Using mock data as fallback
2026-04-25 19:16:56,258 - agents.data_agent - INFO - get_mock_data:199 - Using enhanced mock data with variations
2026-04-25 19:16:56,258 - agents.data_agent - INFO - execute_query:163 - Database connection closed
2026-04-25 19:16:56,259 - agents.data_agent - INFO - get_data:178 - Successfully retrieved 15 records
2026-04-25 19:16:56,260 - services.agent_pipeline - INFO - process_query:62 - Data Agent retrieved 15 records
2026-04-25 19:16:56,261 - services.agent_pipeline - INFO - process_query:73 - === STEP 3: ANALYSIS AGENT ===
2026-04-25 19:16:56,261 - agents.analysis_agent - INFO - analyze_data:24 - Analyzing data for question: hi
2026-04-25 19:16:56,261 - agents.analysis_agent - INFO - analyze_data:25 - Using steps: ['get sales data', 'analyze data']
2026-04-25 19:16:56,262 - agents.analysis_agent - INFO - analyze_data:35 - Created DataFrame with 15 rows and 6 columns
2026-04-25 19:16:56,264 - agents.analysis_agent - INFO - analyze_data:75 - Generated 2 insights
2026-04-25 19:16:56,264 - services.agent_pipeline - INFO - process_query:77 - Analysis Agent generated 2 insights
2026-04-25 19:16:56,265 - services.agent_pipeline - INFO - process_query:81 - === STEP 4: REPORT AGENT ===
2026-04-25 19:16:56,266 - agents.report_agent - INFO - generate_report:21 - Generating human-readable report
2026-04-25 19:16:56,266 - agents.report_agent - INFO - generate_report:38 - Generated report with 2 insights
2026-04-25 19:16:56,267 - services.agent_pipeline - INFO - process_query:85 - Report Agent: Generated human-readable response
2026-04-25 19:16:56,267 - services.agent_pipeline - INFO - process_query:89 - === STEP 5: DASHBOARD DATA AGGREGATION ===
2026-04-25 19:16:56,268 - agents.analysis_agent - INFO - aggregate_dashboard_data:235 - Aggregating dashboard data using pandas. Data length: 15
2026-04-25 19:16:56,268 - agents.analysis_agent - INFO - aggregate_dashboard_data:236 - Data sample: [{'id': 1, 'product': 'Laptop', 'quantity': 25, 'revenue': 125000.0, 'date': '2024-01-15', 'region': 'North'}, {'id': 2, 'product': 'Phone', 'quantity': 35, 'revenue': 70000.0, 'date': '2024-01-16', 'region': 'South'}]
2026-04-25 19:16:56,276 - agents.analysis_agent - INFO - aggregate_dashboard_data:259 - Generated dashboard data: 1 months, 4 regions, 3 products
2026-04-25 19:16:56,278 - services.agent_pipeline - INFO - process_query:93 - Dashboard data aggregated: 1 months, 4 regions, 3 products
2026-04-25 19:16:56,279 - services.agent_pipeline - INFO - process_query:97 - === STEP 6: INSIGHTS DETECTION ===
2026-04-25 19:16:56,280 - agents.analysis_agent - INFO - detect_and_store_insights:342 - Detecting insights for database storage
2026-04-25 19:16:56,283 - agents.analysis_agent - INFO - detect_and_store_insights:421 - Detected 4 insights for database storage
2026-04-25 19:16:56,284 - services.agent_pipeline - INFO - process_query:102 - Detected 4 insights for storage
2026-04-25 19:16:56,285 - services.agent_pipeline - INFO - process_query:106 - === STEP 7: INSIGHTS STORAGE ===
2026-04-25 19:16:56,285 - agents.data_agent - INFO - __init__:30 - DataAgent initialized with config: localhost:3306/ai_analytics
2026-04-25 19:16:56,286 - agents.data_agent - INFO - execute_query:138 - Executing SQL query: 
                    INSERT INTO insights (insight_type, message, value, category, created_at) 
                    VALUES (%s, %s, %s, %s, NOW())
                
2026-04-25 19:16:56,286 - agents.data_agent - INFO - execute_query:139 - SQL Query: 
                    INSERT INTO insights (insight_type, message, value, category, created_at) 
                    VALUES (%s, %s, %s, %s, NOW())
                
2026-04-25 19:16:56,288 - agents.data_agent - INFO - connect_to_mysql:36 - Attempting to connect to MySQL (attempt 1/3)
2026-04-25 19:16:56,293 - agents.data_agent - INFO - connect_to_mysql:38 - Successfully connected to MySQL database
2026-04-25 19:16:56,298 - agents.data_agent - ERROR - execute_query:156 - Error executing query: 1064 (42000): You have an error in your SQL syntax; check the manual that corresponds to your MySQL server version for the right syntax to use near '%s, %s, %s, %s, NOW())' at line 2
2026-04-25 19:16:56,299 - agents.data_agent - ERROR - execute_query:157 - Failed SQL: 
                    INSERT INTO insights (insight_type, message, value, category, created_at) 
                    VALUES (%s, %s, %s, %s, NOW())
                
2026-04-25 19:16:56,300 - agents.data_agent - WARNING - execute_query:158 - Using mock data as fallback
2026-04-25 19:16:56,300 - agents.data_agent - INFO - get_mock_data:199 - Using enhanced mock data with variations
2026-04-25 19:16:56,301 - agents.data_agent - INFO - execute_query:163 - Database connection closed
2026-04-25 19:16:56,302 - agents.data_agent - INFO - execute_query:138 - Executing SQL query: 
                    INSERT INTO insights (insight_type, message, value, category, created_at) 
                    VALUES (%s, %s, %s, %s, NOW())
                
2026-04-25 19:16:56,304 - agents.data_agent - INFO - execute_query:139 - SQL Query: 
                    INSERT INTO insights (insight_type, message, value, category, created_at) 
                    VALUES (%s, %s, %s, %s, NOW())
                
2026-04-25 19:16:56,304 - agents.data_agent - INFO - connect_to_mysql:36 - Attempting to connect to MySQL (attempt 1/3)
2026-04-25 19:16:56,310 - agents.data_agent - INFO - connect_to_mysql:38 - Successfully connected to MySQL database
2026-04-25 19:16:56,311 - agents.data_agent - ERROR - execute_query:156 - Error executing query: 1064 (42000): You have an error in your SQL syntax; check the manual that corresponds to your MySQL server version for the right syntax to use near '%s, %s, %s, %s, NOW())' at line 2
2026-04-25 19:16:56,312 - agents.data_agent - ERROR - execute_query:157 - Failed SQL: 
                    INSERT INTO insights (insight_type, message, value, category, created_at) 
                    VALUES (%s, %s, %s, %s, NOW())
                
2026-04-25 19:16:56,313 - agents.data_agent - WARNING - execute_query:158 - Using mock data as fallback
2026-04-25 19:16:56,313 - agents.data_agent - INFO - get_mock_data:199 - Using enhanced mock data with variations
2026-04-25 19:16:56,315 - agents.data_agent - INFO - execute_query:163 - Database connection closed
2026-04-25 19:16:56,316 - agents.data_agent - INFO - execute_query:138 - Executing SQL query: 
                    INSERT INTO insights (insight_type, message, value, category, created_at) 
                    VALUES (%s, %s, %s, %s, NOW())
                
2026-04-25 19:16:56,316 - agents.data_agent - INFO - execute_query:139 - SQL Query: 
                    INSERT INTO insights (insight_type, message, value, category, created_at) 
                    VALUES (%s, %s, %s, %s, NOW())
                
2026-04-25 19:16:56,317 - agents.data_agent - INFO - connect_to_mysql:36 - Attempting to connect to MySQL (attempt 1/3)
2026-04-25 19:16:56,324 - agents.data_agent - INFO - connect_to_mysql:38 - Successfully connected to MySQL database
2026-04-25 19:16:56,325 - agents.data_agent - ERROR - execute_query:156 - Error executing query: 1064 (42000): You have an error in your SQL syntax; check the manual that corresponds to your MySQL server version for the right syntax to use near '%s, %s, %s, %s, NOW())' at line 2
2026-04-25 19:16:56,326 - agents.data_agent - ERROR - execute_query:157 - Failed SQL: 
                    INSERT INTO insights (insight_type, message, value, category, created_at) 
                    VALUES (%s, %s, %s, %s, NOW())
                
2026-04-25 19:16:56,327 - agents.data_agent - WARNING - execute_query:158 - Using mock data as fallback
2026-04-25 19:16:56,328 - agents.data_agent - INFO - get_mock_data:199 - Using enhanced mock data with variations
2026-04-25 19:16:56,329 - agents.data_agent - INFO - execute_query:163 - Database connection closed
2026-04-25 19:16:56,329 - agents.data_agent - INFO - execute_query:138 - Executing SQL query: 
                    INSERT INTO insights (insight_type, message, value, category, created_at) 
                    VALUES (%s, %s, %s, %s, NOW())
                
2026-04-25 19:16:56,330 - agents.data_agent - INFO - execute_query:139 - SQL Query: 
                    INSERT INTO insights (insight_type, message, value, category, created_at) 
                    VALUES (%s, %s, %s, %s, NOW())
                
2026-04-25 19:16:56,331 - agents.data_agent - INFO - connect_to_mysql:36 - Attempting to connect to MySQL (attempt 1/3)
2026-04-25 19:16:56,338 - agents.data_agent - INFO - connect_to_mysql:38 - Successfully connected to MySQL database
2026-04-25 19:16:56,339 - agents.data_agent - ERROR - execute_query:156 - Error executing query: 1064 (42000): You have an error in your SQL syntax; check the manual that corresponds to your MySQL server version for the right syntax to use near '%s, %s, %s, %s, NOW())' at line 2
2026-04-25 19:16:56,340 - agents.data_agent - ERROR - execute_query:157 - Failed SQL: 
                    INSERT INTO insights (insight_type, message, value, category, created_at) 
                    VALUES (%s, %s, %s, %s, NOW())
                
2026-04-25 19:16:56,340 - agents.data_agent - WARNING - execute_query:158 - Using mock data as fallback
2026-04-25 19:16:56,342 - agents.data_agent - INFO - get_mock_data:199 - Using enhanced mock data with variations
2026-04-25 19:16:56,343 - agents.data_agent - INFO - execute_query:163 - Database connection closed
2026-04-25 19:16:56,344 - services.agent_pipeline - INFO - _store_insights_in_database:183 - Successfully stored 4 insights in database
2026-04-25 19:16:56,344 - services.agent_pipeline - INFO - process_query:113 - Successfully stored 4 insights in database
2026-04-25 19:16:56,344 - services.agent_pipeline - INFO - process_query:132 - === PIPELINE COMPLETED SUCCESSFULLY ===
2026-04-25 19:16:56,345 - services.agent_pipeline - INFO - process_query:133 - Final answer: Analysis completed on sales data
2026-04-25 19:16:56,345 - services.agent_pipeline - INFO - process_query:134 - Total insights: 2
2026-04-25 19:16:56,346 - ai_analytics.main - INFO - query_ai:257 - Successfully processed query through pipeline: hi
2026-04-25 19:18:08,035 - ai_analytics.main - INFO - get_dashboard_data:288 - Generating dashboard data
2026-04-25 19:18:08,036 - agents.data_agent - INFO - __init__:30 - DataAgent initialized with config: localhost:3306/ai_analytics
2026-04-25 19:18:08,037 - agents.data_agent - INFO - get_data:169 - Getting data for question: get all sales data
2026-04-25 19:18:08,037 - agents.data_agent - INFO - natural_language_to_sql:53 - Converting natural language to SQL: get all sales data
2026-04-25 19:18:08,038 - agents.data_agent - INFO - natural_language_to_sql:54 - Using steps: ['get sales data']
2026-04-25 19:18:08,038 - agents.data_agent - INFO - natural_language_to_sql:130 - Generated default SQL: SELECT * FROM sales ORDER BY sale_date DESC LIMIT 100
2026-04-25 19:18:08,039 - agents.data_agent - INFO - execute_query:138 - Executing SQL query: SELECT * FROM sales ORDER BY sale_date DESC LIMIT 100
2026-04-25 19:18:08,040 - agents.data_agent - INFO - execute_query:139 - SQL Query: SELECT * FROM sales ORDER BY sale_date DESC LIMIT 100
2026-04-25 19:18:08,040 - agents.data_agent - INFO - connect_to_mysql:36 - Attempting to connect to MySQL (attempt 1/3)
2026-04-25 19:18:08,050 - agents.data_agent - INFO - connect_to_mysql:38 - Successfully connected to MySQL database
2026-04-25 19:18:08,052 - agents.data_agent - ERROR - execute_query:156 - Error executing query: 1054 (42S22): Unknown column 'sale_date' in 'order clause'
2026-04-25 19:18:08,053 - agents.data_agent - ERROR - execute_query:157 - Failed SQL: SELECT * FROM sales ORDER BY sale_date DESC LIMIT 100
2026-04-25 19:18:08,054 - agents.data_agent - WARNING - execute_query:158 - Using mock data as fallback
2026-04-25 19:18:08,054 - agents.data_agent - INFO - get_mock_data:199 - Using enhanced mock data with variations
2026-04-25 19:18:08,055 - agents.data_agent - INFO - execute_query:163 - Database connection closed
2026-04-25 19:18:08,056 - agents.data_agent - INFO - get_data:178 - Successfully retrieved 15 records
2026-04-25 19:18:08,056 - agents.analysis_agent - INFO - aggregate_dashboard_data:235 - Aggregating dashboard data using pandas. Data length: 15
2026-04-25 19:18:08,057 - agents.analysis_agent - INFO - aggregate_dashboard_data:236 - Data sample: [{'id': 1, 'product': 'Laptop', 'quantity': 25, 'revenue': 125000.0, 'date': '2024-01-15', 'region': 'North'}, {'id': 2, 'product': 'Phone', 'quantity': 35, 'revenue': 70000.0, 'date': '2024-01-16', 'region': 'South'}]
2026-04-25 19:18:08,064 - agents.analysis_agent - INFO - aggregate_dashboard_data:259 - Generated dashboard data: 1 months, 4 regions, 3 products
2026-04-25 19:18:08,064 - ai_analytics.main - INFO - get_dashboard_data:310 - Dashboard data generated: 0 months, 0 regions, 0 products
2026-04-25 19:22:49,312 - ai_analytics.main - INFO - get_dashboard_data:288 - Generating dashboard data
2026-04-25 19:22:49,312 - agents.data_agent - INFO - __init__:30 - DataAgent initialized with config: localhost:3306/ai_analytics
2026-04-25 19:22:49,314 - agents.data_agent - INFO - get_data:169 - === DATA FLOW TRACE ===
2026-04-25 19:22:49,314 - agents.data_agent - INFO - get_data:170 - 1. Question received: get all sales data
2026-04-25 19:22:49,314 - agents.data_agent - INFO - get_data:171 - 2. Steps generated: ['get sales data']
2026-04-25 19:22:49,315 - agents.data_agent - INFO - get_data:172 - 3. DB Config: localhost:3306/ai_analytics
2026-04-25 19:22:49,316 - agents.data_agent - INFO - natural_language_to_sql:53 - Converting natural language to SQL: get all sales data
2026-04-25 19:22:49,316 - agents.data_agent - INFO - natural_language_to_sql:54 - Using steps: ['get sales data']
2026-04-25 19:22:49,316 - agents.data_agent - INFO - natural_language_to_sql:130 - Generated default SQL: SELECT * FROM sales ORDER BY sale_date DESC LIMIT 100
2026-04-25 19:22:49,318 - agents.data_agent - INFO - get_data:177 - 4. Generated SQL: SELECT * FROM sales ORDER BY sale_date DESC LIMIT 100
2026-04-25 19:22:49,318 - agents.data_agent - INFO - execute_query:138 - Executing SQL query: SELECT * FROM sales ORDER BY sale_date DESC LIMIT 100
2026-04-25 19:22:49,319 - agents.data_agent - INFO - execute_query:139 - SQL Query: SELECT * FROM sales ORDER BY sale_date DESC LIMIT 100
2026-04-25 19:22:49,319 - agents.data_agent - INFO - connect_to_mysql:36 - Attempting to connect to MySQL (attempt 1/3)
2026-04-25 19:22:49,339 - agents.data_agent - INFO - connect_to_mysql:38 - Successfully connected to MySQL database
2026-04-25 19:22:49,342 - agents.data_agent - ERROR - execute_query:156 - Error executing query: 1054 (42S22): Unknown column 'sale_date' in 'order clause'
2026-04-25 19:22:49,342 - agents.data_agent - ERROR - execute_query:157 - Failed SQL: SELECT * FROM sales ORDER BY sale_date DESC LIMIT 100
2026-04-25 19:22:49,344 - agents.data_agent - WARNING - execute_query:158 - Using mock data as fallback
2026-04-25 19:22:49,344 - agents.data_agent - INFO - get_mock_data:203 - Using enhanced mock data with variations
2026-04-25 19:22:49,345 - agents.data_agent - INFO - execute_query:163 - Database connection closed
2026-04-25 19:22:49,345 - agents.data_agent - INFO - get_data:182 - 5. Query executed successfully
2026-04-25 19:22:49,346 - agents.data_agent - INFO - get_data:183 - 6. Records retrieved: 15
2026-04-25 19:22:49,346 - agents.data_agent - INFO - get_data:185 - 7. Sample record: {'id': 1, 'product': 'Laptop', 'quantity': 25, 'revenue': 125000.0, 'date': '2024-01-15', 'region': 'North'}
2026-04-25 19:22:49,347 - agents.analysis_agent - INFO - aggregate_dashboard_data:235 - === DASHBOARD AGGREGATION TRACE ===
2026-04-25 19:22:49,347 - agents.analysis_agent - INFO - aggregate_dashboard_data:236 - 1. Input data length: 15
2026-04-25 19:22:49,347 - agents.analysis_agent - INFO - aggregate_dashboard_data:237 - 2. Data sample: [{'id': 1, 'product': 'Laptop', 'quantity': 25, 'revenue': 125000.0, 'date': '2024-01-15', 'region': 'North'}, {'id': 2, 'product': 'Phone', 'quantity': 35, 'revenue': 70000.0, 'date': '2024-01-16', 'region': 'South'}]
2026-04-25 19:22:49,349 - agents.analysis_agent - INFO - aggregate_dashboard_data:246 - 4. DataFrame created with shape: (15, 6)
2026-04-25 19:22:49,350 - agents.analysis_agent - INFO - aggregate_dashboard_data:256 - 5. All required columns present: ['product', 'quantity', 'revenue', 'date', 'region']
2026-04-25 19:22:49,352 - agents.analysis_agent - INFO - aggregate_dashboard_data:261 - 6. Revenue type converted. Range: 24000.0 - 150000.0
2026-04-25 19:22:49,354 - agents.analysis_agent - INFO - aggregate_dashboard_data:267 - 7. Date column processed: date -> sale_date
2026-04-25 19:22:49,363 - agents.analysis_agent - INFO - aggregate_dashboard_data:280 - 8. Generated dashboard data:
2026-04-25 19:22:49,363 - agents.analysis_agent - INFO - aggregate_dashboard_data:281 -    - Monthly sales: 1 months
2026-04-25 19:22:49,364 - agents.analysis_agent - INFO - aggregate_dashboard_data:282 -    - Region sales: 4 regions
2026-04-25 19:22:49,364 - agents.analysis_agent - INFO - aggregate_dashboard_data:283 -    - Product sales: 3 products
2026-04-25 19:22:49,365 - agents.analysis_agent - INFO - aggregate_dashboard_data:286 - 9. Sample monthly data: {'month': '2024-01', 'revenue': 982000.0}
2026-04-25 19:22:49,366 - agents.analysis_agent - INFO - aggregate_dashboard_data:288 - 10. Sample region data: {'region': 'North', 'revenue': 319000.0}
2026-04-25 19:22:49,366 - agents.analysis_agent - INFO - aggregate_dashboard_data:290 - 11. Sample product data: {'product': 'Laptop', 'revenue': 505000.0}
2026-04-25 19:22:49,366 - ai_analytics.main - INFO - get_dashboard_data:310 - Dashboard data generated: 0 months, 0 regions, 0 products
2026-04-25 19:23:08,329 - ai_analytics.main - INFO - query_ai:232 - Processing query through multi-agent pipeline: hi
2026-04-25 19:23:08,330 - services.agent_pipeline - INFO - process_query:38 - Starting pipeline processing for question: hi
2026-04-25 19:23:08,331 - services.agent_pipeline - INFO - process_query:49 - === STEP 1: PLANNER AGENT ===
2026-04-25 19:23:08,331 - agents.planner_agent - INFO - plan_query:26 - Planning query: hi
2026-04-25 19:23:08,332 - agents.planner_agent - INFO - plan_query:62 - Using default analysis for question: hi
2026-04-25 19:23:08,332 - agents.planner_agent - INFO - plan_query:64 - Generated steps: ['get sales data', 'analyze data']
2026-04-25 19:23:08,333 - services.agent_pipeline - INFO - process_query:54 - Planner generated steps: ['get sales data', 'analyze data']
2026-04-25 19:23:08,333 - services.agent_pipeline - INFO - process_query:58 - === STEP 2: DATA AGENT ===
2026-04-25 19:23:08,333 - agents.data_agent - INFO - get_data:169 - === DATA FLOW TRACE ===
2026-04-25 19:23:08,335 - agents.data_agent - INFO - get_data:170 - 1. Question received: hi
2026-04-25 19:23:08,336 - agents.data_agent - INFO - get_data:171 - 2. Steps generated: ['get sales data', 'analyze data']
2026-04-25 19:23:08,336 - agents.data_agent - INFO - get_data:172 - 3. DB Config: localhost:3306/ai_analytics
2026-04-25 19:23:08,336 - agents.data_agent - INFO - natural_language_to_sql:53 - Converting natural language to SQL: hi
2026-04-25 19:23:08,337 - agents.data_agent - INFO - natural_language_to_sql:54 - Using steps: ['get sales data', 'analyze data']
2026-04-25 19:23:08,337 - agents.data_agent - INFO - natural_language_to_sql:130 - Generated default SQL: SELECT * FROM sales ORDER BY sale_date DESC LIMIT 100
2026-04-25 19:23:08,338 - agents.data_agent - INFO - get_data:177 - 4. Generated SQL: SELECT * FROM sales ORDER BY sale_date DESC LIMIT 100
2026-04-25 19:23:08,338 - agents.data_agent - INFO - execute_query:138 - Executing SQL query: SELECT * FROM sales ORDER BY sale_date DESC LIMIT 100
2026-04-25 19:23:08,339 - agents.data_agent - INFO - execute_query:139 - SQL Query: SELECT * FROM sales ORDER BY sale_date DESC LIMIT 100
2026-04-25 19:23:08,339 - agents.data_agent - INFO - connect_to_mysql:36 - Attempting to connect to MySQL (attempt 1/3)
2026-04-25 19:23:08,346 - agents.data_agent - INFO - connect_to_mysql:38 - Successfully connected to MySQL database
2026-04-25 19:23:08,347 - agents.data_agent - ERROR - execute_query:156 - Error executing query: 1054 (42S22): Unknown column 'sale_date' in 'order clause'
2026-04-25 19:23:08,348 - agents.data_agent - ERROR - execute_query:157 - Failed SQL: SELECT * FROM sales ORDER BY sale_date DESC LIMIT 100
2026-04-25 19:23:08,349 - agents.data_agent - WARNING - execute_query:158 - Using mock data as fallback
2026-04-25 19:23:08,349 - agents.data_agent - INFO - get_mock_data:203 - Using enhanced mock data with variations
2026-04-25 19:23:08,350 - agents.data_agent - INFO - execute_query:163 - Database connection closed
2026-04-25 19:23:08,352 - agents.data_agent - INFO - get_data:182 - 5. Query executed successfully
2026-04-25 19:23:08,352 - agents.data_agent - INFO - get_data:183 - 6. Records retrieved: 15
2026-04-25 19:23:08,352 - agents.data_agent - INFO - get_data:185 - 7. Sample record: {'id': 1, 'product': 'Laptop', 'quantity': 25, 'revenue': 125000.0, 'date': '2024-01-15', 'region': 'North'}
2026-04-25 19:23:08,353 - services.agent_pipeline - INFO - process_query:62 - Data Agent retrieved 15 records
2026-04-25 19:23:08,353 - services.agent_pipeline - INFO - process_query:73 - === STEP 3: ANALYSIS AGENT ===
2026-04-25 19:23:08,354 - agents.analysis_agent - INFO - analyze_data:24 - Analyzing data for question: hi
2026-04-25 19:23:08,354 - agents.analysis_agent - INFO - analyze_data:25 - Using steps: ['get sales data', 'analyze data']
2026-04-25 19:23:08,356 - agents.analysis_agent - INFO - analyze_data:35 - Created DataFrame with 15 rows and 6 columns
2026-04-25 19:23:08,356 - agents.analysis_agent - INFO - analyze_data:75 - Generated 2 insights
2026-04-25 19:23:08,357 - services.agent_pipeline - INFO - process_query:77 - Analysis Agent generated 2 insights
2026-04-25 19:23:08,357 - services.agent_pipeline - INFO - process_query:81 - === STEP 4: REPORT AGENT ===
2026-04-25 19:23:08,359 - agents.report_agent - INFO - generate_report:21 - Generating human-readable report
2026-04-25 19:23:08,359 - agents.report_agent - INFO - generate_report:38 - Generated report with 2 insights
2026-04-25 19:23:08,360 - services.agent_pipeline - INFO - process_query:85 - Report Agent: Generated human-readable response
2026-04-25 19:23:08,360 - services.agent_pipeline - INFO - process_query:89 - === STEP 5: DASHBOARD DATA AGGREGATION ===
2026-04-25 19:23:08,360 - agents.analysis_agent - INFO - aggregate_dashboard_data:235 - === DASHBOARD AGGREGATION TRACE ===
2026-04-25 19:23:08,360 - agents.analysis_agent - INFO - aggregate_dashboard_data:236 - 1. Input data length: 15
2026-04-25 19:23:08,362 - agents.analysis_agent - INFO - aggregate_dashboard_data:237 - 2. Data sample: [{'id': 1, 'product': 'Laptop', 'quantity': 25, 'revenue': 125000.0, 'date': '2024-01-15', 'region': 'North'}, {'id': 2, 'product': 'Phone', 'quantity': 35, 'revenue': 70000.0, 'date': '2024-01-16', 'region': 'South'}]
2026-04-25 19:23:08,363 - agents.analysis_agent - INFO - aggregate_dashboard_data:246 - 4. DataFrame created with shape: (15, 6)
2026-04-25 19:23:08,363 - agents.analysis_agent - INFO - aggregate_dashboard_data:256 - 5. All required columns present: ['product', 'quantity', 'revenue', 'date', 'region']
2026-04-25 19:23:08,364 - agents.analysis_agent - INFO - aggregate_dashboard_data:261 - 6. Revenue type converted. Range: 24000.0 - 150000.0
2026-04-25 19:23:08,365 - agents.analysis_agent - INFO - aggregate_dashboard_data:267 - 7. Date column processed: date -> sale_date
2026-04-25 19:23:08,371 - agents.analysis_agent - INFO - aggregate_dashboard_data:280 - 8. Generated dashboard data:
2026-04-25 19:23:08,372 - agents.analysis_agent - INFO - aggregate_dashboard_data:281 -    - Monthly sales: 1 months
2026-04-25 19:23:08,372 - agents.analysis_agent - INFO - aggregate_dashboard_data:282 -    - Region sales: 4 regions
2026-04-25 19:23:08,373 - agents.analysis_agent - INFO - aggregate_dashboard_data:283 -    - Product sales: 3 products
2026-04-25 19:23:08,373 - agents.analysis_agent - INFO - aggregate_dashboard_data:286 - 9. Sample monthly data: {'month': '2024-01', 'revenue': 982000.0}
2026-04-25 19:23:08,374 - agents.analysis_agent - INFO - aggregate_dashboard_data:288 - 10. Sample region data: {'region': 'North', 'revenue': 319000.0}
2026-04-25 19:23:08,374 - agents.analysis_agent - INFO - aggregate_dashboard_data:290 - 11. Sample product data: {'product': 'Laptop', 'revenue': 505000.0}
2026-04-25 19:23:08,374 - services.agent_pipeline - INFO - process_query:93 - Dashboard data aggregated: 1 months, 4 regions, 3 products
2026-04-25 19:23:08,375 - services.agent_pipeline - INFO - process_query:97 - === STEP 6: INSIGHTS DETECTION ===
2026-04-25 19:23:08,376 - agents.analysis_agent - INFO - detect_and_store_insights:379 - Detecting insights for database storage
2026-04-25 19:23:08,380 - agents.analysis_agent - INFO - detect_and_store_insights:458 - Detected 4 insights for database storage
2026-04-25 19:23:08,380 - services.agent_pipeline - INFO - process_query:102 - Detected 4 insights for storage
2026-04-25 19:23:08,381 - services.agent_pipeline - INFO - process_query:106 - === STEP 7: INSIGHTS STORAGE ===
2026-04-25 19:23:08,382 - agents.data_agent - INFO - __init__:30 - DataAgent initialized with config: localhost:3306/ai_analytics
2026-04-25 19:23:08,382 - agents.data_agent - INFO - execute_query:138 - Executing SQL query: 
                    INSERT INTO insights (insight_type, message, value, category, created_at) 
                    VALUES (%s, %s, %s, %s, NOW())
                
2026-04-25 19:23:08,382 - agents.data_agent - INFO - execute_query:139 - SQL Query: 
                    INSERT INTO insights (insight_type, message, value, category, created_at) 
                    VALUES (%s, %s, %s, %s, NOW())
                
2026-04-25 19:23:08,383 - agents.data_agent - INFO - connect_to_mysql:36 - Attempting to connect to MySQL (attempt 1/3)
2026-04-25 19:23:08,389 - agents.data_agent - INFO - connect_to_mysql:38 - Successfully connected to MySQL database
2026-04-25 19:23:08,389 - agents.data_agent - ERROR - execute_query:156 - Error executing query: 1064 (42000): You have an error in your SQL syntax; check the manual that corresponds to your MySQL server version for the right syntax to use near '%s, %s, %s, %s, NOW())' at line 2
2026-04-25 19:23:08,391 - agents.data_agent - ERROR - execute_query:157 - Failed SQL: 
                    INSERT INTO insights (insight_type, message, value, category, created_at) 
                    VALUES (%s, %s, %s, %s, NOW())
                
2026-04-25 19:23:08,392 - agents.data_agent - WARNING - execute_query:158 - Using mock data as fallback
2026-04-25 19:23:08,392 - agents.data_agent - INFO - get_mock_data:203 - Using enhanced mock data with variations
2026-04-25 19:23:08,394 - agents.data_agent - INFO - execute_query:163 - Database connection closed
2026-04-25 19:23:08,394 - agents.data_agent - INFO - execute_query:138 - Executing SQL query: 
                    INSERT INTO insights (insight_type, message, value, category, created_at) 
                    VALUES (%s, %s, %s, %s, NOW())
                
2026-04-25 19:23:08,395 - agents.data_agent - INFO - execute_query:139 - SQL Query: 
                    INSERT INTO insights (insight_type, message, value, category, created_at) 
                    VALUES (%s, %s, %s, %s, NOW())
                
2026-04-25 19:23:08,395 - agents.data_agent - INFO - connect_to_mysql:36 - Attempting to connect to MySQL (attempt 1/3)
2026-04-25 19:23:08,402 - agents.data_agent - INFO - connect_to_mysql:38 - Successfully connected to MySQL database
2026-04-25 19:23:08,403 - agents.data_agent - ERROR - execute_query:156 - Error executing query: 1064 (42000): You have an error in your SQL syntax; check the manual that corresponds to your MySQL server version for the right syntax to use near '%s, %s, %s, %s, NOW())' at line 2
2026-04-25 19:23:08,404 - agents.data_agent - ERROR - execute_query:157 - Failed SQL: 
                    INSERT INTO insights (insight_type, message, value, category, created_at) 
                    VALUES (%s, %s, %s, %s, NOW())
                
2026-04-25 19:23:08,404 - agents.data_agent - WARNING - execute_query:158 - Using mock data as fallback
2026-04-25 19:23:08,405 - agents.data_agent - INFO - get_mock_data:203 - Using enhanced mock data with variations
2026-04-25 19:23:08,405 - agents.data_agent - INFO - execute_query:163 - Database connection closed
2026-04-25 19:23:08,407 - agents.data_agent - INFO - execute_query:138 - Executing SQL query: 
                    INSERT INTO insights (insight_type, message, value, category, created_at) 
                    VALUES (%s, %s, %s, %s, NOW())
                
2026-04-25 19:23:08,408 - agents.data_agent - INFO - execute_query:139 - SQL Query: 
                    INSERT INTO insights (insight_type, message, value, category, created_at) 
                    VALUES (%s, %s, %s, %s, NOW())
                
2026-04-25 19:23:08,408 - agents.data_agent - INFO - connect_to_mysql:36 - Attempting to connect to MySQL (attempt 1/3)
2026-04-25 19:23:08,414 - agents.data_agent - INFO - connect_to_mysql:38 - Successfully connected to MySQL database
2026-04-25 19:23:08,415 - agents.data_agent - ERROR - execute_query:156 - Error executing query: 1064 (42000): You have an error in your SQL syntax; check the manual that corresponds to your MySQL server version for the right syntax to use near '%s, %s, %s, %s, NOW())' at line 2
2026-04-25 19:23:08,416 - agents.data_agent - ERROR - execute_query:157 - Failed SQL: 
                    INSERT INTO insights (insight_type, message, value, category, created_at) 
                    VALUES (%s, %s, %s, %s, NOW())
                
2026-04-25 19:23:08,416 - agents.data_agent - WARNING - execute_query:158 - Using mock data as fallback
2026-04-25 19:23:08,416 - agents.data_agent - INFO - get_mock_data:203 - Using enhanced mock data with variations
2026-04-25 19:23:08,418 - agents.data_agent - INFO - execute_query:163 - Database connection closed
2026-04-25 19:23:08,418 - agents.data_agent - INFO - execute_query:138 - Executing SQL query: 
                    INSERT INTO insights (insight_type, message, value, category, created_at) 
                    VALUES (%s, %s, %s, %s, NOW())
                
2026-04-25 19:23:08,420 - agents.data_agent - INFO - execute_query:139 - SQL Query: 
                    INSERT INTO insights (insight_type, message, value, category, created_at) 
                    VALUES (%s, %s, %s, %s, NOW())
                
2026-04-25 19:23:08,420 - agents.data_agent - INFO - connect_to_mysql:36 - Attempting to connect to MySQL (attempt 1/3)
2026-04-25 19:23:08,426 - agents.data_agent - INFO - connect_to_mysql:38 - Successfully connected to MySQL database
2026-04-25 19:23:08,428 - agents.data_agent - ERROR - execute_query:156 - Error executing query: 1064 (42000): You have an error in your SQL syntax; check the manual that corresponds to your MySQL server version for the right syntax to use near '%s, %s, %s, %s, NOW())' at line 2
2026-04-25 19:23:08,428 - agents.data_agent - ERROR - execute_query:157 - Failed SQL: 
                    INSERT INTO insights (insight_type, message, value, category, created_at) 
                    VALUES (%s, %s, %s, %s, NOW())
                
2026-04-25 19:23:08,429 - agents.data_agent - WARNING - execute_query:158 - Using mock data as fallback
2026-04-25 19:23:08,430 - agents.data_agent - INFO - get_mock_data:203 - Using enhanced mock data with variations
2026-04-25 19:23:08,431 - agents.data_agent - INFO - execute_query:163 - Database connection closed
2026-04-25 19:23:08,431 - services.agent_pipeline - INFO - _store_insights_in_database:183 - Successfully stored 4 insights in database
2026-04-25 19:23:08,432 - services.agent_pipeline - INFO - process_query:113 - Successfully stored 4 insights in database
2026-04-25 19:23:08,432 - services.agent_pipeline - INFO - process_query:132 - === PIPELINE COMPLETED SUCCESSFULLY ===
2026-04-25 19:23:08,432 - services.agent_pipeline - INFO - process_query:133 - Final answer: Analysis completed on sales data
2026-04-25 19:23:08,434 - services.agent_pipeline - INFO - process_query:134 - Total insights: 2
2026-04-25 19:23:08,434 - ai_analytics.main - INFO - query_ai:257 - Successfully processed query through pipeline: hi
2026-04-26 16:07:50,819 - ai_analytics.main - INFO - query_ai:232 - Processing query through multi-agent pipeline: hu
2026-04-26 16:07:50,819 - services.agent_pipeline - INFO - process_query:38 - Starting pipeline processing for question: hu
2026-04-26 16:07:50,820 - services.agent_pipeline - INFO - process_query:49 - === STEP 1: PLANNER AGENT ===
2026-04-26 16:07:50,820 - agents.planner_agent - INFO - plan_query:26 - Planning query: hu
2026-04-26 16:07:50,821 - agents.planner_agent - INFO - plan_query:62 - Using default analysis for question: hu
2026-04-26 16:07:50,821 - agents.planner_agent - INFO - plan_query:64 - Generated steps: ['get sales data', 'analyze data']
2026-04-26 16:07:50,822 - services.agent_pipeline - INFO - process_query:54 - Planner generated steps: ['get sales data', 'analyze data']
2026-04-26 16:07:50,822 - services.agent_pipeline - INFO - process_query:58 - === STEP 2: DATA AGENT ===
2026-04-26 16:07:50,823 - agents.data_agent - INFO - get_data:169 - === DATA FLOW TRACE ===
2026-04-26 16:07:50,823 - agents.data_agent - INFO - get_data:170 - 1. Question received: hu
2026-04-26 16:07:50,823 - agents.data_agent - INFO - get_data:171 - 2. Steps generated: ['get sales data', 'analyze data']
2026-04-26 16:07:50,825 - agents.data_agent - INFO - get_data:172 - 3. DB Config: localhost:3306/ai_analytics
2026-04-26 16:07:50,825 - agents.data_agent - INFO - natural_language_to_sql:53 - Converting natural language to SQL: hu
2026-04-26 16:07:50,826 - agents.data_agent - INFO - natural_language_to_sql:54 - Using steps: ['get sales data', 'analyze data']
2026-04-26 16:07:50,826 - agents.data_agent - INFO - natural_language_to_sql:130 - Generated default SQL: SELECT * FROM sales ORDER BY sale_date DESC LIMIT 100
2026-04-26 16:07:50,827 - agents.data_agent - INFO - get_data:177 - 4. Generated SQL: SELECT * FROM sales ORDER BY sale_date DESC LIMIT 100
2026-04-26 16:07:50,827 - agents.data_agent - INFO - execute_query:138 - Executing SQL query: SELECT * FROM sales ORDER BY sale_date DESC LIMIT 100
2026-04-26 16:07:50,827 - agents.data_agent - INFO - execute_query:139 - SQL Query: SELECT * FROM sales ORDER BY sale_date DESC LIMIT 100
2026-04-26 16:07:50,828 - agents.data_agent - INFO - connect_to_mysql:36 - Attempting to connect to MySQL (attempt 1/3)
2026-04-26 16:07:50,942 - agents.data_agent - INFO - connect_to_mysql:38 - Successfully connected to MySQL database
2026-04-26 16:07:50,952 - agents.data_agent - ERROR - execute_query:156 - Error executing query: 1054 (42S22): Unknown column 'sale_date' in 'order clause'
2026-04-26 16:07:50,953 - agents.data_agent - ERROR - execute_query:157 - Failed SQL: SELECT * FROM sales ORDER BY sale_date DESC LIMIT 100
2026-04-26 16:07:50,953 - agents.data_agent - WARNING - execute_query:158 - Using mock data as fallback
2026-04-26 16:07:50,955 - agents.data_agent - INFO - get_mock_data:203 - Using enhanced mock data with variations
2026-04-26 16:07:50,956 - agents.data_agent - INFO - execute_query:163 - Database connection closed
2026-04-26 16:07:50,956 - agents.data_agent - INFO - get_data:182 - 5. Query executed successfully
2026-04-26 16:07:50,957 - agents.data_agent - INFO - get_data:183 - 6. Records retrieved: 15
2026-04-26 16:07:50,957 - agents.data_agent - INFO - get_data:185 - 7. Sample record: {'id': 1, 'product': 'Laptop', 'quantity': 25, 'revenue': 125000.0, 'date': '2024-01-15', 'region': 'North'}
2026-04-26 16:07:50,958 - services.agent_pipeline - INFO - process_query:62 - Data Agent retrieved 15 records
2026-04-26 16:07:50,958 - services.agent_pipeline - INFO - process_query:73 - === STEP 3: ANALYSIS AGENT ===
2026-04-26 16:07:50,959 - agents.analysis_agent - INFO - analyze_data:24 - Analyzing data for question: hu
2026-04-26 16:07:50,959 - agents.analysis_agent - INFO - analyze_data:25 - Using steps: ['get sales data', 'analyze data']
2026-04-26 16:07:50,967 - agents.analysis_agent - INFO - analyze_data:35 - Created DataFrame with 15 rows and 6 columns
2026-04-26 16:07:50,980 - agents.analysis_agent - INFO - analyze_data:75 - Generated 2 insights
2026-04-26 16:07:50,981 - services.agent_pipeline - INFO - process_query:77 - Analysis Agent generated 2 insights
2026-04-26 16:07:50,983 - services.agent_pipeline - INFO - process_query:81 - === STEP 4: REPORT AGENT ===
2026-04-26 16:07:50,983 - agents.report_agent - INFO - generate_report:21 - Generating human-readable report
2026-04-26 16:07:50,984 - agents.report_agent - INFO - generate_report:38 - Generated report with 2 insights
2026-04-26 16:07:50,985 - services.agent_pipeline - INFO - process_query:85 - Report Agent: Generated human-readable response
2026-04-26 16:07:50,985 - services.agent_pipeline - INFO - process_query:89 - === STEP 5: DASHBOARD DATA AGGREGATION ===
2026-04-26 16:07:50,985 - agents.analysis_agent - INFO - aggregate_dashboard_data:235 - === DASHBOARD AGGREGATION TRACE ===
2026-04-26 16:07:50,986 - agents.analysis_agent - INFO - aggregate_dashboard_data:236 - 1. Input data length: 15
2026-04-26 16:07:50,986 - agents.analysis_agent - INFO - aggregate_dashboard_data:237 - 2. Data sample: [{'id': 1, 'product': 'Laptop', 'quantity': 25, 'revenue': 125000.0, 'date': '2024-01-15', 'region': 'North'}, {'id': 2, 'product': 'Phone', 'quantity': 35, 'revenue': 70000.0, 'date': '2024-01-16', 'region': 'South'}]
2026-04-26 16:07:50,987 - agents.analysis_agent - INFO - aggregate_dashboard_data:246 - 4. DataFrame created with shape: (15, 6)
2026-04-26 16:07:50,988 - agents.analysis_agent - INFO - aggregate_dashboard_data:256 - 5. All required columns present: ['product', 'quantity', 'revenue', 'date', 'region']
2026-04-26 16:07:50,989 - agents.analysis_agent - INFO - aggregate_dashboard_data:261 - 6. Revenue type converted. Range: 24000.0 - 150000.0
2026-04-26 16:07:50,996 - agents.analysis_agent - INFO - aggregate_dashboard_data:267 - 7. Date column processed: date -> sale_date
2026-04-26 16:07:51,019 - agents.analysis_agent - INFO - aggregate_dashboard_data:280 - 8. Generated dashboard data:
2026-04-26 16:07:51,020 - agents.analysis_agent - INFO - aggregate_dashboard_data:281 -    - Monthly sales: 1 months
2026-04-26 16:07:51,020 - agents.analysis_agent - INFO - aggregate_dashboard_data:282 -    - Region sales: 4 regions
2026-04-26 16:07:51,020 - agents.analysis_agent - INFO - aggregate_dashboard_data:283 -    - Product sales: 3 products
2026-04-26 16:07:51,022 - agents.analysis_agent - INFO - aggregate_dashboard_data:286 - 9. Sample monthly data: {'month': '2024-01', 'revenue': 982000.0}
2026-04-26 16:07:51,022 - agents.analysis_agent - INFO - aggregate_dashboard_data:288 - 10. Sample region data: {'region': 'North', 'revenue': 319000.0}
2026-04-26 16:07:51,023 - agents.analysis_agent - INFO - aggregate_dashboard_data:290 - 11. Sample product data: {'product': 'Laptop', 'revenue': 505000.0}
2026-04-26 16:07:51,023 - services.agent_pipeline - INFO - process_query:93 - Dashboard data aggregated: 1 months, 4 regions, 3 products
2026-04-26 16:07:51,023 - services.agent_pipeline - INFO - process_query:97 - === STEP 6: INSIGHTS DETECTION ===
2026-04-26 16:07:51,025 - agents.analysis_agent - INFO - detect_and_store_insights:379 - Detecting insights for database storage
2026-04-26 16:07:51,029 - agents.analysis_agent - INFO - detect_and_store_insights:458 - Detected 4 insights for database storage
2026-04-26 16:07:51,030 - services.agent_pipeline - INFO - process_query:102 - Detected 4 insights for storage
2026-04-26 16:07:51,030 - services.agent_pipeline - INFO - process_query:106 - === STEP 7: INSIGHTS STORAGE ===
2026-04-26 16:07:51,030 - agents.data_agent - INFO - __init__:30 - DataAgent initialized with config: localhost:3306/ai_analytics
2026-04-26 16:07:51,032 - agents.data_agent - INFO - execute_query:138 - Executing SQL query: 
                    INSERT INTO insights (insight_type, message, value, category, created_at) 
                    VALUES (%s, %s, %s, %s, NOW())
                
2026-04-26 16:07:51,032 - agents.data_agent - INFO - execute_query:139 - SQL Query: 
                    INSERT INTO insights (insight_type, message, value, category, created_at) 
                    VALUES (%s, %s, %s, %s, NOW())
                
2026-04-26 16:07:51,032 - agents.data_agent - INFO - connect_to_mysql:36 - Attempting to connect to MySQL (attempt 1/3)
2026-04-26 16:07:51,039 - agents.data_agent - INFO - connect_to_mysql:38 - Successfully connected to MySQL database
2026-04-26 16:07:51,042 - agents.data_agent - ERROR - execute_query:156 - Error executing query: 1064 (42000): You have an error in your SQL syntax; check the manual that corresponds to your MySQL server version for the right syntax to use near '%s, %s, %s, %s, NOW())' at line 2
2026-04-26 16:07:51,043 - agents.data_agent - ERROR - execute_query:157 - Failed SQL: 
                    INSERT INTO insights (insight_type, message, value, category, created_at) 
                    VALUES (%s, %s, %s, %s, NOW())
                
2026-04-26 16:07:51,045 - agents.data_agent - WARNING - execute_query:158 - Using mock data as fallback
2026-04-26 16:07:51,045 - agents.data_agent - INFO - get_mock_data:203 - Using enhanced mock data with variations
2026-04-26 16:07:51,046 - agents.data_agent - INFO - execute_query:163 - Database connection closed
2026-04-26 16:07:51,046 - agents.data_agent - INFO - execute_query:138 - Executing SQL query: 
                    INSERT INTO insights (insight_type, message, value, category, created_at) 
                    VALUES (%s, %s, %s, %s, NOW())
                
2026-04-26 16:07:51,047 - agents.data_agent - INFO - execute_query:139 - SQL Query: 
                    INSERT INTO insights (insight_type, message, value, category, created_at) 
                    VALUES (%s, %s, %s, %s, NOW())
                
2026-04-26 16:07:51,047 - agents.data_agent - INFO - connect_to_mysql:36 - Attempting to connect to MySQL (attempt 1/3)
2026-04-26 16:07:51,056 - agents.data_agent - INFO - connect_to_mysql:38 - Successfully connected to MySQL database
2026-04-26 16:07:51,057 - agents.data_agent - ERROR - execute_query:156 - Error executing query: 1064 (42000): You have an error in your SQL syntax; check the manual that corresponds to your MySQL server version for the right syntax to use near '%s, %s, %s, %s, NOW())' at line 2
2026-04-26 16:07:51,057 - agents.data_agent - ERROR - execute_query:157 - Failed SQL: 
                    INSERT INTO insights (insight_type, message, value, category, created_at) 
                    VALUES (%s, %s, %s, %s, NOW())
                
2026-04-26 16:07:51,059 - agents.data_agent - WARNING - execute_query:158 - Using mock data as fallback
2026-04-26 16:07:51,059 - agents.data_agent - INFO - get_mock_data:203 - Using enhanced mock data with variations
2026-04-26 16:07:51,060 - agents.data_agent - INFO - execute_query:163 - Database connection closed
2026-04-26 16:07:51,061 - agents.data_agent - INFO - execute_query:138 - Executing SQL query: 
                    INSERT INTO insights (insight_type, message, value, category, created_at) 
                    VALUES (%s, %s, %s, %s, NOW())
                
2026-04-26 16:07:51,061 - agents.data_agent - INFO - execute_query:139 - SQL Query: 
                    INSERT INTO insights (insight_type, message, value, category, created_at) 
                    VALUES (%s, %s, %s, %s, NOW())
                
2026-04-26 16:07:51,061 - agents.data_agent - INFO - connect_to_mysql:36 - Attempting to connect to MySQL (attempt 1/3)
2026-04-26 16:07:51,068 - agents.data_agent - INFO - connect_to_mysql:38 - Successfully connected to MySQL database
2026-04-26 16:07:51,069 - agents.data_agent - ERROR - execute_query:156 - Error executing query: 1064 (42000): You have an error in your SQL syntax; check the manual that corresponds to your MySQL server version for the right syntax to use near '%s, %s, %s, %s, NOW())' at line 2
2026-04-26 16:07:51,070 - agents.data_agent - ERROR - execute_query:157 - Failed SQL: 
                    INSERT INTO insights (insight_type, message, value, category, created_at) 
                    VALUES (%s, %s, %s, %s, NOW())
                
2026-04-26 16:07:51,072 - agents.data_agent - WARNING - execute_query:158 - Using mock data as fallback
2026-04-26 16:07:51,072 - agents.data_agent - INFO - get_mock_data:203 - Using enhanced mock data with variations
2026-04-26 16:07:51,073 - agents.data_agent - INFO - execute_query:163 - Database connection closed
2026-04-26 16:07:51,073 - agents.data_agent - INFO - execute_query:138 - Executing SQL query: 
                    INSERT INTO insights (insight_type, message, value, category, created_at) 
                    VALUES (%s, %s, %s, %s, NOW())
                
2026-04-26 16:07:51,074 - agents.data_agent - INFO - execute_query:139 - SQL Query: 
                    INSERT INTO insights (insight_type, message, value, category, created_at) 
                    VALUES (%s, %s, %s, %s, NOW())
                
2026-04-26 16:07:51,074 - agents.data_agent - INFO - connect_to_mysql:36 - Attempting to connect to MySQL (attempt 1/3)
2026-04-26 16:07:51,082 - agents.data_agent - INFO - connect_to_mysql:38 - Successfully connected to MySQL database
2026-04-26 16:07:51,083 - agents.data_agent - ERROR - execute_query:156 - Error executing query: 1064 (42000): You have an error in your SQL syntax; check the manual that corresponds to your MySQL server version for the right syntax to use near '%s, %s, %s, %s, NOW())' at line 2
2026-04-26 16:07:51,084 - agents.data_agent - ERROR - execute_query:157 - Failed SQL: 
                    INSERT INTO insights (insight_type, message, value, category, created_at) 
                    VALUES (%s, %s, %s, %s, NOW())
                
2026-04-26 16:07:51,085 - agents.data_agent - WARNING - execute_query:158 - Using mock data as fallback
2026-04-26 16:07:51,086 - agents.data_agent - INFO - get_mock_data:203 - Using enhanced mock data with variations
2026-04-26 16:07:51,087 - agents.data_agent - INFO - execute_query:163 - Database connection closed
2026-04-26 16:07:51,087 - services.agent_pipeline - INFO - _store_insights_in_database:183 - Successfully stored 4 insights in database
2026-04-26 16:07:51,087 - services.agent_pipeline - INFO - process_query:113 - Successfully stored 4 insights in database
2026-04-26 16:07:51,087 - services.agent_pipeline - INFO - process_query:132 - === PIPELINE COMPLETED SUCCESSFULLY ===
2026-04-26 16:07:51,089 - services.agent_pipeline - INFO - process_query:133 - Final answer: Analysis completed on sales data
2026-04-26 16:07:51,089 - services.agent_pipeline - INFO - process_query:134 - Total insights: 2
2026-04-26 16:07:51,090 - ai_analytics.main - INFO - query_ai:257 - Successfully processed query through pipeline: hu
2026-04-26 16:13:43,077 - ai_analytics.main - INFO - query_ai:232 - Processing query through multi-agent pipeline: hi
2026-04-26 16:13:43,078 - services.agent_pipeline - INFO - process_query:38 - Starting pipeline processing for question: hi
2026-04-26 16:13:43,078 - services.agent_pipeline - INFO - process_query:49 - === STEP 1: PLANNER AGENT ===
2026-04-26 16:13:43,078 - agents.planner_agent - INFO - plan_query:26 - Planning query: hi
2026-04-26 16:13:43,080 - agents.planner_agent - INFO - plan_query:62 - Using default analysis for question: hi
2026-04-26 16:13:43,080 - agents.planner_agent - INFO - plan_query:64 - Generated steps: ['get sales data', 'analyze data']
2026-04-26 16:13:43,081 - services.agent_pipeline - INFO - process_query:54 - Planner generated steps: ['get sales data', 'analyze data']
2026-04-26 16:13:43,081 - services.agent_pipeline - INFO - process_query:58 - === STEP 2: DATA AGENT ===
2026-04-26 16:13:43,082 - agents.data_agent - INFO - get_data:202 - === DATA FLOW TRACE ===
2026-04-26 16:13:43,082 - agents.data_agent - INFO - get_data:203 - 1. Question received: hi
2026-04-26 16:13:43,082 - agents.data_agent - INFO - get_data:204 - 2. Steps generated: ['get sales data', 'analyze data']
2026-04-26 16:13:43,083 - agents.data_agent - INFO - get_data:205 - 3. DB Config: localhost:3306/ai_analytics
2026-04-26 16:13:43,083 - agents.data_agent - INFO - natural_language_to_sql:53 - Converting natural language to SQL: hi
2026-04-26 16:13:43,083 - agents.data_agent - INFO - natural_language_to_sql:54 - Using steps: ['get sales data', 'analyze data']
2026-04-26 16:13:43,085 - agents.data_agent - INFO - natural_language_to_sql:130 - Generated default SQL: SELECT * FROM sales ORDER BY date DESC LIMIT 100
2026-04-26 16:13:43,085 - agents.data_agent - INFO - get_data:210 - 4. Generated SQL: SELECT * FROM sales ORDER BY date DESC LIMIT 100
2026-04-26 16:13:43,086 - agents.data_agent - INFO - execute_query:138 - Executing SQL query: SELECT * FROM sales ORDER BY date DESC LIMIT 100
2026-04-26 16:13:43,086 - agents.data_agent - INFO - execute_query:139 - SQL Query: SELECT * FROM sales ORDER BY date DESC LIMIT 100
2026-04-26 16:13:43,087 - agents.data_agent - INFO - connect_to_mysql:36 - Attempting to connect to MySQL (attempt 1/3)
2026-04-26 16:13:43,107 - agents.data_agent - INFO - connect_to_mysql:38 - Successfully connected to MySQL database
2026-04-26 16:13:43,126 - agents.data_agent - INFO - execute_query:151 - Query executed successfully, returned 16 records
2026-04-26 16:13:43,128 - agents.data_agent - INFO - execute_query:163 - Database connection closed
2026-04-26 16:13:43,128 - agents.data_agent - INFO - get_data:215 - 5. Query executed successfully
2026-04-26 16:13:43,128 - agents.data_agent - INFO - get_data:216 - 6. Records retrieved: 16
2026-04-26 16:13:43,130 - agents.data_agent - INFO - get_data:218 - 7. Sample record: {'id': 1, 'product': 'Product A', 'region': 'North', 'revenue': Decimal('5000.00'), 'date': datetime.date(2024, 3, 1)}
2026-04-26 16:13:43,130 - services.agent_pipeline - INFO - process_query:62 - Data Agent retrieved 16 records
2026-04-26 16:13:43,130 - services.agent_pipeline - INFO - process_query:73 - === STEP 3: ANALYSIS AGENT ===
2026-04-26 16:13:43,131 - agents.analysis_agent - INFO - analyze_data:24 - Analyzing data for question: hi
2026-04-26 16:13:43,131 - agents.analysis_agent - INFO - analyze_data:25 - Using steps: ['get sales data', 'analyze data']
2026-04-26 16:13:43,133 - agents.analysis_agent - INFO - analyze_data:35 - Created DataFrame with 16 rows and 5 columns
2026-04-26 16:13:43,137 - agents.analysis_agent - INFO - analyze_data:75 - Generated 3 insights
2026-04-26 16:13:43,139 - services.agent_pipeline - INFO - process_query:77 - Analysis Agent generated 3 insights
2026-04-26 16:13:43,139 - services.agent_pipeline - INFO - process_query:81 - === STEP 4: REPORT AGENT ===
2026-04-26 16:13:43,140 - agents.report_agent - INFO - generate_report:21 - Generating human-readable report
2026-04-26 16:13:43,140 - agents.report_agent - INFO - generate_report:38 - Generated report with 3 insights
2026-04-26 16:13:43,141 - services.agent_pipeline - INFO - process_query:85 - Report Agent: Generated human-readable response
2026-04-26 16:13:43,141 - services.agent_pipeline - INFO - process_query:89 - === STEP 5: DASHBOARD DATA AGGREGATION ===
2026-04-26 16:13:43,141 - agents.analysis_agent - INFO - aggregate_dashboard_data:235 - === DASHBOARD AGGREGATION TRACE ===
2026-04-26 16:13:43,143 - agents.analysis_agent - INFO - aggregate_dashboard_data:236 - 1. Input data length: 16
2026-04-26 16:13:43,143 - agents.analysis_agent - INFO - aggregate_dashboard_data:237 - 2. Data sample: [{'id': 1, 'product': 'Product A', 'region': 'North', 'revenue': Decimal('5000.00'), 'date': datetime.date(2024, 3, 1)}, {'id': 2, 'product': 'Product B', 'region': 'South', 'revenue': Decimal('3000.00'), 'date': datetime.date(2024, 3, 1)}]
2026-04-26 16:13:43,144 - agents.analysis_agent - INFO - aggregate_dashboard_data:246 - 4. DataFrame created with shape: (16, 5)
2026-04-26 16:13:43,144 - agents.analysis_agent - ERROR - aggregate_dashboard_data:252 - 5. Missing required columns: ['quantity']
2026-04-26 16:13:43,145 - agents.analysis_agent - ERROR - aggregate_dashboard_data:253 - 6. Available columns: ['id', 'product', 'region', 'revenue', 'date']
2026-04-26 16:13:43,146 - agents.analysis_agent - INFO - _get_enhanced_mock_data:302 - Using enhanced mock data for dashboard
2026-04-26 16:13:43,146 - services.agent_pipeline - INFO - process_query:93 - Dashboard data aggregated: 8 months, 4 regions, 3 products
2026-04-26 16:13:43,148 - services.agent_pipeline - INFO - process_query:97 - === STEP 6: INSIGHTS DETECTION ===
2026-04-26 16:13:43,149 - agents.analysis_agent - INFO - detect_and_store_insights:378 - Detecting insights for database storage
2026-04-26 16:13:43,156 - agents.analysis_agent - ERROR - detect_and_store_insights:461 - Error detecting insights: Can only use .dt accessor with datetimelike values
2026-04-26 16:13:43,158 - services.agent_pipeline - INFO - process_query:102 - Detected 0 insights for storage
2026-04-26 16:13:43,159 - services.agent_pipeline - INFO - process_query:106 - === STEP 7: INSIGHTS STORAGE ===
2026-04-26 16:13:43,159 - services.agent_pipeline - INFO - process_query:132 - === PIPELINE COMPLETED SUCCESSFULLY ===
2026-04-26 16:13:43,160 - services.agent_pipeline - INFO - process_query:133 - Final answer: Analysis completed on sales data
2026-04-26 16:13:43,161 - services.agent_pipeline - INFO - process_query:134 - Total insights: 3
2026-04-26 16:13:43,162 - ai_analytics.main - INFO - query_ai:257 - Successfully processed query through pipeline: hi
2026-04-26 16:23:19,635 - ai_analytics.main - INFO - get_dashboard_data:288 - Generating dashboard data
2026-04-26 16:23:19,636 - agents.data_agent - INFO - __init__:30 - DataAgent initialized with config: localhost:3306/ai_analytics
2026-04-26 16:23:19,637 - agents.data_agent - INFO - get_data:202 - === DATA FLOW TRACE ===
2026-04-26 16:23:19,637 - agents.data_agent - INFO - get_data:203 - 1. Question received: get all sales data
2026-04-26 16:23:19,637 - agents.data_agent - INFO - get_data:204 - 2. Steps generated: ['get sales data']
2026-04-26 16:23:19,638 - agents.data_agent - INFO - get_data:205 - 3. DB Config: localhost:3306/ai_analytics
2026-04-26 16:23:19,639 - agents.data_agent - INFO - natural_language_to_sql:53 - Converting natural language to SQL: get all sales data
2026-04-26 16:23:19,639 - agents.data_agent - INFO - natural_language_to_sql:54 - Using steps: ['get sales data']
2026-04-26 16:23:19,640 - agents.data_agent - INFO - natural_language_to_sql:130 - Generated default SQL: SELECT * FROM sales ORDER BY date DESC LIMIT 100
2026-04-26 16:23:19,640 - agents.data_agent - INFO - get_data:210 - 4. Generated SQL: SELECT * FROM sales ORDER BY date DESC LIMIT 100
2026-04-26 16:23:19,640 - agents.data_agent - INFO - execute_query:138 - Executing SQL query: SELECT * FROM sales ORDER BY date DESC LIMIT 100
2026-04-26 16:23:19,642 - agents.data_agent - INFO - execute_query:139 - SQL Query: SELECT * FROM sales ORDER BY date DESC LIMIT 100
2026-04-26 16:23:19,642 - agents.data_agent - INFO - connect_to_mysql:36 - Attempting to connect to MySQL (attempt 1/3)
2026-04-26 16:23:19,722 - agents.data_agent - INFO - connect_to_mysql:38 - Successfully connected to MySQL database
2026-04-26 16:23:19,728 - agents.data_agent - INFO - execute_query:151 - Query executed successfully, returned 16 records
2026-04-26 16:23:19,730 - agents.data_agent - INFO - execute_query:163 - Database connection closed
2026-04-26 16:23:19,731 - agents.data_agent - INFO - get_data:215 - 5. Query executed successfully
2026-04-26 16:23:19,731 - agents.data_agent - INFO - get_data:216 - 6. Records retrieved: 16
2026-04-26 16:23:19,732 - agents.data_agent - INFO - get_data:218 - 7. Sample record: {'id': 1, 'product': 'Product A', 'region': 'North', 'revenue': Decimal('5000.00'), 'date': datetime.date(2024, 3, 1)}
2026-04-26 16:23:19,733 - agents.analysis_agent - INFO - aggregate_dashboard_data:235 - === DASHBOARD AGGREGATION TRACE ===
2026-04-26 16:23:19,733 - agents.analysis_agent - INFO - aggregate_dashboard_data:236 - 1. Input data length: 16
2026-04-26 16:23:19,733 - agents.analysis_agent - INFO - aggregate_dashboard_data:237 - 2. Data sample: [{'id': 1, 'product': 'Product A', 'region': 'North', 'revenue': Decimal('5000.00'), 'date': datetime.date(2024, 3, 1)}, {'id': 2, 'product': 'Product B', 'region': 'South', 'revenue': Decimal('3000.00'), 'date': datetime.date(2024, 3, 1)}]
2026-04-26 16:23:19,741 - agents.analysis_agent - INFO - aggregate_dashboard_data:246 - 4. DataFrame created with shape: (16, 5)
2026-04-26 16:23:19,746 - agents.analysis_agent - ERROR - aggregate_dashboard_data:252 - 5. Missing required columns: ['quantity']
2026-04-26 16:23:19,747 - agents.analysis_agent - ERROR - aggregate_dashboard_data:253 - 6. Available columns: ['id', 'product', 'region', 'revenue', 'date']
2026-04-26 16:23:19,748 - agents.analysis_agent - INFO - _get_enhanced_mock_data:302 - Using enhanced mock data for dashboard
2026-04-26 16:23:19,750 - ai_analytics.main - INFO - get_dashboard_data:310 - Dashboard data generated: 8 months, 4 regions, 3 products
2026-04-26 16:23:25,069 - ai_analytics.main - INFO - query_ai:232 - Processing query through multi-agent pipeline: hi
2026-04-26 16:23:25,069 - services.agent_pipeline - INFO - process_query:38 - Starting pipeline processing for question: hi
2026-04-26 16:23:25,070 - services.agent_pipeline - INFO - process_query:49 - === STEP 1: PLANNER AGENT ===
2026-04-26 16:23:25,071 - agents.planner_agent - INFO - plan_query:26 - Planning query: hi
2026-04-26 16:23:25,072 - agents.planner_agent - INFO - plan_query:62 - Using default analysis for question: hi
2026-04-26 16:23:25,072 - agents.planner_agent - INFO - plan_query:64 - Generated steps: ['get sales data', 'analyze data']
2026-04-26 16:23:25,072 - services.agent_pipeline - INFO - process_query:54 - Planner generated steps: ['get sales data', 'analyze data']
2026-04-26 16:23:25,073 - services.agent_pipeline - INFO - process_query:58 - === STEP 2: DATA AGENT ===
2026-04-26 16:23:25,073 - agents.data_agent - INFO - get_data:202 - === DATA FLOW TRACE ===
2026-04-26 16:23:25,074 - agents.data_agent - INFO - get_data:203 - 1. Question received: hi
2026-04-26 16:23:25,074 - agents.data_agent - INFO - get_data:204 - 2. Steps generated: ['get sales data', 'analyze data']
2026-04-26 16:23:25,075 - agents.data_agent - INFO - get_data:205 - 3. DB Config: localhost:3306/ai_analytics
2026-04-26 16:23:25,076 - agents.data_agent - INFO - natural_language_to_sql:53 - Converting natural language to SQL: hi
2026-04-26 16:23:25,077 - agents.data_agent - INFO - natural_language_to_sql:54 - Using steps: ['get sales data', 'analyze data']
2026-04-26 16:23:25,077 - agents.data_agent - INFO - natural_language_to_sql:130 - Generated default SQL: SELECT * FROM sales ORDER BY date DESC LIMIT 100
2026-04-26 16:23:25,077 - agents.data_agent - INFO - get_data:210 - 4. Generated SQL: SELECT * FROM sales ORDER BY date DESC LIMIT 100
2026-04-26 16:23:25,078 - agents.data_agent - INFO - execute_query:138 - Executing SQL query: SELECT * FROM sales ORDER BY date DESC LIMIT 100
2026-04-26 16:23:25,078 - agents.data_agent - INFO - execute_query:139 - SQL Query: SELECT * FROM sales ORDER BY date DESC LIMIT 100
2026-04-26 16:23:25,079 - agents.data_agent - INFO - connect_to_mysql:36 - Attempting to connect to MySQL (attempt 1/3)
2026-04-26 16:23:25,087 - agents.data_agent - INFO - connect_to_mysql:38 - Successfully connected to MySQL database
2026-04-26 16:23:25,089 - agents.data_agent - INFO - execute_query:151 - Query executed successfully, returned 16 records
2026-04-26 16:23:25,090 - agents.data_agent - INFO - execute_query:163 - Database connection closed
2026-04-26 16:23:25,090 - agents.data_agent - INFO - get_data:215 - 5. Query executed successfully
2026-04-26 16:23:25,091 - agents.data_agent - INFO - get_data:216 - 6. Records retrieved: 16
2026-04-26 16:23:25,092 - agents.data_agent - INFO - get_data:218 - 7. Sample record: {'id': 1, 'product': 'Product A', 'region': 'North', 'revenue': Decimal('5000.00'), 'date': datetime.date(2024, 3, 1)}
2026-04-26 16:23:25,092 - services.agent_pipeline - INFO - process_query:62 - Data Agent retrieved 16 records
2026-04-26 16:23:25,093 - services.agent_pipeline - INFO - process_query:73 - === STEP 3: ANALYSIS AGENT ===
2026-04-26 16:23:25,093 - agents.analysis_agent - INFO - analyze_data:24 - Analyzing data for question: hi
2026-04-26 16:23:25,094 - agents.analysis_agent - INFO - analyze_data:25 - Using steps: ['get sales data', 'analyze data']
2026-04-26 16:23:25,095 - agents.analysis_agent - INFO - analyze_data:35 - Created DataFrame with 16 rows and 5 columns
2026-04-26 16:23:25,114 - agents.analysis_agent - INFO - analyze_data:75 - Generated 3 insights
2026-04-26 16:23:25,114 - services.agent_pipeline - INFO - process_query:77 - Analysis Agent generated 3 insights
2026-04-26 16:23:25,115 - services.agent_pipeline - INFO - process_query:81 - === STEP 4: REPORT AGENT ===
2026-04-26 16:23:25,115 - agents.report_agent - INFO - generate_report:21 - Generating human-readable report
2026-04-26 16:23:25,116 - agents.report_agent - INFO - generate_report:38 - Generated report with 3 insights
2026-04-26 16:23:25,116 - services.agent_pipeline - INFO - process_query:85 - Report Agent: Generated human-readable response
2026-04-26 16:23:25,116 - services.agent_pipeline - INFO - process_query:89 - === STEP 5: DASHBOARD DATA AGGREGATION ===
2026-04-26 16:23:25,117 - agents.analysis_agent - INFO - aggregate_dashboard_data:235 - === DASHBOARD AGGREGATION TRACE ===
2026-04-26 16:23:25,117 - agents.analysis_agent - INFO - aggregate_dashboard_data:236 - 1. Input data length: 16
2026-04-26 16:23:25,118 - agents.analysis_agent - INFO - aggregate_dashboard_data:237 - 2. Data sample: [{'id': 1, 'product': 'Product A', 'region': 'North', 'revenue': Decimal('5000.00'), 'date': datetime.date(2024, 3, 1)}, {'id': 2, 'product': 'Product B', 'region': 'South', 'revenue': Decimal('3000.00'), 'date': datetime.date(2024, 3, 1)}]
2026-04-26 16:23:25,119 - agents.analysis_agent - INFO - aggregate_dashboard_data:246 - 4. DataFrame created with shape: (16, 5)
2026-04-26 16:23:25,119 - agents.analysis_agent - ERROR - aggregate_dashboard_data:252 - 5. Missing required columns: ['quantity']
2026-04-26 16:23:25,121 - agents.analysis_agent - ERROR - aggregate_dashboard_data:253 - 6. Available columns: ['id', 'product', 'region', 'revenue', 'date']
2026-04-26 16:23:25,122 - agents.analysis_agent - INFO - _get_enhanced_mock_data:302 - Using enhanced mock data for dashboard
2026-04-26 16:23:25,122 - services.agent_pipeline - INFO - process_query:93 - Dashboard data aggregated: 8 months, 4 regions, 3 products
2026-04-26 16:23:25,123 - services.agent_pipeline - INFO - process_query:97 - === STEP 6: INSIGHTS DETECTION ===
2026-04-26 16:23:25,123 - agents.analysis_agent - INFO - detect_and_store_insights:378 - Detecting insights for database storage
2026-04-26 16:23:25,135 - agents.analysis_agent - ERROR - detect_and_store_insights:461 - Error detecting insights: Can only use .dt accessor with datetimelike values
2026-04-26 16:23:25,138 - services.agent_pipeline - INFO - process_query:102 - Detected 0 insights for storage
2026-04-26 16:23:25,138 - services.agent_pipeline - INFO - process_query:106 - === STEP 7: INSIGHTS STORAGE ===
2026-04-26 16:23:25,139 - services.agent_pipeline - INFO - process_query:132 - === PIPELINE COMPLETED SUCCESSFULLY ===
2026-04-26 16:23:25,139 - services.agent_pipeline - INFO - process_query:133 - Final answer: Analysis completed on sales data
2026-04-26 16:23:25,140 - services.agent_pipeline - INFO - process_query:134 - Total insights: 3
2026-04-26 16:23:25,140 - ai_analytics.main - INFO - query_ai:257 - Successfully processed query through pipeline: hi
2026-04-26 16:23:27,240 - ai_analytics.main - INFO - query_ai:232 - Processing query through multi-agent pipeline: hi
2026-04-26 16:23:27,241 - services.agent_pipeline - INFO - process_query:38 - Starting pipeline processing for question: hi
2026-04-26 16:23:27,242 - services.agent_pipeline - INFO - process_query:49 - === STEP 1: PLANNER AGENT ===
2026-04-26 16:23:27,242 - agents.planner_agent - INFO - plan_query:26 - Planning query: hi
2026-04-26 16:23:27,244 - agents.planner_agent - INFO - plan_query:62 - Using default analysis for question: hi
2026-04-26 16:23:27,244 - agents.planner_agent - INFO - plan_query:64 - Generated steps: ['get sales data', 'analyze data']
2026-04-26 16:23:27,245 - services.agent_pipeline - INFO - process_query:54 - Planner generated steps: ['get sales data', 'analyze data']
2026-04-26 16:23:27,245 - services.agent_pipeline - INFO - process_query:58 - === STEP 2: DATA AGENT ===
2026-04-26 16:23:27,246 - agents.data_agent - INFO - get_data:202 - === DATA FLOW TRACE ===
2026-04-26 16:23:27,246 - agents.data_agent - INFO - get_data:203 - 1. Question received: hi
2026-04-26 16:23:27,247 - agents.data_agent - INFO - get_data:204 - 2. Steps generated: ['get sales data', 'analyze data']
2026-04-26 16:23:27,247 - agents.data_agent - INFO - get_data:205 - 3. DB Config: localhost:3306/ai_analytics
2026-04-26 16:23:27,248 - agents.data_agent - INFO - natural_language_to_sql:53 - Converting natural language to SQL: hi
2026-04-26 16:23:27,248 - agents.data_agent - INFO - natural_language_to_sql:54 - Using steps: ['get sales data', 'analyze data']
2026-04-26 16:23:27,249 - agents.data_agent - INFO - natural_language_to_sql:130 - Generated default SQL: SELECT * FROM sales ORDER BY date DESC LIMIT 100
2026-04-26 16:23:27,249 - agents.data_agent - INFO - get_data:210 - 4. Generated SQL: SELECT * FROM sales ORDER BY date DESC LIMIT 100
2026-04-26 16:23:27,251 - agents.data_agent - INFO - execute_query:138 - Executing SQL query: SELECT * FROM sales ORDER BY date DESC LIMIT 100
2026-04-26 16:23:27,251 - agents.data_agent - INFO - execute_query:139 - SQL Query: SELECT * FROM sales ORDER BY date DESC LIMIT 100
2026-04-26 16:23:27,252 - agents.data_agent - INFO - connect_to_mysql:36 - Attempting to connect to MySQL (attempt 1/3)
2026-04-26 16:23:27,260 - agents.data_agent - INFO - connect_to_mysql:38 - Successfully connected to MySQL database
2026-04-26 16:23:27,262 - agents.data_agent - INFO - execute_query:151 - Query executed successfully, returned 16 records
2026-04-26 16:23:27,263 - agents.data_agent - INFO - execute_query:163 - Database connection closed
2026-04-26 16:23:27,264 - agents.data_agent - INFO - get_data:215 - 5. Query executed successfully
2026-04-26 16:23:27,264 - agents.data_agent - INFO - get_data:216 - 6. Records retrieved: 16
2026-04-26 16:23:27,265 - agents.data_agent - INFO - get_data:218 - 7. Sample record: {'id': 1, 'product': 'Product A', 'region': 'North', 'revenue': Decimal('5000.00'), 'date': datetime.date(2024, 3, 1)}
2026-04-26 16:23:27,265 - services.agent_pipeline - INFO - process_query:62 - Data Agent retrieved 16 records
2026-04-26 16:23:27,266 - services.agent_pipeline - INFO - process_query:73 - === STEP 3: ANALYSIS AGENT ===
2026-04-26 16:23:27,266 - agents.analysis_agent - INFO - analyze_data:24 - Analyzing data for question: hi
2026-04-26 16:23:27,266 - agents.analysis_agent - INFO - analyze_data:25 - Using steps: ['get sales data', 'analyze data']
2026-04-26 16:23:27,268 - agents.analysis_agent - INFO - analyze_data:35 - Created DataFrame with 16 rows and 5 columns
2026-04-26 16:23:27,270 - agents.analysis_agent - INFO - analyze_data:75 - Generated 3 insights
2026-04-26 16:23:27,271 - services.agent_pipeline - INFO - process_query:77 - Analysis Agent generated 3 insights
2026-04-26 16:23:27,272 - services.agent_pipeline - INFO - process_query:81 - === STEP 4: REPORT AGENT ===
2026-04-26 16:23:27,272 - agents.report_agent - INFO - generate_report:21 - Generating human-readable report
2026-04-26 16:23:27,273 - agents.report_agent - INFO - generate_report:38 - Generated report with 3 insights
2026-04-26 16:23:27,273 - services.agent_pipeline - INFO - process_query:85 - Report Agent: Generated human-readable response
2026-04-26 16:23:27,274 - services.agent_pipeline - INFO - process_query:89 - === STEP 5: DASHBOARD DATA AGGREGATION ===
2026-04-26 16:23:27,274 - agents.analysis_agent - INFO - aggregate_dashboard_data:235 - === DASHBOARD AGGREGATION TRACE ===
2026-04-26 16:23:27,274 - agents.analysis_agent - INFO - aggregate_dashboard_data:236 - 1. Input data length: 16
2026-04-26 16:23:27,276 - agents.analysis_agent - INFO - aggregate_dashboard_data:237 - 2. Data sample: [{'id': 1, 'product': 'Product A', 'region': 'North', 'revenue': Decimal('5000.00'), 'date': datetime.date(2024, 3, 1)}, {'id': 2, 'product': 'Product B', 'region': 'South', 'revenue': Decimal('3000.00'), 'date': datetime.date(2024, 3, 1)}]
2026-04-26 16:23:27,277 - agents.analysis_agent - INFO - aggregate_dashboard_data:246 - 4. DataFrame created with shape: (16, 5)
2026-04-26 16:23:27,277 - agents.analysis_agent - ERROR - aggregate_dashboard_data:252 - 5. Missing required columns: ['quantity']
2026-04-26 16:23:27,277 - agents.analysis_agent - ERROR - aggregate_dashboard_data:253 - 6. Available columns: ['id', 'product', 'region', 'revenue', 'date']
2026-04-26 16:23:27,278 - agents.analysis_agent - INFO - _get_enhanced_mock_data:302 - Using enhanced mock data for dashboard
2026-04-26 16:23:27,280 - services.agent_pipeline - INFO - process_query:93 - Dashboard data aggregated: 8 months, 4 regions, 3 products
2026-04-26 16:23:27,280 - services.agent_pipeline - INFO - process_query:97 - === STEP 6: INSIGHTS DETECTION ===
2026-04-26 16:23:27,280 - agents.analysis_agent - INFO - detect_and_store_insights:378 - Detecting insights for database storage
2026-04-26 16:23:27,285 - agents.analysis_agent - ERROR - detect_and_store_insights:461 - Error detecting insights: Can only use .dt accessor with datetimelike values
2026-04-26 16:23:27,286 - services.agent_pipeline - INFO - process_query:102 - Detected 0 insights for storage
2026-04-26 16:23:27,286 - services.agent_pipeline - INFO - process_query:106 - === STEP 7: INSIGHTS STORAGE ===
2026-04-26 16:23:27,288 - services.agent_pipeline - INFO - process_query:132 - === PIPELINE COMPLETED SUCCESSFULLY ===
2026-04-26 16:23:27,288 - services.agent_pipeline - INFO - process_query:133 - Final answer: Analysis completed on sales data
2026-04-26 16:23:27,288 - services.agent_pipeline - INFO - process_query:134 - Total insights: 3
2026-04-26 16:23:27,289 - ai_analytics.main - INFO - query_ai:257 - Successfully processed query through pipeline: hi
2026-04-26 16:23:29,406 - ai_analytics.main - INFO - get_dashboard_data:288 - Generating dashboard data
2026-04-26 16:23:29,407 - agents.data_agent - INFO - __init__:30 - DataAgent initialized with config: localhost:3306/ai_analytics
2026-04-26 16:23:29,408 - agents.data_agent - INFO - get_data:202 - === DATA FLOW TRACE ===
2026-04-26 16:23:29,408 - agents.data_agent - INFO - get_data:203 - 1. Question received: get all sales data
2026-04-26 16:23:29,409 - agents.data_agent - INFO - get_data:204 - 2. Steps generated: ['get sales data']
2026-04-26 16:23:29,409 - agents.data_agent - INFO - get_data:205 - 3. DB Config: localhost:3306/ai_analytics
2026-04-26 16:23:29,410 - agents.data_agent - INFO - natural_language_to_sql:53 - Converting natural language to SQL: get all sales data
2026-04-26 16:23:29,410 - agents.data_agent - INFO - natural_language_to_sql:54 - Using steps: ['get sales data']
2026-04-26 16:23:29,411 - agents.data_agent - INFO - natural_language_to_sql:130 - Generated default SQL: SELECT * FROM sales ORDER BY date DESC LIMIT 100
2026-04-26 16:23:29,411 - agents.data_agent - INFO - get_data:210 - 4. Generated SQL: SELECT * FROM sales ORDER BY date DESC LIMIT 100
2026-04-26 16:23:29,412 - agents.data_agent - INFO - execute_query:138 - Executing SQL query: SELECT * FROM sales ORDER BY date DESC LIMIT 100
2026-04-26 16:23:29,412 - agents.data_agent - INFO - execute_query:139 - SQL Query: SELECT * FROM sales ORDER BY date DESC LIMIT 100
2026-04-26 16:23:29,414 - agents.data_agent - INFO - connect_to_mysql:36 - Attempting to connect to MySQL (attempt 1/3)
2026-04-26 16:23:29,420 - agents.data_agent - INFO - connect_to_mysql:38 - Successfully connected to MySQL database
2026-04-26 16:23:29,424 - agents.data_agent - INFO - execute_query:151 - Query executed successfully, returned 16 records
2026-04-26 16:23:29,425 - agents.data_agent - INFO - execute_query:163 - Database connection closed
2026-04-26 16:23:29,425 - agents.data_agent - INFO - get_data:215 - 5. Query executed successfully
2026-04-26 16:23:29,427 - agents.data_agent - INFO - get_data:216 - 6. Records retrieved: 16
2026-04-26 16:23:29,427 - agents.data_agent - INFO - get_data:218 - 7. Sample record: {'id': 1, 'product': 'Product A', 'region': 'North', 'revenue': Decimal('5000.00'), 'date': datetime.date(2024, 3, 1)}
2026-04-26 16:23:29,428 - agents.analysis_agent - INFO - aggregate_dashboard_data:235 - === DASHBOARD AGGREGATION TRACE ===
2026-04-26 16:23:29,428 - agents.analysis_agent - INFO - aggregate_dashboard_data:236 - 1. Input data length: 16
2026-04-26 16:23:29,429 - agents.analysis_agent - INFO - aggregate_dashboard_data:237 - 2. Data sample: [{'id': 1, 'product': 'Product A', 'region': 'North', 'revenue': Decimal('5000.00'), 'date': datetime.date(2024, 3, 1)}, {'id': 2, 'product': 'Product B', 'region': 'South', 'revenue': Decimal('3000.00'), 'date': datetime.date(2024, 3, 1)}]
2026-04-26 16:23:29,430 - agents.analysis_agent - INFO - aggregate_dashboard_data:246 - 4. DataFrame created with shape: (16, 5)
2026-04-26 16:23:29,430 - agents.analysis_agent - ERROR - aggregate_dashboard_data:252 - 5. Missing required columns: ['quantity']
2026-04-26 16:23:29,431 - agents.analysis_agent - ERROR - aggregate_dashboard_data:253 - 6. Available columns: ['id', 'product', 'region', 'revenue', 'date']
2026-04-26 16:23:29,432 - agents.analysis_agent - INFO - _get_enhanced_mock_data:302 - Using enhanced mock data for dashboard
2026-04-26 16:23:29,433 - ai_analytics.main - INFO - get_dashboard_data:310 - Dashboard data generated: 8 months, 4 regions, 3 products
2026-04-26 16:27:36,306 - ai_analytics.main - INFO - root:76 - Root endpoint accessed
2026-04-26 16:39:19,249 - ai_analytics.main - INFO - query_ai:232 - Processing query through multi-agent pipeline: test
2026-04-26 16:39:19,250 - services.agent_pipeline - INFO - process_query:38 - Starting pipeline processing for question: test
2026-04-26 16:39:19,250 - services.agent_pipeline - INFO - process_query:49 - === STEP 1: PLANNER AGENT ===
2026-04-26 16:39:19,251 - agents.planner_agent - INFO - plan_query:26 - Planning query: test
2026-04-26 16:39:19,251 - agents.planner_agent - INFO - plan_query:62 - Using default analysis for question: test
2026-04-26 16:39:19,251 - agents.planner_agent - INFO - plan_query:64 - Generated steps: ['get sales data', 'analyze data']
2026-04-26 16:39:19,253 - services.agent_pipeline - INFO - process_query:54 - Planner generated steps: ['get sales data', 'analyze data']
2026-04-26 16:39:19,253 - services.agent_pipeline - INFO - process_query:58 - === STEP 2: DATA AGENT ===
2026-04-26 16:39:19,253 - agents.data_agent - INFO - get_data:202 - === DATA FLOW TRACE ===
2026-04-26 16:39:19,254 - agents.data_agent - INFO - get_data:203 - 1. Question received: test
2026-04-26 16:39:19,254 - agents.data_agent - INFO - get_data:204 - 2. Steps generated: ['get sales data', 'analyze data']
2026-04-26 16:39:19,255 - agents.data_agent - INFO - get_data:205 - 3. DB Config: localhost:3306/ai_analytics
2026-04-26 16:39:19,255 - agents.data_agent - INFO - natural_language_to_sql:53 - Converting natural language to SQL: test
2026-04-26 16:39:19,255 - agents.data_agent - INFO - natural_language_to_sql:54 - Using steps: ['get sales data', 'analyze data']
2026-04-26 16:39:19,257 - agents.data_agent - INFO - natural_language_to_sql:130 - Generated default SQL: SELECT * FROM sales ORDER BY date DESC LIMIT 100
2026-04-26 16:39:19,257 - agents.data_agent - INFO - get_data:210 - 4. Generated SQL: SELECT * FROM sales ORDER BY date DESC LIMIT 100
2026-04-26 16:39:19,258 - agents.data_agent - INFO - execute_query:138 - Executing SQL query: SELECT * FROM sales ORDER BY date DESC LIMIT 100
2026-04-26 16:39:19,258 - agents.data_agent - INFO - execute_query:139 - SQL Query: SELECT * FROM sales ORDER BY date DESC LIMIT 100
2026-04-26 16:39:19,259 - agents.data_agent - INFO - connect_to_mysql:36 - Attempting to connect to MySQL (attempt 1/3)
2026-04-26 16:39:19,278 - agents.data_agent - INFO - connect_to_mysql:38 - Successfully connected to MySQL database
2026-04-26 16:39:19,281 - agents.data_agent - INFO - execute_query:151 - Query executed successfully, returned 16 records
2026-04-26 16:39:19,282 - agents.data_agent - INFO - execute_query:163 - Database connection closed
2026-04-26 16:39:19,282 - agents.data_agent - INFO - get_data:215 - 5. Query executed successfully
2026-04-26 16:39:19,283 - agents.data_agent - INFO - get_data:216 - 6. Records retrieved: 16
2026-04-26 16:39:19,283 - agents.data_agent - INFO - get_data:218 - 7. Sample record: {'id': 1, 'product': 'Product A', 'region': 'North', 'revenue': Decimal('5000.00'), 'date': datetime.date(2024, 3, 1)}
2026-04-26 16:39:19,283 - services.agent_pipeline - INFO - process_query:62 - Data Agent retrieved 16 records
2026-04-26 16:39:19,285 - services.agent_pipeline - INFO - process_query:73 - === STEP 3: ANALYSIS AGENT ===
2026-04-26 16:39:19,285 - agents.analysis_agent - INFO - analyze_data:24 - Analyzing data for question: test
2026-04-26 16:39:19,286 - agents.analysis_agent - INFO - analyze_data:25 - Using steps: ['get sales data', 'analyze data']
2026-04-26 16:39:19,288 - agents.analysis_agent - INFO - analyze_data:35 - Created DataFrame with 16 rows and 5 columns
2026-04-26 16:39:19,292 - agents.analysis_agent - INFO - analyze_data:75 - Generated 3 insights
2026-04-26 16:39:19,293 - services.agent_pipeline - INFO - process_query:77 - Analysis Agent generated 3 insights
2026-04-26 16:39:19,293 - services.agent_pipeline - INFO - process_query:81 - === STEP 4: REPORT AGENT ===
2026-04-26 16:39:19,293 - agents.report_agent - INFO - generate_report:21 - Generating human-readable report
2026-04-26 16:39:19,295 - agents.report_agent - INFO - generate_report:38 - Generated report with 3 insights
2026-04-26 16:39:19,295 - services.agent_pipeline - INFO - process_query:85 - Report Agent: Generated human-readable response
2026-04-26 16:39:19,296 - services.agent_pipeline - INFO - process_query:89 - === STEP 5: DASHBOARD DATA AGGREGATION ===
2026-04-26 16:39:19,296 - agents.analysis_agent - INFO - aggregate_dashboard_data:235 - === DASHBOARD AGGREGATION TRACE ===
2026-04-26 16:39:19,297 - agents.analysis_agent - INFO - aggregate_dashboard_data:236 - 1. Input data length: 16
2026-04-26 16:39:19,297 - agents.analysis_agent - INFO - aggregate_dashboard_data:237 - 2. Data sample: [{'id': 1, 'product': 'Product A', 'region': 'North', 'revenue': Decimal('5000.00'), 'date': datetime.date(2024, 3, 1)}, {'id': 2, 'product': 'Product B', 'region': 'South', 'revenue': Decimal('3000.00'), 'date': datetime.date(2024, 3, 1)}]
2026-04-26 16:39:19,298 - agents.analysis_agent - INFO - aggregate_dashboard_data:246 - 4. DataFrame created with shape: (16, 5)
2026-04-26 16:39:19,299 - agents.analysis_agent - ERROR - aggregate_dashboard_data:252 - 5. Missing required columns: ['quantity']
2026-04-26 16:39:19,300 - agents.analysis_agent - ERROR - aggregate_dashboard_data:253 - 6. Available columns: ['id', 'product', 'region', 'revenue', 'date']
2026-04-26 16:39:19,303 - agents.analysis_agent - INFO - _get_enhanced_mock_data:302 - Using enhanced mock data for dashboard
2026-04-26 16:39:19,303 - services.agent_pipeline - INFO - process_query:93 - Dashboard data aggregated: 8 months, 4 regions, 3 products
2026-04-26 16:39:19,304 - services.agent_pipeline - INFO - process_query:97 - === STEP 6: INSIGHTS DETECTION ===
2026-04-26 16:39:19,306 - agents.analysis_agent - INFO - detect_and_store_insights:378 - Detecting insights for database storage
2026-04-26 16:39:19,311 - agents.analysis_agent - ERROR - detect_and_store_insights:461 - Error detecting insights: Can only use .dt accessor with datetimelike values
2026-04-26 16:39:19,312 - services.agent_pipeline - INFO - process_query:102 - Detected 0 insights for storage
2026-04-26 16:39:19,312 - services.agent_pipeline - INFO - process_query:106 - === STEP 7: INSIGHTS STORAGE ===
2026-04-26 16:39:19,313 - services.agent_pipeline - INFO - process_query:132 - === PIPELINE COMPLETED SUCCESSFULLY ===
2026-04-26 16:39:19,313 - services.agent_pipeline - INFO - process_query:133 - Final answer: Analysis completed on sales data
2026-04-26 16:39:19,314 - services.agent_pipeline - INFO - process_query:134 - Total insights: 3
2026-04-26 16:39:19,314 - ai_analytics.main - INFO - query_ai:257 - Successfully processed query through pipeline: test
2026-04-26 16:52:53,814 - ai_analytics.main - INFO - get_dashboard_data:288 - Generating dashboard data
2026-04-26 16:52:53,815 - agents.data_agent - INFO - __init__:30 - DataAgent initialized with config: localhost:3306/ai_analytics
2026-04-26 16:52:53,816 - agents.data_agent - INFO - get_data:202 - === DATA FLOW TRACE ===
2026-04-26 16:52:53,816 - agents.data_agent - INFO - get_data:203 - 1. Question received: get all sales data
2026-04-26 16:52:53,816 - agents.data_agent - INFO - get_data:204 - 2. Steps generated: ['get sales data']
2026-04-26 16:52:53,817 - agents.data_agent - INFO - get_data:205 - 3. DB Config: localhost:3306/ai_analytics
2026-04-26 16:52:53,817 - agents.data_agent - INFO - natural_language_to_sql:53 - Converting natural language to SQL: get all sales data
2026-04-26 16:52:53,818 - agents.data_agent - INFO - natural_language_to_sql:54 - Using steps: ['get sales data']
2026-04-26 16:52:53,818 - agents.data_agent - INFO - natural_language_to_sql:130 - Generated default SQL: SELECT * FROM sales ORDER BY date DESC LIMIT 100
2026-04-26 16:52:53,818 - agents.data_agent - INFO - get_data:210 - 4. Generated SQL: SELECT * FROM sales ORDER BY date DESC LIMIT 100
2026-04-26 16:52:53,820 - agents.data_agent - INFO - execute_query:138 - Executing SQL query: SELECT * FROM sales ORDER BY date DESC LIMIT 100
2026-04-26 16:52:53,820 - agents.data_agent - INFO - execute_query:139 - SQL Query: SELECT * FROM sales ORDER BY date DESC LIMIT 100
2026-04-26 16:52:53,821 - agents.data_agent - INFO - connect_to_mysql:36 - Attempting to connect to MySQL (attempt 1/3)
2026-04-26 16:52:53,909 - agents.data_agent - INFO - connect_to_mysql:38 - Successfully connected to MySQL database
2026-04-26 16:52:53,913 - agents.data_agent - INFO - execute_query:151 - Query executed successfully, returned 16 records
2026-04-26 16:52:53,914 - agents.data_agent - INFO - execute_query:163 - Database connection closed
2026-04-26 16:52:53,916 - agents.data_agent - INFO - get_data:215 - 5. Query executed successfully
2026-04-26 16:52:53,916 - agents.data_agent - INFO - get_data:216 - 6. Records retrieved: 16
2026-04-26 16:52:53,916 - agents.data_agent - INFO - get_data:218 - 7. Sample record: {'id': 1, 'product': 'Product A', 'region': 'North', 'revenue': Decimal('5000.00'), 'date': datetime.date(2024, 3, 1)}
2026-04-26 16:52:53,917 - agents.analysis_agent - INFO - aggregate_dashboard_data:235 - === DASHBOARD AGGREGATION TRACE ===
2026-04-26 16:52:53,917 - agents.analysis_agent - INFO - aggregate_dashboard_data:236 - 1. Input data length: 16
2026-04-26 16:52:53,917 - agents.analysis_agent - INFO - aggregate_dashboard_data:237 - 2. Data sample: [{'id': 1, 'product': 'Product A', 'region': 'North', 'revenue': Decimal('5000.00'), 'date': datetime.date(2024, 3, 1)}, {'id': 2, 'product': 'Product B', 'region': 'South', 'revenue': Decimal('3000.00'), 'date': datetime.date(2024, 3, 1)}]
2026-04-26 16:52:53,926 - agents.analysis_agent - INFO - aggregate_dashboard_data:246 - 4. DataFrame created with shape: (16, 5)
2026-04-26 16:52:53,932 - agents.analysis_agent - ERROR - aggregate_dashboard_data:252 - 5. Missing required columns: ['quantity']
2026-04-26 16:52:53,933 - agents.analysis_agent - ERROR - aggregate_dashboard_data:253 - 6. Available columns: ['id', 'product', 'region', 'revenue', 'date']
2026-04-26 16:52:53,933 - agents.analysis_agent - INFO - _get_enhanced_mock_data:302 - Using enhanced mock data for dashboard
2026-04-26 16:52:53,934 - ai_analytics.main - INFO - get_dashboard_data:310 - Dashboard data generated: 8 months, 4 regions, 3 products
2026-04-26 16:52:59,817 - ai_analytics.main - INFO - query_ai:232 - Processing query through multi-agent pipeline: hi
2026-04-26 16:52:59,818 - services.agent_pipeline - INFO - process_query:38 - Starting pipeline processing for question: hi
2026-04-26 16:52:59,818 - services.agent_pipeline - INFO - process_query:49 - === STEP 1: PLANNER AGENT ===
2026-04-26 16:52:59,818 - agents.planner_agent - INFO - plan_query:26 - Planning query: hi
2026-04-26 16:52:59,819 - agents.planner_agent - INFO - plan_query:62 - Using default analysis for question: hi
2026-04-26 16:52:59,820 - agents.planner_agent - INFO - plan_query:64 - Generated steps: ['get sales data', 'analyze data']
2026-04-26 16:52:59,820 - services.agent_pipeline - INFO - process_query:54 - Planner generated steps: ['get sales data', 'analyze data']
2026-04-26 16:52:59,821 - services.agent_pipeline - INFO - process_query:58 - === STEP 2: DATA AGENT ===
2026-04-26 16:52:59,821 - agents.data_agent - INFO - get_data:202 - === DATA FLOW TRACE ===
2026-04-26 16:52:59,822 - agents.data_agent - INFO - get_data:203 - 1. Question received: hi
2026-04-26 16:52:59,822 - agents.data_agent - INFO - get_data:204 - 2. Steps generated: ['get sales data', 'analyze data']
2026-04-26 16:52:59,823 - agents.data_agent - INFO - get_data:205 - 3. DB Config: localhost:3306/ai_analytics
2026-04-26 16:52:59,823 - agents.data_agent - INFO - natural_language_to_sql:53 - Converting natural language to SQL: hi
2026-04-26 16:52:59,824 - agents.data_agent - INFO - natural_language_to_sql:54 - Using steps: ['get sales data', 'analyze data']
2026-04-26 16:52:59,824 - agents.data_agent - INFO - natural_language_to_sql:130 - Generated default SQL: SELECT * FROM sales ORDER BY date DESC LIMIT 100
2026-04-26 16:52:59,824 - agents.data_agent - INFO - get_data:210 - 4. Generated SQL: SELECT * FROM sales ORDER BY date DESC LIMIT 100
2026-04-26 16:52:59,826 - agents.data_agent - INFO - execute_query:138 - Executing SQL query: SELECT * FROM sales ORDER BY date DESC LIMIT 100
2026-04-26 16:52:59,826 - agents.data_agent - INFO - execute_query:139 - SQL Query: SELECT * FROM sales ORDER BY date DESC LIMIT 100
2026-04-26 16:52:59,827 - agents.data_agent - INFO - connect_to_mysql:36 - Attempting to connect to MySQL (attempt 1/3)
2026-04-26 16:52:59,834 - agents.data_agent - INFO - connect_to_mysql:38 - Successfully connected to MySQL database
2026-04-26 16:52:59,838 - agents.data_agent - INFO - execute_query:151 - Query executed successfully, returned 16 records
2026-04-26 16:52:59,840 - agents.data_agent - INFO - execute_query:163 - Database connection closed
2026-04-26 16:52:59,840 - agents.data_agent - INFO - get_data:215 - 5. Query executed successfully
2026-04-26 16:52:59,841 - agents.data_agent - INFO - get_data:216 - 6. Records retrieved: 16
2026-04-26 16:52:59,841 - agents.data_agent - INFO - get_data:218 - 7. Sample record: {'id': 1, 'product': 'Product A', 'region': 'North', 'revenue': Decimal('5000.00'), 'date': datetime.date(2024, 3, 1)}
2026-04-26 16:52:59,842 - services.agent_pipeline - INFO - process_query:62 - Data Agent retrieved 16 records
2026-04-26 16:52:59,842 - services.agent_pipeline - INFO - process_query:73 - === STEP 3: ANALYSIS AGENT ===
2026-04-26 16:52:59,843 - agents.analysis_agent - INFO - analyze_data:24 - Analyzing data for question: hi
2026-04-26 16:52:59,843 - agents.analysis_agent - INFO - analyze_data:25 - Using steps: ['get sales data', 'analyze data']
2026-04-26 16:52:59,844 - agents.analysis_agent - INFO - analyze_data:35 - Created DataFrame with 16 rows and 5 columns
2026-04-26 16:52:59,860 - agents.analysis_agent - INFO - analyze_data:75 - Generated 3 insights
2026-04-26 16:52:59,860 - services.agent_pipeline - INFO - process_query:77 - Analysis Agent generated 3 insights
2026-04-26 16:52:59,861 - services.agent_pipeline - INFO - process_query:81 - === STEP 4: REPORT AGENT ===
2026-04-26 16:52:59,863 - agents.report_agent - INFO - generate_report:21 - Generating human-readable report
2026-04-26 16:52:59,863 - agents.report_agent - INFO - generate_report:38 - Generated report with 3 insights
2026-04-26 16:52:59,864 - services.agent_pipeline - INFO - process_query:85 - Report Agent: Generated human-readable response
2026-04-26 16:52:59,864 - services.agent_pipeline - INFO - process_query:89 - === STEP 5: DASHBOARD DATA AGGREGATION ===
2026-04-26 16:52:59,864 - agents.analysis_agent - INFO - aggregate_dashboard_data:235 - === DASHBOARD AGGREGATION TRACE ===
2026-04-26 16:52:59,865 - agents.analysis_agent - INFO - aggregate_dashboard_data:236 - 1. Input data length: 16
2026-04-26 16:52:59,865 - agents.analysis_agent - INFO - aggregate_dashboard_data:237 - 2. Data sample: [{'id': 1, 'product': 'Product A', 'region': 'North', 'revenue': Decimal('5000.00'), 'date': datetime.date(2024, 3, 1)}, {'id': 2, 'product': 'Product B', 'region': 'South', 'revenue': Decimal('3000.00'), 'date': datetime.date(2024, 3, 1)}]
2026-04-26 16:52:59,866 - agents.analysis_agent - INFO - aggregate_dashboard_data:246 - 4. DataFrame created with shape: (16, 5)
2026-04-26 16:52:59,866 - agents.analysis_agent - ERROR - aggregate_dashboard_data:252 - 5. Missing required columns: ['quantity']
2026-04-26 16:52:59,867 - agents.analysis_agent - ERROR - aggregate_dashboard_data:253 - 6. Available columns: ['id', 'product', 'region', 'revenue', 'date']
2026-04-26 16:52:59,868 - agents.analysis_agent - INFO - _get_enhanced_mock_data:302 - Using enhanced mock data for dashboard
2026-04-26 16:52:59,870 - services.agent_pipeline - INFO - process_query:93 - Dashboard data aggregated: 8 months, 4 regions, 3 products
2026-04-26 16:52:59,870 - services.agent_pipeline - INFO - process_query:97 - === STEP 6: INSIGHTS DETECTION ===
2026-04-26 16:52:59,871 - agents.analysis_agent - INFO - detect_and_store_insights:378 - Detecting insights for database storage
2026-04-26 16:52:59,883 - agents.analysis_agent - ERROR - detect_and_store_insights:461 - Error detecting insights: Can only use .dt accessor with datetimelike values
2026-04-26 16:52:59,884 - services.agent_pipeline - INFO - process_query:102 - Detected 0 insights for storage
2026-04-26 16:52:59,884 - services.agent_pipeline - INFO - process_query:106 - === STEP 7: INSIGHTS STORAGE ===
2026-04-26 16:52:59,886 - services.agent_pipeline - INFO - process_query:132 - === PIPELINE COMPLETED SUCCESSFULLY ===
2026-04-26 16:52:59,886 - services.agent_pipeline - INFO - process_query:133 - Final answer: Analysis completed on sales data
2026-04-26 16:52:59,886 - services.agent_pipeline - INFO - process_query:134 - Total insights: 3
2026-04-26 16:52:59,887 - ai_analytics.main - INFO - query_ai:257 - Successfully processed query through pipeline: hi
2026-04-26 16:53:03,528 - ai_analytics.main - INFO - query_ai:232 - Processing query through multi-agent pipeline: hi
2026-04-26 16:53:03,530 - services.agent_pipeline - INFO - process_query:38 - Starting pipeline processing for question: hi
2026-04-26 16:53:03,530 - services.agent_pipeline - INFO - process_query:49 - === STEP 1: PLANNER AGENT ===
2026-04-26 16:53:03,531 - agents.planner_agent - INFO - plan_query:26 - Planning query: hi
2026-04-26 16:53:03,532 - agents.planner_agent - INFO - plan_query:62 - Using default analysis for question: hi
2026-04-26 16:53:03,532 - agents.planner_agent - INFO - plan_query:64 - Generated steps: ['get sales data', 'analyze data']
2026-04-26 16:53:03,533 - services.agent_pipeline - INFO - process_query:54 - Planner generated steps: ['get sales data', 'analyze data']
2026-04-26 16:53:03,533 - services.agent_pipeline - INFO - process_query:58 - === STEP 2: DATA AGENT ===
2026-04-26 16:53:03,534 - agents.data_agent - INFO - get_data:202 - === DATA FLOW TRACE ===
2026-04-26 16:53:03,534 - agents.data_agent - INFO - get_data:203 - 1. Question received: hi
2026-04-26 16:53:03,535 - agents.data_agent - INFO - get_data:204 - 2. Steps generated: ['get sales data', 'analyze data']
2026-04-26 16:53:03,535 - agents.data_agent - INFO - get_data:205 - 3. DB Config: localhost:3306/ai_analytics
2026-04-26 16:53:03,536 - agents.data_agent - INFO - natural_language_to_sql:53 - Converting natural language to SQL: hi
2026-04-26 16:53:03,536 - agents.data_agent - INFO - natural_language_to_sql:54 - Using steps: ['get sales data', 'analyze data']
2026-04-26 16:53:03,536 - agents.data_agent - INFO - natural_language_to_sql:130 - Generated default SQL: SELECT * FROM sales ORDER BY date DESC LIMIT 100
2026-04-26 16:53:03,538 - agents.data_agent - INFO - get_data:210 - 4. Generated SQL: SELECT * FROM sales ORDER BY date DESC LIMIT 100
2026-04-26 16:53:03,538 - agents.data_agent - INFO - execute_query:138 - Executing SQL query: SELECT * FROM sales ORDER BY date DESC LIMIT 100
2026-04-26 16:53:03,538 - agents.data_agent - INFO - execute_query:139 - SQL Query: SELECT * FROM sales ORDER BY date DESC LIMIT 100
2026-04-26 16:53:03,539 - agents.data_agent - INFO - connect_to_mysql:36 - Attempting to connect to MySQL (attempt 1/3)
2026-04-26 16:53:03,547 - agents.data_agent - INFO - connect_to_mysql:38 - Successfully connected to MySQL database
2026-04-26 16:53:03,561 - agents.data_agent - INFO - execute_query:151 - Query executed successfully, returned 16 records
2026-04-26 16:53:03,562 - agents.data_agent - INFO - execute_query:163 - Database connection closed
2026-04-26 16:53:03,562 - agents.data_agent - INFO - get_data:215 - 5. Query executed successfully
2026-04-26 16:53:03,562 - agents.data_agent - INFO - get_data:216 - 6. Records retrieved: 16
2026-04-26 16:53:03,564 - agents.data_agent - INFO - get_data:218 - 7. Sample record: {'id': 1, 'product': 'Product A', 'region': 'North', 'revenue': Decimal('5000.00'), 'date': datetime.date(2024, 3, 1)}
2026-04-26 16:53:03,564 - services.agent_pipeline - INFO - process_query:62 - Data Agent retrieved 16 records
2026-04-26 16:53:03,564 - services.agent_pipeline - INFO - process_query:73 - === STEP 3: ANALYSIS AGENT ===
2026-04-26 16:53:03,565 - agents.analysis_agent - INFO - analyze_data:24 - Analyzing data for question: hi
2026-04-26 16:53:03,565 - agents.analysis_agent - INFO - analyze_data:25 - Using steps: ['get sales data', 'analyze data']
2026-04-26 16:53:03,566 - agents.analysis_agent - INFO - analyze_data:35 - Created DataFrame with 16 rows and 5 columns
2026-04-26 16:53:03,568 - agents.analysis_agent - INFO - analyze_data:75 - Generated 3 insights
2026-04-26 16:53:03,569 - services.agent_pipeline - INFO - process_query:77 - Analysis Agent generated 3 insights
2026-04-26 16:53:03,570 - services.agent_pipeline - INFO - process_query:81 - === STEP 4: REPORT AGENT ===
2026-04-26 16:53:03,570 - agents.report_agent - INFO - generate_report:21 - Generating human-readable report
2026-04-26 16:53:03,570 - agents.report_agent - INFO - generate_report:38 - Generated report with 3 insights
2026-04-26 16:53:03,571 - services.agent_pipeline - INFO - process_query:85 - Report Agent: Generated human-readable response
2026-04-26 16:53:03,571 - services.agent_pipeline - INFO - process_query:89 - === STEP 5: DASHBOARD DATA AGGREGATION ===
2026-04-26 16:53:03,572 - agents.analysis_agent - INFO - aggregate_dashboard_data:235 - === DASHBOARD AGGREGATION TRACE ===
2026-04-26 16:53:03,572 - agents.analysis_agent - INFO - aggregate_dashboard_data:236 - 1. Input data length: 16
2026-04-26 16:53:03,572 - agents.analysis_agent - INFO - aggregate_dashboard_data:237 - 2. Data sample: [{'id': 1, 'product': 'Product A', 'region': 'North', 'revenue': Decimal('5000.00'), 'date': datetime.date(2024, 3, 1)}, {'id': 2, 'product': 'Product B', 'region': 'South', 'revenue': Decimal('3000.00'), 'date': datetime.date(2024, 3, 1)}]
2026-04-26 16:53:03,573 - agents.analysis_agent - INFO - aggregate_dashboard_data:246 - 4. DataFrame created with shape: (16, 5)
2026-04-26 16:53:03,574 - agents.analysis_agent - ERROR - aggregate_dashboard_data:252 - 5. Missing required columns: ['quantity']
2026-04-26 16:53:03,575 - agents.analysis_agent - ERROR - aggregate_dashboard_data:253 - 6. Available columns: ['id', 'product', 'region', 'revenue', 'date']
2026-04-26 16:53:03,576 - agents.analysis_agent - INFO - _get_enhanced_mock_data:302 - Using enhanced mock data for dashboard
2026-04-26 16:53:03,576 - services.agent_pipeline - INFO - process_query:93 - Dashboard data aggregated: 8 months, 4 regions, 3 products
2026-04-26 16:53:03,578 - services.agent_pipeline - INFO - process_query:97 - === STEP 6: INSIGHTS DETECTION ===
2026-04-26 16:53:03,579 - agents.analysis_agent - INFO - detect_and_store_insights:378 - Detecting insights for database storage
2026-04-26 16:53:03,583 - agents.analysis_agent - ERROR - detect_and_store_insights:461 - Error detecting insights: Can only use .dt accessor with datetimelike values
2026-04-26 16:53:03,584 - services.agent_pipeline - INFO - process_query:102 - Detected 0 insights for storage
2026-04-26 16:53:03,584 - services.agent_pipeline - INFO - process_query:106 - === STEP 7: INSIGHTS STORAGE ===
2026-04-26 16:53:03,584 - services.agent_pipeline - INFO - process_query:132 - === PIPELINE COMPLETED SUCCESSFULLY ===
2026-04-26 16:53:03,586 - services.agent_pipeline - INFO - process_query:133 - Final answer: Analysis completed on sales data
2026-04-26 16:53:03,586 - services.agent_pipeline - INFO - process_query:134 - Total insights: 3
2026-04-26 16:53:03,586 - ai_analytics.main - INFO - query_ai:257 - Successfully processed query through pipeline: hi
2026-04-26 17:00:35,746 - ai_analytics.main - INFO - health_check:95 - Health check accessed
2026-04-26 17:14:56,857 - ai_analytics.main - INFO - health_check:95 - Health check accessed
2026-04-26 17:33:45,090 - ai_analytics.main - INFO - health_check:95 - Health check accessed
2026-04-26 18:03:50,698 - ai_analytics.main - INFO - health_check:95 - Health check accessed
2026-04-26 18:11:40,096 - ai_analytics.main - INFO - health_check:95 - Health check accessed
2026-04-26 18:15:51,164 - ai_analytics.main - INFO - health_check:95 - Health check accessed
2026-04-26 18:23:54,208 - ai_analytics.main - INFO - query_ai:232 - Processing query through multi-agent pipeline: hi
2026-04-26 18:23:54,210 - services.agent_pipeline - INFO - process_query:38 - Starting pipeline processing for question: hi
2026-04-26 18:23:54,212 - services.agent_pipeline - INFO - process_query:49 - === STEP 1: PLANNER AGENT ===
2026-04-26 18:23:54,214 - agents.planner_agent - INFO - plan_query:26 - Planning query: hi
2026-04-26 18:23:54,216 - agents.planner_agent - INFO - plan_query:62 - Using default analysis for question: hi
2026-04-26 18:23:54,218 - agents.planner_agent - INFO - plan_query:64 - Generated steps: ['get sales data', 'analyze data']
2026-04-26 18:23:54,220 - services.agent_pipeline - INFO - process_query:54 - Planner generated steps: ['get sales data', 'analyze data']
2026-04-26 18:23:54,223 - services.agent_pipeline - INFO - process_query:58 - === STEP 2: DATA AGENT ===
2026-04-26 18:23:54,226 - agents.data_agent - INFO - get_data:202 - === DATA FLOW TRACE ===
2026-04-26 18:23:54,228 - agents.data_agent - INFO - get_data:203 - 1. Question received: hi
2026-04-26 18:23:54,231 - agents.data_agent - INFO - get_data:204 - 2. Steps generated: ['get sales data', 'analyze data']
2026-04-26 18:23:54,237 - agents.data_agent - INFO - get_data:205 - 3. DB Config: localhost:3306/ai_analytics
2026-04-26 18:23:54,239 - agents.data_agent - INFO - natural_language_to_sql:53 - Converting natural language to SQL: hi
2026-04-26 18:23:54,243 - agents.data_agent - INFO - natural_language_to_sql:54 - Using steps: ['get sales data', 'analyze data']
2026-04-26 18:23:54,245 - agents.data_agent - INFO - natural_language_to_sql:130 - Generated default SQL: SELECT * FROM sales ORDER BY date DESC LIMIT 100
2026-04-26 18:23:54,247 - agents.data_agent - INFO - get_data:210 - 4. Generated SQL: SELECT * FROM sales ORDER BY date DESC LIMIT 100
2026-04-26 18:23:54,251 - agents.data_agent - INFO - execute_query:138 - Executing SQL query: SELECT * FROM sales ORDER BY date DESC LIMIT 100
2026-04-26 18:23:54,252 - agents.data_agent - INFO - execute_query:139 - SQL Query: SELECT * FROM sales ORDER BY date DESC LIMIT 100
2026-04-26 18:23:54,254 - agents.data_agent - INFO - connect_to_mysql:36 - Attempting to connect to MySQL (attempt 1/3)
2026-04-26 18:23:54,488 - agents.data_agent - INFO - connect_to_mysql:38 - Successfully connected to MySQL database
2026-04-26 18:23:54,548 - agents.data_agent - INFO - execute_query:151 - Query executed successfully, returned 16 records
2026-04-26 18:23:54,552 - agents.data_agent - INFO - execute_query:163 - Database connection closed
2026-04-26 18:23:54,554 - agents.data_agent - INFO - get_data:215 - 5. Query executed successfully
2026-04-26 18:23:54,556 - agents.data_agent - INFO - get_data:216 - 6. Records retrieved: 16
2026-04-26 18:23:54,557 - agents.data_agent - INFO - get_data:218 - 7. Sample record: {'id': 1, 'product': 'Product A', 'region': 'North', 'revenue': Decimal('5000.00'), 'date': datetime.date(2024, 3, 1)}
2026-04-26 18:23:54,559 - services.agent_pipeline - INFO - process_query:62 - Data Agent retrieved 16 records
2026-04-26 18:23:54,560 - services.agent_pipeline - INFO - process_query:73 - === STEP 3: ANALYSIS AGENT ===
2026-04-26 18:23:54,562 - agents.analysis_agent - INFO - analyze_data:24 - Analyzing data for question: hi
2026-04-26 18:23:54,563 - agents.analysis_agent - INFO - analyze_data:25 - Using steps: ['get sales data', 'analyze data']
2026-04-26 18:23:54,582 - agents.analysis_agent - INFO - analyze_data:35 - Created DataFrame with 16 rows and 5 columns
2026-04-26 18:23:54,633 - agents.analysis_agent - INFO - analyze_data:75 - Generated 3 insights
2026-04-26 18:23:54,636 - services.agent_pipeline - INFO - process_query:77 - Analysis Agent generated 3 insights
2026-04-26 18:23:54,637 - services.agent_pipeline - INFO - process_query:81 - === STEP 4: REPORT AGENT ===
2026-04-26 18:23:54,639 - agents.report_agent - INFO - generate_report:21 - Generating human-readable report
2026-04-26 18:23:54,641 - agents.report_agent - INFO - generate_report:38 - Generated report with 3 insights
2026-04-26 18:23:54,642 - services.agent_pipeline - INFO - process_query:85 - Report Agent: Generated human-readable response
2026-04-26 18:23:54,644 - services.agent_pipeline - INFO - process_query:89 - === STEP 5: DASHBOARD DATA AGGREGATION ===
2026-04-26 18:23:54,645 - agents.analysis_agent - INFO - aggregate_dashboard_data:235 - === DASHBOARD AGGREGATION TRACE ===
2026-04-26 18:23:54,647 - agents.analysis_agent - INFO - aggregate_dashboard_data:236 - 1. Input data length: 16
2026-04-26 18:23:54,648 - agents.analysis_agent - INFO - aggregate_dashboard_data:237 - 2. Data sample: [{'id': 1, 'product': 'Product A', 'region': 'North', 'revenue': Decimal('5000.00'), 'date': datetime.date(2024, 3, 1)}, {'id': 2, 'product': 'Product B', 'region': 'South', 'revenue': Decimal('3000.00'), 'date': datetime.date(2024, 3, 1)}]
2026-04-26 18:23:54,651 - agents.analysis_agent - INFO - aggregate_dashboard_data:246 - 4. DataFrame created with shape: (16, 5)
2026-04-26 18:23:54,655 - agents.analysis_agent - ERROR - aggregate_dashboard_data:252 - 5. Missing required columns: ['quantity']
2026-04-26 18:23:54,659 - agents.analysis_agent - ERROR - aggregate_dashboard_data:253 - 6. Available columns: ['id', 'product', 'region', 'revenue', 'date']
2026-04-26 18:23:54,662 - agents.analysis_agent - INFO - _get_enhanced_mock_data:302 - Using enhanced mock data for dashboard
2026-04-26 18:23:54,664 - services.agent_pipeline - INFO - process_query:93 - Dashboard data aggregated: 8 months, 4 regions, 3 products
2026-04-26 18:23:54,665 - services.agent_pipeline - INFO - process_query:97 - === STEP 6: INSIGHTS DETECTION ===
2026-04-26 18:23:54,668 - agents.analysis_agent - INFO - detect_and_store_insights:378 - Detecting insights for database storage
2026-04-26 18:23:54,698 - agents.analysis_agent - ERROR - detect_and_store_insights:461 - Error detecting insights: Can only use .dt accessor with datetimelike values
2026-04-26 18:23:54,703 - services.agent_pipeline - INFO - process_query:102 - Detected 0 insights for storage
2026-04-26 18:23:54,704 - services.agent_pipeline - INFO - process_query:106 - === STEP 7: INSIGHTS STORAGE ===
2026-04-26 18:23:54,705 - services.agent_pipeline - INFO - process_query:132 - === PIPELINE COMPLETED SUCCESSFULLY ===
2026-04-26 18:23:54,708 - services.agent_pipeline - INFO - process_query:133 - Final answer: Analysis completed on sales data
2026-04-26 18:23:54,710 - services.agent_pipeline - INFO - process_query:134 - Total insights: 3
2026-04-26 18:23:54,711 - ai_analytics.main - INFO - query_ai:257 - Successfully processed query through pipeline: hi
2026-04-26 18:23:57,566 - ai_analytics.main - INFO - get_dashboard_data:288 - Generating dashboard data
2026-04-26 18:23:57,569 - agents.data_agent - INFO - __init__:30 - DataAgent initialized with config: localhost:3306/ai_analytics
2026-04-26 18:23:57,571 - agents.data_agent - INFO - get_data:202 - === DATA FLOW TRACE ===
2026-04-26 18:23:57,573 - agents.data_agent - INFO - get_data:203 - 1. Question received: get all sales data
2026-04-26 18:23:57,575 - agents.data_agent - INFO - get_data:204 - 2. Steps generated: ['get sales data']
2026-04-26 18:23:57,577 - agents.data_agent - INFO - get_data:205 - 3. DB Config: localhost:3306/ai_analytics
2026-04-26 18:23:57,578 - agents.data_agent - INFO - natural_language_to_sql:53 - Converting natural language to SQL: get all sales data
2026-04-26 18:23:57,579 - agents.data_agent - INFO - natural_language_to_sql:54 - Using steps: ['get sales data']
2026-04-26 18:23:57,581 - agents.data_agent - INFO - natural_language_to_sql:130 - Generated default SQL: SELECT * FROM sales ORDER BY date DESC LIMIT 100
2026-04-26 18:23:57,583 - agents.data_agent - INFO - get_data:210 - 4. Generated SQL: SELECT * FROM sales ORDER BY date DESC LIMIT 100
2026-04-26 18:23:57,584 - agents.data_agent - INFO - execute_query:138 - Executing SQL query: SELECT * FROM sales ORDER BY date DESC LIMIT 100
2026-04-26 18:23:57,586 - agents.data_agent - INFO - execute_query:139 - SQL Query: SELECT * FROM sales ORDER BY date DESC LIMIT 100
2026-04-26 18:23:57,588 - agents.data_agent - INFO - connect_to_mysql:36 - Attempting to connect to MySQL (attempt 1/3)
2026-04-26 18:23:57,645 - agents.data_agent - INFO - connect_to_mysql:38 - Successfully connected to MySQL database
2026-04-26 18:23:57,650 - agents.data_agent - INFO - execute_query:151 - Query executed successfully, returned 16 records
2026-04-26 18:23:57,653 - agents.data_agent - INFO - execute_query:163 - Database connection closed
2026-04-26 18:23:57,656 - agents.data_agent - INFO - get_data:215 - 5. Query executed successfully
2026-04-26 18:23:57,657 - agents.data_agent - INFO - get_data:216 - 6. Records retrieved: 16
2026-04-26 18:23:57,660 - agents.data_agent - INFO - get_data:218 - 7. Sample record: {'id': 1, 'product': 'Product A', 'region': 'North', 'revenue': Decimal('5000.00'), 'date': datetime.date(2024, 3, 1)}
2026-04-26 18:23:57,661 - agents.analysis_agent - INFO - aggregate_dashboard_data:235 - === DASHBOARD AGGREGATION TRACE ===
2026-04-26 18:23:57,662 - agents.analysis_agent - INFO - aggregate_dashboard_data:236 - 1. Input data length: 16
2026-04-26 18:23:57,665 - agents.analysis_agent - INFO - aggregate_dashboard_data:237 - 2. Data sample: [{'id': 1, 'product': 'Product A', 'region': 'North', 'revenue': Decimal('5000.00'), 'date': datetime.date(2024, 3, 1)}, {'id': 2, 'product': 'Product B', 'region': 'South', 'revenue': Decimal('3000.00'), 'date': datetime.date(2024, 3, 1)}]
2026-04-26 18:23:57,669 - agents.analysis_agent - INFO - aggregate_dashboard_data:246 - 4. DataFrame created with shape: (16, 5)
2026-04-26 18:23:57,671 - agents.analysis_agent - ERROR - aggregate_dashboard_data:252 - 5. Missing required columns: ['quantity']
2026-04-26 18:23:57,674 - agents.analysis_agent - ERROR - aggregate_dashboard_data:253 - 6. Available columns: ['id', 'product', 'region', 'revenue', 'date']
2026-04-26 18:23:57,676 - agents.analysis_agent - INFO - _get_enhanced_mock_data:302 - Using enhanced mock data for dashboard
2026-04-26 18:23:57,679 - ai_analytics.main - INFO - get_dashboard_data:310 - Dashboard data generated: 8 months, 4 regions, 3 products
2026-04-26 18:24:05,351 - ai_analytics.main - INFO - query_ai:232 - Processing query through multi-agent pipeline: hii
2026-04-26 18:24:05,352 - services.agent_pipeline - INFO - process_query:38 - Starting pipeline processing for question: hii
2026-04-26 18:24:05,354 - services.agent_pipeline - INFO - process_query:49 - === STEP 1: PLANNER AGENT ===
2026-04-26 18:24:05,356 - agents.planner_agent - INFO - plan_query:26 - Planning query: hii
2026-04-26 18:24:05,358 - agents.planner_agent - INFO - plan_query:62 - Using default analysis for question: hii
2026-04-26 18:24:05,362 - agents.planner_agent - INFO - plan_query:64 - Generated steps: ['get sales data', 'analyze data']
2026-04-26 18:24:05,363 - services.agent_pipeline - INFO - process_query:54 - Planner generated steps: ['get sales data', 'analyze data']
2026-04-26 18:24:05,365 - services.agent_pipeline - INFO - process_query:58 - === STEP 2: DATA AGENT ===
2026-04-26 18:24:05,368 - agents.data_agent - INFO - get_data:202 - === DATA FLOW TRACE ===
2026-04-26 18:24:05,370 - agents.data_agent - INFO - get_data:203 - 1. Question received: hii
2026-04-26 18:24:05,371 - agents.data_agent - INFO - get_data:204 - 2. Steps generated: ['get sales data', 'analyze data']
2026-04-26 18:24:05,374 - agents.data_agent - INFO - get_data:205 - 3. DB Config: localhost:3306/ai_analytics
2026-04-26 18:24:05,376 - agents.data_agent - INFO - natural_language_to_sql:53 - Converting natural language to SQL: hii
2026-04-26 18:24:05,377 - agents.data_agent - INFO - natural_language_to_sql:54 - Using steps: ['get sales data', 'analyze data']
2026-04-26 18:24:05,379 - agents.data_agent - INFO - natural_language_to_sql:130 - Generated default SQL: SELECT * FROM sales ORDER BY date DESC LIMIT 100
2026-04-26 18:24:05,382 - agents.data_agent - INFO - get_data:210 - 4. Generated SQL: SELECT * FROM sales ORDER BY date DESC LIMIT 100
2026-04-26 18:24:05,384 - agents.data_agent - INFO - execute_query:138 - Executing SQL query: SELECT * FROM sales ORDER BY date DESC LIMIT 100
2026-04-26 18:24:05,385 - agents.data_agent - INFO - execute_query:139 - SQL Query: SELECT * FROM sales ORDER BY date DESC LIMIT 100
2026-04-26 18:24:05,386 - agents.data_agent - INFO - connect_to_mysql:36 - Attempting to connect to MySQL (attempt 1/3)
2026-04-26 18:24:05,451 - agents.data_agent - INFO - connect_to_mysql:38 - Successfully connected to MySQL database
2026-04-26 18:24:05,458 - agents.data_agent - INFO - execute_query:151 - Query executed successfully, returned 16 records
2026-04-26 18:24:05,462 - agents.data_agent - INFO - execute_query:163 - Database connection closed
2026-04-26 18:24:05,463 - agents.data_agent - INFO - get_data:215 - 5. Query executed successfully
2026-04-26 18:24:05,465 - agents.data_agent - INFO - get_data:216 - 6. Records retrieved: 16
2026-04-26 18:24:05,466 - agents.data_agent - INFO - get_data:218 - 7. Sample record: {'id': 1, 'product': 'Product A', 'region': 'North', 'revenue': Decimal('5000.00'), 'date': datetime.date(2024, 3, 1)}
2026-04-26 18:24:05,467 - services.agent_pipeline - INFO - process_query:62 - Data Agent retrieved 16 records
2026-04-26 18:24:05,469 - services.agent_pipeline - INFO - process_query:73 - === STEP 3: ANALYSIS AGENT ===
2026-04-26 18:24:05,472 - agents.analysis_agent - INFO - analyze_data:24 - Analyzing data for question: hii
2026-04-26 18:24:05,474 - agents.analysis_agent - INFO - analyze_data:25 - Using steps: ['get sales data', 'analyze data']
2026-04-26 18:24:05,476 - agents.analysis_agent - INFO - analyze_data:35 - Created DataFrame with 16 rows and 5 columns
2026-04-26 18:24:05,482 - agents.analysis_agent - INFO - analyze_data:75 - Generated 3 insights
2026-04-26 18:24:05,486 - services.agent_pipeline - INFO - process_query:77 - Analysis Agent generated 3 insights
2026-04-26 18:24:05,489 - services.agent_pipeline - INFO - process_query:81 - === STEP 4: REPORT AGENT ===
2026-04-26 18:24:05,491 - agents.report_agent - INFO - generate_report:21 - Generating human-readable report
2026-04-26 18:24:05,494 - agents.report_agent - INFO - generate_report:38 - Generated report with 3 insights
2026-04-26 18:24:05,495 - services.agent_pipeline - INFO - process_query:85 - Report Agent: Generated human-readable response
2026-04-26 18:24:05,496 - services.agent_pipeline - INFO - process_query:89 - === STEP 5: DASHBOARD DATA AGGREGATION ===
2026-04-26 18:24:05,499 - agents.analysis_agent - INFO - aggregate_dashboard_data:235 - === DASHBOARD AGGREGATION TRACE ===
2026-04-26 18:24:05,501 - agents.analysis_agent - INFO - aggregate_dashboard_data:236 - 1. Input data length: 16
2026-04-26 18:24:05,502 - agents.analysis_agent - INFO - aggregate_dashboard_data:237 - 2. Data sample: [{'id': 1, 'product': 'Product A', 'region': 'North', 'revenue': Decimal('5000.00'), 'date': datetime.date(2024, 3, 1)}, {'id': 2, 'product': 'Product B', 'region': 'South', 'revenue': Decimal('3000.00'), 'date': datetime.date(2024, 3, 1)}]
2026-04-26 18:24:05,505 - agents.analysis_agent - INFO - aggregate_dashboard_data:246 - 4. DataFrame created with shape: (16, 5)
2026-04-26 18:24:05,508 - agents.analysis_agent - ERROR - aggregate_dashboard_data:252 - 5. Missing required columns: ['quantity']
2026-04-26 18:24:05,510 - agents.analysis_agent - ERROR - aggregate_dashboard_data:253 - 6. Available columns: ['id', 'product', 'region', 'revenue', 'date']
2026-04-26 18:24:05,514 - agents.analysis_agent - INFO - _get_enhanced_mock_data:302 - Using enhanced mock data for dashboard
2026-04-26 18:24:05,516 - services.agent_pipeline - INFO - process_query:93 - Dashboard data aggregated: 8 months, 4 regions, 3 products
2026-04-26 18:24:05,518 - services.agent_pipeline - INFO - process_query:97 - === STEP 6: INSIGHTS DETECTION ===
2026-04-26 18:24:05,522 - agents.analysis_agent - INFO - detect_and_store_insights:378 - Detecting insights for database storage
2026-04-26 18:24:05,536 - agents.analysis_agent - ERROR - detect_and_store_insights:461 - Error detecting insights: Can only use .dt accessor with datetimelike values
2026-04-26 18:24:05,538 - services.agent_pipeline - INFO - process_query:102 - Detected 0 insights for storage
2026-04-26 18:24:05,541 - services.agent_pipeline - INFO - process_query:106 - === STEP 7: INSIGHTS STORAGE ===
2026-04-26 18:24:05,542 - services.agent_pipeline - INFO - process_query:132 - === PIPELINE COMPLETED SUCCESSFULLY ===
2026-04-26 18:24:05,544 - services.agent_pipeline - INFO - process_query:133 - Final answer: Analysis completed on sales data
2026-04-26 18:24:05,545 - services.agent_pipeline - INFO - process_query:134 - Total insights: 3
2026-04-26 18:24:05,546 - ai_analytics.main - INFO - query_ai:257 - Successfully processed query through pipeline: hii
2026-04-26 18:24:16,304 - ai_analytics.main - INFO - get_dashboard_data:288 - Generating dashboard data
2026-04-26 18:24:16,306 - agents.data_agent - INFO - __init__:30 - DataAgent initialized with config: localhost:3306/ai_analytics
2026-04-26 18:24:16,308 - agents.data_agent - INFO - get_data:202 - === DATA FLOW TRACE ===
2026-04-26 18:24:16,308 - agents.data_agent - INFO - get_data:203 - 1. Question received: get all sales data
2026-04-26 18:24:16,311 - agents.data_agent - INFO - get_data:204 - 2. Steps generated: ['get sales data']
2026-04-26 18:24:16,313 - agents.data_agent - INFO - get_data:205 - 3. DB Config: localhost:3306/ai_analytics
2026-04-26 18:24:16,314 - agents.data_agent - INFO - natural_language_to_sql:53 - Converting natural language to SQL: get all sales data
2026-04-26 18:24:16,315 - agents.data_agent - INFO - natural_language_to_sql:54 - Using steps: ['get sales data']
2026-04-26 18:24:16,318 - agents.data_agent - INFO - natural_language_to_sql:130 - Generated default SQL: SELECT * FROM sales ORDER BY date DESC LIMIT 100
2026-04-26 18:24:16,320 - agents.data_agent - INFO - get_data:210 - 4. Generated SQL: SELECT * FROM sales ORDER BY date DESC LIMIT 100
2026-04-26 18:24:16,321 - agents.data_agent - INFO - execute_query:138 - Executing SQL query: SELECT * FROM sales ORDER BY date DESC LIMIT 100
2026-04-26 18:24:16,322 - agents.data_agent - INFO - execute_query:139 - SQL Query: SELECT * FROM sales ORDER BY date DESC LIMIT 100
2026-04-26 18:24:16,327 - agents.data_agent - INFO - connect_to_mysql:36 - Attempting to connect to MySQL (attempt 1/3)
2026-04-26 18:24:16,344 - agents.data_agent - INFO - connect_to_mysql:38 - Successfully connected to MySQL database
2026-04-26 18:24:16,348 - agents.data_agent - INFO - execute_query:151 - Query executed successfully, returned 16 records
2026-04-26 18:24:16,350 - agents.data_agent - INFO - execute_query:163 - Database connection closed
2026-04-26 18:24:16,352 - agents.data_agent - INFO - get_data:215 - 5. Query executed successfully
2026-04-26 18:24:16,354 - agents.data_agent - INFO - get_data:216 - 6. Records retrieved: 16
2026-04-26 18:24:16,356 - agents.data_agent - INFO - get_data:218 - 7. Sample record: {'id': 1, 'product': 'Product A', 'region': 'North', 'revenue': Decimal('5000.00'), 'date': datetime.date(2024, 3, 1)}
2026-04-26 18:24:16,357 - agents.analysis_agent - INFO - aggregate_dashboard_data:235 - === DASHBOARD AGGREGATION TRACE ===
2026-04-26 18:24:16,358 - agents.analysis_agent - INFO - aggregate_dashboard_data:236 - 1. Input data length: 16
2026-04-26 18:24:16,361 - agents.analysis_agent - INFO - aggregate_dashboard_data:237 - 2. Data sample: [{'id': 1, 'product': 'Product A', 'region': 'North', 'revenue': Decimal('5000.00'), 'date': datetime.date(2024, 3, 1)}, {'id': 2, 'product': 'Product B', 'region': 'South', 'revenue': Decimal('3000.00'), 'date': datetime.date(2024, 3, 1)}]
2026-04-26 18:24:16,363 - agents.analysis_agent - INFO - aggregate_dashboard_data:246 - 4. DataFrame created with shape: (16, 5)
2026-04-26 18:24:16,365 - agents.analysis_agent - ERROR - aggregate_dashboard_data:252 - 5. Missing required columns: ['quantity']
2026-04-26 18:24:16,367 - agents.analysis_agent - ERROR - aggregate_dashboard_data:253 - 6. Available columns: ['id', 'product', 'region', 'revenue', 'date']
2026-04-26 18:24:16,372 - agents.analysis_agent - INFO - _get_enhanced_mock_data:302 - Using enhanced mock data for dashboard
2026-04-26 18:24:16,375 - ai_analytics.main - INFO - get_dashboard_data:310 - Dashboard data generated: 8 months, 4 regions, 3 products
2026-04-26 18:24:23,085 - ai_analytics.main - INFO - query_ai:232 - Processing query through multi-agent pipeline: hii
2026-04-26 18:24:23,086 - services.agent_pipeline - INFO - process_query:38 - Starting pipeline processing for question: hii
2026-04-26 18:24:23,089 - services.agent_pipeline - INFO - process_query:49 - === STEP 1: PLANNER AGENT ===
2026-04-26 18:24:23,090 - agents.planner_agent - INFO - plan_query:26 - Planning query: hii
2026-04-26 18:24:23,092 - agents.planner_agent - INFO - plan_query:62 - Using default analysis for question: hii
2026-04-26 18:24:23,094 - agents.planner_agent - INFO - plan_query:64 - Generated steps: ['get sales data', 'analyze data']
2026-04-26 18:24:23,096 - services.agent_pipeline - INFO - process_query:54 - Planner generated steps: ['get sales data', 'analyze data']
2026-04-26 18:24:23,098 - services.agent_pipeline - INFO - process_query:58 - === STEP 2: DATA AGENT ===
2026-04-26 18:24:23,100 - agents.data_agent - INFO - get_data:202 - === DATA FLOW TRACE ===
2026-04-26 18:24:23,101 - agents.data_agent - INFO - get_data:203 - 1. Question received: hii
2026-04-26 18:24:23,103 - agents.data_agent - INFO - get_data:204 - 2. Steps generated: ['get sales data', 'analyze data']
2026-04-26 18:24:23,106 - agents.data_agent - INFO - get_data:205 - 3. DB Config: localhost:3306/ai_analytics
2026-04-26 18:24:23,107 - agents.data_agent - INFO - natural_language_to_sql:53 - Converting natural language to SQL: hii
2026-04-26 18:24:23,108 - agents.data_agent - INFO - natural_language_to_sql:54 - Using steps: ['get sales data', 'analyze data']
2026-04-26 18:24:23,111 - agents.data_agent - INFO - natural_language_to_sql:130 - Generated default SQL: SELECT * FROM sales ORDER BY date DESC LIMIT 100
2026-04-26 18:24:23,112 - agents.data_agent - INFO - get_data:210 - 4. Generated SQL: SELECT * FROM sales ORDER BY date DESC LIMIT 100
2026-04-26 18:24:23,115 - agents.data_agent - INFO - execute_query:138 - Executing SQL query: SELECT * FROM sales ORDER BY date DESC LIMIT 100
2026-04-26 18:24:23,115 - agents.data_agent - INFO - execute_query:139 - SQL Query: SELECT * FROM sales ORDER BY date DESC LIMIT 100
2026-04-26 18:24:23,118 - agents.data_agent - INFO - connect_to_mysql:36 - Attempting to connect to MySQL (attempt 1/3)
2026-04-26 18:24:23,141 - agents.data_agent - INFO - connect_to_mysql:38 - Successfully connected to MySQL database
2026-04-26 18:24:23,157 - agents.data_agent - INFO - execute_query:151 - Query executed successfully, returned 16 records
2026-04-26 18:24:23,160 - agents.data_agent - INFO - execute_query:163 - Database connection closed
2026-04-26 18:24:23,161 - agents.data_agent - INFO - get_data:215 - 5. Query executed successfully
2026-04-26 18:24:23,163 - agents.data_agent - INFO - get_data:216 - 6. Records retrieved: 16
2026-04-26 18:24:23,165 - agents.data_agent - INFO - get_data:218 - 7. Sample record: {'id': 1, 'product': 'Product A', 'region': 'North', 'revenue': Decimal('5000.00'), 'date': datetime.date(2024, 3, 1)}
2026-04-26 18:24:23,167 - services.agent_pipeline - INFO - process_query:62 - Data Agent retrieved 16 records
2026-04-26 18:24:23,168 - services.agent_pipeline - INFO - process_query:73 - === STEP 3: ANALYSIS AGENT ===
2026-04-26 18:24:23,170 - agents.analysis_agent - INFO - analyze_data:24 - Analyzing data for question: hii
2026-04-26 18:24:23,171 - agents.analysis_agent - INFO - analyze_data:25 - Using steps: ['get sales data', 'analyze data']
2026-04-26 18:24:23,176 - agents.analysis_agent - INFO - analyze_data:35 - Created DataFrame with 16 rows and 5 columns
2026-04-26 18:24:23,183 - agents.analysis_agent - INFO - analyze_data:75 - Generated 3 insights
2026-04-26 18:24:23,184 - services.agent_pipeline - INFO - process_query:77 - Analysis Agent generated 3 insights
2026-04-26 18:24:23,186 - services.agent_pipeline - INFO - process_query:81 - === STEP 4: REPORT AGENT ===
2026-04-26 18:24:23,188 - agents.report_agent - INFO - generate_report:21 - Generating human-readable report
2026-04-26 18:24:23,190 - agents.report_agent - INFO - generate_report:38 - Generated report with 3 insights
2026-04-26 18:24:23,191 - services.agent_pipeline - INFO - process_query:85 - Report Agent: Generated human-readable response
2026-04-26 18:24:23,194 - services.agent_pipeline - INFO - process_query:89 - === STEP 5: DASHBOARD DATA AGGREGATION ===
2026-04-26 18:24:23,195 - agents.analysis_agent - INFO - aggregate_dashboard_data:235 - === DASHBOARD AGGREGATION TRACE ===
2026-04-26 18:24:23,197 - agents.analysis_agent - INFO - aggregate_dashboard_data:236 - 1. Input data length: 16
2026-04-26 18:24:23,199 - agents.analysis_agent - INFO - aggregate_dashboard_data:237 - 2. Data sample: [{'id': 1, 'product': 'Product A', 'region': 'North', 'revenue': Decimal('5000.00'), 'date': datetime.date(2024, 3, 1)}, {'id': 2, 'product': 'Product B', 'region': 'South', 'revenue': Decimal('3000.00'), 'date': datetime.date(2024, 3, 1)}]
2026-04-26 18:24:23,202 - agents.analysis_agent - INFO - aggregate_dashboard_data:246 - 4. DataFrame created with shape: (16, 5)
2026-04-26 18:24:23,204 - agents.analysis_agent - ERROR - aggregate_dashboard_data:252 - 5. Missing required columns: ['quantity']
2026-04-26 18:24:23,207 - agents.analysis_agent - ERROR - aggregate_dashboard_data:253 - 6. Available columns: ['id', 'product', 'region', 'revenue', 'date']
2026-04-26 18:24:23,209 - agents.analysis_agent - INFO - _get_enhanced_mock_data:302 - Using enhanced mock data for dashboard
2026-04-26 18:24:23,211 - services.agent_pipeline - INFO - process_query:93 - Dashboard data aggregated: 8 months, 4 regions, 3 products
2026-04-26 18:24:23,212 - services.agent_pipeline - INFO - process_query:97 - === STEP 6: INSIGHTS DETECTION ===
2026-04-26 18:24:23,216 - agents.analysis_agent - INFO - detect_and_store_insights:378 - Detecting insights for database storage
2026-04-26 18:24:23,230 - agents.analysis_agent - ERROR - detect_and_store_insights:461 - Error detecting insights: Can only use .dt accessor with datetimelike values
2026-04-26 18:24:23,234 - services.agent_pipeline - INFO - process_query:102 - Detected 0 insights for storage
2026-04-26 18:24:23,242 - services.agent_pipeline - INFO - process_query:106 - === STEP 7: INSIGHTS STORAGE ===
2026-04-26 18:24:23,246 - services.agent_pipeline - INFO - process_query:132 - === PIPELINE COMPLETED SUCCESSFULLY ===
2026-04-26 18:24:23,249 - services.agent_pipeline - INFO - process_query:133 - Final answer: Analysis completed on sales data
2026-04-26 18:24:23,251 - services.agent_pipeline - INFO - process_query:134 - Total insights: 3
2026-04-26 18:24:23,254 - ai_analytics.main - INFO - query_ai:257 - Successfully processed query through pipeline: hii
2026-04-26 18:24:28,082 - ai_analytics.main - INFO - query_ai:232 - Processing query through multi-agent pipeline: hii
2026-04-26 18:24:28,084 - services.agent_pipeline - INFO - process_query:38 - Starting pipeline processing for question: hii
2026-04-26 18:24:28,085 - services.agent_pipeline - INFO - process_query:49 - === STEP 1: PLANNER AGENT ===
2026-04-26 18:24:28,087 - agents.planner_agent - INFO - plan_query:26 - Planning query: hii
2026-04-26 18:24:28,090 - agents.planner_agent - INFO - plan_query:62 - Using default analysis for question: hii
2026-04-26 18:24:28,091 - agents.planner_agent - INFO - plan_query:64 - Generated steps: ['get sales data', 'analyze data']
2026-04-26 18:24:28,093 - services.agent_pipeline - INFO - process_query:54 - Planner generated steps: ['get sales data', 'analyze data']
2026-04-26 18:24:28,095 - services.agent_pipeline - INFO - process_query:58 - === STEP 2: DATA AGENT ===
2026-04-26 18:24:28,098 - agents.data_agent - INFO - get_data:202 - === DATA FLOW TRACE ===
2026-04-26 18:24:28,100 - agents.data_agent - INFO - get_data:203 - 1. Question received: hii
2026-04-26 18:24:28,103 - agents.data_agent - INFO - get_data:204 - 2. Steps generated: ['get sales data', 'analyze data']
2026-04-26 18:24:28,105 - agents.data_agent - INFO - get_data:205 - 3. DB Config: localhost:3306/ai_analytics
2026-04-26 18:24:28,107 - agents.data_agent - INFO - natural_language_to_sql:53 - Converting natural language to SQL: hii
2026-04-26 18:24:28,110 - agents.data_agent - INFO - natural_language_to_sql:54 - Using steps: ['get sales data', 'analyze data']
2026-04-26 18:24:28,112 - agents.data_agent - INFO - natural_language_to_sql:130 - Generated default SQL: SELECT * FROM sales ORDER BY date DESC LIMIT 100
2026-04-26 18:24:28,113 - agents.data_agent - INFO - get_data:210 - 4. Generated SQL: SELECT * FROM sales ORDER BY date DESC LIMIT 100
2026-04-26 18:24:28,116 - agents.data_agent - INFO - execute_query:138 - Executing SQL query: SELECT * FROM sales ORDER BY date DESC LIMIT 100
2026-04-26 18:24:28,119 - agents.data_agent - INFO - execute_query:139 - SQL Query: SELECT * FROM sales ORDER BY date DESC LIMIT 100
2026-04-26 18:24:28,121 - agents.data_agent - INFO - connect_to_mysql:36 - Attempting to connect to MySQL (attempt 1/3)
2026-04-26 18:24:28,143 - agents.data_agent - INFO - connect_to_mysql:38 - Successfully connected to MySQL database
2026-04-26 18:24:28,149 - agents.data_agent - INFO - execute_query:151 - Query executed successfully, returned 16 records
2026-04-26 18:24:28,151 - agents.data_agent - INFO - execute_query:163 - Database connection closed
2026-04-26 18:24:28,152 - agents.data_agent - INFO - get_data:215 - 5. Query executed successfully
2026-04-26 18:24:28,155 - agents.data_agent - INFO - get_data:216 - 6. Records retrieved: 16
2026-04-26 18:24:28,156 - agents.data_agent - INFO - get_data:218 - 7. Sample record: {'id': 1, 'product': 'Product A', 'region': 'North', 'revenue': Decimal('5000.00'), 'date': datetime.date(2024, 3, 1)}
2026-04-26 18:24:28,160 - services.agent_pipeline - INFO - process_query:62 - Data Agent retrieved 16 records
2026-04-26 18:24:28,162 - services.agent_pipeline - INFO - process_query:73 - === STEP 3: ANALYSIS AGENT ===
2026-04-26 18:24:28,165 - agents.analysis_agent - INFO - analyze_data:24 - Analyzing data for question: hii
2026-04-26 18:24:28,168 - agents.analysis_agent - INFO - analyze_data:25 - Using steps: ['get sales data', 'analyze data']
2026-04-26 18:24:28,172 - agents.analysis_agent - INFO - analyze_data:35 - Created DataFrame with 16 rows and 5 columns
2026-04-26 18:24:28,177 - agents.analysis_agent - INFO - analyze_data:75 - Generated 3 insights
2026-04-26 18:24:28,182 - services.agent_pipeline - INFO - process_query:77 - Analysis Agent generated 3 insights
2026-04-26 18:24:28,183 - services.agent_pipeline - INFO - process_query:81 - === STEP 4: REPORT AGENT ===
2026-04-26 18:24:28,186 - agents.report_agent - INFO - generate_report:21 - Generating human-readable report
2026-04-26 18:24:28,188 - agents.report_agent - INFO - generate_report:38 - Generated report with 3 insights
2026-04-26 18:24:28,190 - services.agent_pipeline - INFO - process_query:85 - Report Agent: Generated human-readable response
2026-04-26 18:24:28,191 - services.agent_pipeline - INFO - process_query:89 - === STEP 5: DASHBOARD DATA AGGREGATION ===
2026-04-26 18:24:28,194 - agents.analysis_agent - INFO - aggregate_dashboard_data:235 - === DASHBOARD AGGREGATION TRACE ===
2026-04-26 18:24:28,196 - agents.analysis_agent - INFO - aggregate_dashboard_data:236 - 1. Input data length: 16
2026-04-26 18:24:28,198 - agents.analysis_agent - INFO - aggregate_dashboard_data:237 - 2. Data sample: [{'id': 1, 'product': 'Product A', 'region': 'North', 'revenue': Decimal('5000.00'), 'date': datetime.date(2024, 3, 1)}, {'id': 2, 'product': 'Product B', 'region': 'South', 'revenue': Decimal('3000.00'), 'date': datetime.date(2024, 3, 1)}]
2026-04-26 18:24:28,202 - agents.analysis_agent - INFO - aggregate_dashboard_data:246 - 4. DataFrame created with shape: (16, 5)
2026-04-26 18:24:28,204 - agents.analysis_agent - ERROR - aggregate_dashboard_data:252 - 5. Missing required columns: ['quantity']
2026-04-26 18:24:28,207 - agents.analysis_agent - ERROR - aggregate_dashboard_data:253 - 6. Available columns: ['id', 'product', 'region', 'revenue', 'date']
2026-04-26 18:24:28,210 - agents.analysis_agent - INFO - _get_enhanced_mock_data:302 - Using enhanced mock data for dashboard
2026-04-26 18:24:28,212 - services.agent_pipeline - INFO - process_query:93 - Dashboard data aggregated: 8 months, 4 regions, 3 products
2026-04-26 18:24:28,216 - services.agent_pipeline - INFO - process_query:97 - === STEP 6: INSIGHTS DETECTION ===
2026-04-26 18:24:28,219 - agents.analysis_agent - INFO - detect_and_store_insights:378 - Detecting insights for database storage
2026-04-26 18:24:28,236 - agents.analysis_agent - ERROR - detect_and_store_insights:461 - Error detecting insights: Can only use .dt accessor with datetimelike values
2026-04-26 18:24:28,237 - services.agent_pipeline - INFO - process_query:102 - Detected 0 insights for storage
2026-04-26 18:24:28,240 - services.agent_pipeline - INFO - process_query:106 - === STEP 7: INSIGHTS STORAGE ===
2026-04-26 18:24:28,242 - services.agent_pipeline - INFO - process_query:132 - === PIPELINE COMPLETED SUCCESSFULLY ===
2026-04-26 18:24:28,244 - services.agent_pipeline - INFO - process_query:133 - Final answer: Analysis completed on sales data
2026-04-26 18:24:28,246 - services.agent_pipeline - INFO - process_query:134 - Total insights: 3
2026-04-26 18:24:28,247 - ai_analytics.main - INFO - query_ai:257 - Successfully processed query through pipeline: hii
2026-04-26 18:55:27,525 - ai_analytics.main - INFO - get_dashboard_data:288 - Generating dashboard data
2026-04-26 18:55:27,527 - agents.data_agent - INFO - __init__:30 - DataAgent initialized with config: localhost:3306/ai_analytics
2026-04-26 18:55:27,529 - agents.data_agent - INFO - get_data:202 - === DATA FLOW TRACE ===
2026-04-26 18:55:27,530 - agents.data_agent - INFO - get_data:203 - 1. Question received: get all sales data
2026-04-26 18:55:27,532 - agents.data_agent - INFO - get_data:204 - 2. Steps generated: ['get sales data']
2026-04-26 18:55:27,535 - agents.data_agent - INFO - get_data:205 - 3. DB Config: localhost:3306/ai_analytics
2026-04-26 18:55:27,537 - agents.data_agent - INFO - natural_language_to_sql:53 - Converting natural language to SQL: get all sales data
2026-04-26 18:55:27,540 - agents.data_agent - INFO - natural_language_to_sql:54 - Using steps: ['get sales data']
2026-04-26 18:55:27,543 - agents.data_agent - INFO - natural_language_to_sql:130 - Generated default SQL: SELECT * FROM sales ORDER BY date DESC LIMIT 100
2026-04-26 18:55:27,545 - agents.data_agent - INFO - get_data:210 - 4. Generated SQL: SELECT * FROM sales ORDER BY date DESC LIMIT 100
2026-04-26 18:55:27,552 - agents.data_agent - INFO - execute_query:138 - Executing SQL query: SELECT * FROM sales ORDER BY date DESC LIMIT 100
2026-04-26 18:55:27,557 - agents.data_agent - INFO - execute_query:139 - SQL Query: SELECT * FROM sales ORDER BY date DESC LIMIT 100
2026-04-26 18:55:27,558 - agents.data_agent - INFO - connect_to_mysql:36 - Attempting to connect to MySQL (attempt 1/3)
2026-04-26 18:55:27,757 - agents.data_agent - INFO - connect_to_mysql:38 - Successfully connected to MySQL database
2026-04-26 18:55:27,787 - agents.data_agent - INFO - execute_query:151 - Query executed successfully, returned 16 records
2026-04-26 18:55:27,791 - agents.data_agent - INFO - execute_query:163 - Database connection closed
2026-04-26 18:55:27,792 - agents.data_agent - INFO - get_data:215 - 5. Query executed successfully
2026-04-26 18:55:27,794 - agents.data_agent - INFO - get_data:216 - 6. Records retrieved: 16
2026-04-26 18:55:27,795 - agents.data_agent - INFO - get_data:218 - 7. Sample record: {'id': 1, 'product': 'Product A', 'region': 'North', 'revenue': Decimal('5000.00'), 'date': datetime.date(2024, 3, 1)}
2026-04-26 18:55:27,797 - agents.analysis_agent - INFO - aggregate_dashboard_data:235 - === DASHBOARD AGGREGATION TRACE ===
2026-04-26 18:55:27,799 - agents.analysis_agent - INFO - aggregate_dashboard_data:236 - 1. Input data length: 16
2026-04-26 18:55:27,800 - agents.analysis_agent - INFO - aggregate_dashboard_data:237 - 2. Data sample: [{'id': 1, 'product': 'Product A', 'region': 'North', 'revenue': Decimal('5000.00'), 'date': datetime.date(2024, 3, 1)}, {'id': 2, 'product': 'Product B', 'region': 'South', 'revenue': Decimal('3000.00'), 'date': datetime.date(2024, 3, 1)}]
2026-04-26 18:55:27,812 - agents.analysis_agent - INFO - aggregate_dashboard_data:246 - 4. DataFrame created with shape: (16, 5)
2026-04-26 18:55:27,822 - agents.analysis_agent - ERROR - aggregate_dashboard_data:252 - 5. Missing required columns: ['quantity']
2026-04-26 18:55:27,825 - agents.analysis_agent - ERROR - aggregate_dashboard_data:253 - 6. Available columns: ['id', 'product', 'region', 'revenue', 'date']
2026-04-26 18:55:27,828 - agents.analysis_agent - INFO - _get_enhanced_mock_data:302 - Using enhanced mock data for dashboard
2026-04-26 18:55:27,831 - ai_analytics.main - INFO - get_dashboard_data:310 - Dashboard data generated: 8 months, 4 regions, 3 products
2026-04-26 18:55:34,325 - ai_analytics.main - INFO - query_ai:232 - Processing query through multi-agent pipeline: hi
2026-04-26 18:55:34,327 - services.agent_pipeline - INFO - process_query:38 - Starting pipeline processing for question: hi
2026-04-26 18:55:34,329 - services.agent_pipeline - INFO - process_query:49 - === STEP 1: PLANNER AGENT ===
2026-04-26 18:55:34,332 - agents.planner_agent - INFO - plan_query:26 - Planning query: hi
2026-04-26 18:55:34,334 - agents.planner_agent - INFO - plan_query:62 - Using default analysis for question: hi
2026-04-26 18:55:34,336 - agents.planner_agent - INFO - plan_query:64 - Generated steps: ['get sales data', 'analyze data']
2026-04-26 18:55:34,338 - services.agent_pipeline - INFO - process_query:54 - Planner generated steps: ['get sales data', 'analyze data']
2026-04-26 18:55:34,341 - services.agent_pipeline - INFO - process_query:58 - === STEP 2: DATA AGENT ===
2026-04-26 18:55:34,344 - agents.data_agent - INFO - get_data:202 - === DATA FLOW TRACE ===
2026-04-26 18:55:34,348 - agents.data_agent - INFO - get_data:203 - 1. Question received: hi
2026-04-26 18:55:34,351 - agents.data_agent - INFO - get_data:204 - 2. Steps generated: ['get sales data', 'analyze data']
2026-04-26 18:55:34,355 - agents.data_agent - INFO - get_data:205 - 3. DB Config: localhost:3306/ai_analytics
2026-04-26 18:55:34,356 - agents.data_agent - INFO - natural_language_to_sql:53 - Converting natural language to SQL: hi
2026-04-26 18:55:34,358 - agents.data_agent - INFO - natural_language_to_sql:54 - Using steps: ['get sales data', 'analyze data']
2026-04-26 18:55:34,362 - agents.data_agent - INFO - natural_language_to_sql:130 - Generated default SQL: SELECT * FROM sales ORDER BY date DESC LIMIT 100
2026-04-26 18:55:34,364 - agents.data_agent - INFO - get_data:210 - 4. Generated SQL: SELECT * FROM sales ORDER BY date DESC LIMIT 100
2026-04-26 18:55:34,365 - agents.data_agent - INFO - execute_query:138 - Executing SQL query: SELECT * FROM sales ORDER BY date DESC LIMIT 100
2026-04-26 18:55:34,368 - agents.data_agent - INFO - execute_query:139 - SQL Query: SELECT * FROM sales ORDER BY date DESC LIMIT 100
2026-04-26 18:55:34,370 - agents.data_agent - INFO - connect_to_mysql:36 - Attempting to connect to MySQL (attempt 1/3)
2026-04-26 18:55:34,387 - agents.data_agent - INFO - connect_to_mysql:38 - Successfully connected to MySQL database
2026-04-26 18:55:34,393 - agents.data_agent - INFO - execute_query:151 - Query executed successfully, returned 16 records
2026-04-26 18:55:34,396 - agents.data_agent - INFO - execute_query:163 - Database connection closed
2026-04-26 18:55:34,398 - agents.data_agent - INFO - get_data:215 - 5. Query executed successfully
2026-04-26 18:55:34,399 - agents.data_agent - INFO - get_data:216 - 6. Records retrieved: 16
2026-04-26 18:55:34,400 - agents.data_agent - INFO - get_data:218 - 7. Sample record: {'id': 1, 'product': 'Product A', 'region': 'North', 'revenue': Decimal('5000.00'), 'date': datetime.date(2024, 3, 1)}
2026-04-26 18:55:34,402 - services.agent_pipeline - INFO - process_query:62 - Data Agent retrieved 16 records
2026-04-26 18:55:34,404 - services.agent_pipeline - INFO - process_query:73 - === STEP 3: ANALYSIS AGENT ===
2026-04-26 18:55:34,406 - agents.analysis_agent - INFO - analyze_data:24 - Analyzing data for question: hi
2026-04-26 18:55:34,407 - agents.analysis_agent - INFO - analyze_data:25 - Using steps: ['get sales data', 'analyze data']
2026-04-26 18:55:34,410 - agents.analysis_agent - INFO - analyze_data:35 - Created DataFrame with 16 rows and 5 columns
2026-04-26 18:55:34,443 - agents.analysis_agent - INFO - analyze_data:75 - Generated 3 insights
2026-04-26 18:55:34,445 - services.agent_pipeline - INFO - process_query:77 - Analysis Agent generated 3 insights
2026-04-26 18:55:34,447 - services.agent_pipeline - INFO - process_query:81 - === STEP 4: REPORT AGENT ===
2026-04-26 18:55:34,448 - agents.report_agent - INFO - generate_report:21 - Generating human-readable report
2026-04-26 18:55:34,448 - agents.report_agent - INFO - generate_report:38 - Generated report with 3 insights
2026-04-26 18:55:34,450 - services.agent_pipeline - INFO - process_query:85 - Report Agent: Generated human-readable response
2026-04-26 18:55:34,451 - services.agent_pipeline - INFO - process_query:89 - === STEP 5: DASHBOARD DATA AGGREGATION ===
2026-04-26 18:55:34,453 - agents.analysis_agent - INFO - aggregate_dashboard_data:235 - === DASHBOARD AGGREGATION TRACE ===
2026-04-26 18:55:34,453 - agents.analysis_agent - INFO - aggregate_dashboard_data:236 - 1. Input data length: 16
2026-04-26 18:55:34,455 - agents.analysis_agent - INFO - aggregate_dashboard_data:237 - 2. Data sample: [{'id': 1, 'product': 'Product A', 'region': 'North', 'revenue': Decimal('5000.00'), 'date': datetime.date(2024, 3, 1)}, {'id': 2, 'product': 'Product B', 'region': 'South', 'revenue': Decimal('3000.00'), 'date': datetime.date(2024, 3, 1)}]
2026-04-26 18:55:34,457 - agents.analysis_agent - INFO - aggregate_dashboard_data:246 - 4. DataFrame created with shape: (16, 5)
2026-04-26 18:55:34,460 - agents.analysis_agent - ERROR - aggregate_dashboard_data:252 - 5. Missing required columns: ['quantity']
2026-04-26 18:55:34,462 - agents.analysis_agent - ERROR - aggregate_dashboard_data:253 - 6. Available columns: ['id', 'product', 'region', 'revenue', 'date']
2026-04-26 18:55:34,463 - agents.analysis_agent - INFO - _get_enhanced_mock_data:302 - Using enhanced mock data for dashboard
2026-04-26 18:55:34,466 - services.agent_pipeline - INFO - process_query:93 - Dashboard data aggregated: 8 months, 4 regions, 3 products
2026-04-26 18:55:34,467 - services.agent_pipeline - INFO - process_query:97 - === STEP 6: INSIGHTS DETECTION ===
2026-04-26 18:55:34,470 - agents.analysis_agent - INFO - detect_and_store_insights:378 - Detecting insights for database storage
2026-04-26 18:55:34,497 - agents.analysis_agent - ERROR - detect_and_store_insights:461 - Error detecting insights: Can only use .dt accessor with datetimelike values
2026-04-26 18:55:34,501 - services.agent_pipeline - INFO - process_query:102 - Detected 0 insights for storage
2026-04-26 18:55:34,502 - services.agent_pipeline - INFO - process_query:106 - === STEP 7: INSIGHTS STORAGE ===
2026-04-26 18:55:34,503 - services.agent_pipeline - INFO - process_query:132 - === PIPELINE COMPLETED SUCCESSFULLY ===
2026-04-26 18:55:34,505 - services.agent_pipeline - INFO - process_query:133 - Final answer: Analysis completed on sales data
2026-04-26 18:55:34,506 - services.agent_pipeline - INFO - process_query:134 - Total insights: 3
2026-04-26 18:55:34,507 - ai_analytics.main - INFO - query_ai:257 - Successfully processed query through pipeline: hi
2026-04-26 18:55:37,267 - ai_analytics.main - INFO - query_ai:232 - Processing query through multi-agent pipeline: hi
2026-04-26 18:55:37,268 - services.agent_pipeline - INFO - process_query:38 - Starting pipeline processing for question: hi
2026-04-26 18:55:37,270 - services.agent_pipeline - INFO - process_query:49 - === STEP 1: PLANNER AGENT ===
2026-04-26 18:55:37,272 - agents.planner_agent - INFO - plan_query:26 - Planning query: hi
2026-04-26 18:55:37,273 - agents.planner_agent - INFO - plan_query:62 - Using default analysis for question: hi
2026-04-26 18:55:37,275 - agents.planner_agent - INFO - plan_query:64 - Generated steps: ['get sales data', 'analyze data']
2026-04-26 18:55:37,277 - services.agent_pipeline - INFO - process_query:54 - Planner generated steps: ['get sales data', 'analyze data']
2026-04-26 18:55:37,278 - services.agent_pipeline - INFO - process_query:58 - === STEP 2: DATA AGENT ===
2026-04-26 18:55:37,280 - agents.data_agent - INFO - get_data:202 - === DATA FLOW TRACE ===
2026-04-26 18:55:37,282 - agents.data_agent - INFO - get_data:203 - 1. Question received: hi
2026-04-26 18:55:37,283 - agents.data_agent - INFO - get_data:204 - 2. Steps generated: ['get sales data', 'analyze data']
2026-04-26 18:55:37,286 - agents.data_agent - INFO - get_data:205 - 3. DB Config: localhost:3306/ai_analytics
2026-04-26 18:55:37,287 - agents.data_agent - INFO - natural_language_to_sql:53 - Converting natural language to SQL: hi
2026-04-26 18:55:37,289 - agents.data_agent - INFO - natural_language_to_sql:54 - Using steps: ['get sales data', 'analyze data']
2026-04-26 18:55:37,292 - agents.data_agent - INFO - natural_language_to_sql:130 - Generated default SQL: SELECT * FROM sales ORDER BY date DESC LIMIT 100
2026-04-26 18:55:37,295 - agents.data_agent - INFO - get_data:210 - 4. Generated SQL: SELECT * FROM sales ORDER BY date DESC LIMIT 100
2026-04-26 18:55:37,297 - agents.data_agent - INFO - execute_query:138 - Executing SQL query: SELECT * FROM sales ORDER BY date DESC LIMIT 100
2026-04-26 18:55:37,298 - agents.data_agent - INFO - execute_query:139 - SQL Query: SELECT * FROM sales ORDER BY date DESC LIMIT 100
2026-04-26 18:55:37,299 - agents.data_agent - INFO - connect_to_mysql:36 - Attempting to connect to MySQL (attempt 1/3)
2026-04-26 18:55:37,343 - agents.data_agent - INFO - connect_to_mysql:38 - Successfully connected to MySQL database
2026-04-26 18:55:37,348 - agents.data_agent - INFO - execute_query:151 - Query executed successfully, returned 16 records
2026-04-26 18:55:37,351 - agents.data_agent - INFO - execute_query:163 - Database connection closed
2026-04-26 18:55:37,352 - agents.data_agent - INFO - get_data:215 - 5. Query executed successfully
2026-04-26 18:55:37,353 - agents.data_agent - INFO - get_data:216 - 6. Records retrieved: 16
2026-04-26 18:55:37,355 - agents.data_agent - INFO - get_data:218 - 7. Sample record: {'id': 1, 'product': 'Product A', 'region': 'North', 'revenue': Decimal('5000.00'), 'date': datetime.date(2024, 3, 1)}
2026-04-26 18:55:37,356 - services.agent_pipeline - INFO - process_query:62 - Data Agent retrieved 16 records
2026-04-26 18:55:37,360 - services.agent_pipeline - INFO - process_query:73 - === STEP 3: ANALYSIS AGENT ===
2026-04-26 18:55:37,362 - agents.analysis_agent - INFO - analyze_data:24 - Analyzing data for question: hi
2026-04-26 18:55:37,364 - agents.analysis_agent - INFO - analyze_data:25 - Using steps: ['get sales data', 'analyze data']
2026-04-26 18:55:37,367 - agents.analysis_agent - INFO - analyze_data:35 - Created DataFrame with 16 rows and 5 columns
2026-04-26 18:55:37,373 - agents.analysis_agent - INFO - analyze_data:75 - Generated 3 insights
2026-04-26 18:55:37,377 - services.agent_pipeline - INFO - process_query:77 - Analysis Agent generated 3 insights
2026-04-26 18:55:37,378 - services.agent_pipeline - INFO - process_query:81 - === STEP 4: REPORT AGENT ===
2026-04-26 18:55:37,379 - agents.report_agent - INFO - generate_report:21 - Generating human-readable report
2026-04-26 18:55:37,384 - agents.report_agent - INFO - generate_report:38 - Generated report with 3 insights
2026-04-26 18:55:37,385 - services.agent_pipeline - INFO - process_query:85 - Report Agent: Generated human-readable response
2026-04-26 18:55:37,387 - services.agent_pipeline - INFO - process_query:89 - === STEP 5: DASHBOARD DATA AGGREGATION ===
2026-04-26 18:55:37,390 - agents.analysis_agent - INFO - aggregate_dashboard_data:235 - === DASHBOARD AGGREGATION TRACE ===
2026-04-26 18:55:37,391 - agents.analysis_agent - INFO - aggregate_dashboard_data:236 - 1. Input data length: 16
2026-04-26 18:55:37,392 - agents.analysis_agent - INFO - aggregate_dashboard_data:237 - 2. Data sample: [{'id': 1, 'product': 'Product A', 'region': 'North', 'revenue': Decimal('5000.00'), 'date': datetime.date(2024, 3, 1)}, {'id': 2, 'product': 'Product B', 'region': 'South', 'revenue': Decimal('3000.00'), 'date': datetime.date(2024, 3, 1)}]
2026-04-26 18:55:37,397 - agents.analysis_agent - INFO - aggregate_dashboard_data:246 - 4. DataFrame created with shape: (16, 5)
2026-04-26 18:55:37,399 - agents.analysis_agent - ERROR - aggregate_dashboard_data:252 - 5. Missing required columns: ['quantity']
2026-04-26 18:55:37,402 - agents.analysis_agent - ERROR - aggregate_dashboard_data:253 - 6. Available columns: ['id', 'product', 'region', 'revenue', 'date']
2026-04-26 18:55:37,404 - agents.analysis_agent - INFO - _get_enhanced_mock_data:302 - Using enhanced mock data for dashboard
2026-04-26 18:55:37,406 - services.agent_pipeline - INFO - process_query:93 - Dashboard data aggregated: 8 months, 4 regions, 3 products
2026-04-26 18:55:37,407 - services.agent_pipeline - INFO - process_query:97 - === STEP 6: INSIGHTS DETECTION ===
2026-04-26 18:55:37,410 - agents.analysis_agent - INFO - detect_and_store_insights:378 - Detecting insights for database storage
2026-04-26 18:55:37,420 - agents.analysis_agent - ERROR - detect_and_store_insights:461 - Error detecting insights: Can only use .dt accessor with datetimelike values
2026-04-26 18:55:37,424 - services.agent_pipeline - INFO - process_query:102 - Detected 0 insights for storage
2026-04-26 18:55:37,426 - services.agent_pipeline - INFO - process_query:106 - === STEP 7: INSIGHTS STORAGE ===
2026-04-26 18:55:37,427 - services.agent_pipeline - INFO - process_query:132 - === PIPELINE COMPLETED SUCCESSFULLY ===
2026-04-26 18:55:37,428 - services.agent_pipeline - INFO - process_query:133 - Final answer: Analysis completed on sales data
2026-04-26 18:55:37,429 - services.agent_pipeline - INFO - process_query:134 - Total insights: 3
2026-04-26 18:55:37,431 - ai_analytics.main - INFO - query_ai:257 - Successfully processed query through pipeline: hi
2026-04-26 18:55:46,676 - ai_analytics.main - INFO - query_ai:232 - Processing query through multi-agent pipeline: hi
2026-04-26 18:55:46,677 - services.agent_pipeline - INFO - process_query:38 - Starting pipeline processing for question: hi
2026-04-26 18:55:46,678 - services.agent_pipeline - INFO - process_query:49 - === STEP 1: PLANNER AGENT ===
2026-04-26 18:55:46,683 - agents.planner_agent - INFO - plan_query:26 - Planning query: hi
2026-04-26 18:55:46,687 - agents.planner_agent - INFO - plan_query:62 - Using default analysis for question: hi
2026-04-26 18:55:46,691 - agents.planner_agent - INFO - plan_query:64 - Generated steps: ['get sales data', 'analyze data']
2026-04-26 18:55:46,695 - services.agent_pipeline - INFO - process_query:54 - Planner generated steps: ['get sales data', 'analyze data']
2026-04-26 18:55:46,710 - services.agent_pipeline - INFO - process_query:58 - === STEP 2: DATA AGENT ===
2026-04-26 18:55:46,719 - agents.data_agent - INFO - get_data:202 - === DATA FLOW TRACE ===
2026-04-26 18:55:46,727 - agents.data_agent - INFO - get_data:203 - 1. Question received: hi
2026-04-26 18:55:46,733 - agents.data_agent - INFO - get_data:204 - 2. Steps generated: ['get sales data', 'analyze data']
2026-04-26 18:55:46,737 - agents.data_agent - INFO - get_data:205 - 3. DB Config: localhost:3306/ai_analytics
2026-04-26 18:55:46,740 - agents.data_agent - INFO - natural_language_to_sql:53 - Converting natural language to SQL: hi
2026-04-26 18:55:46,740 - agents.data_agent - INFO - natural_language_to_sql:54 - Using steps: ['get sales data', 'analyze data']
2026-04-26 18:55:46,745 - agents.data_agent - INFO - natural_language_to_sql:130 - Generated default SQL: SELECT * FROM sales ORDER BY date DESC LIMIT 100
2026-04-26 18:55:46,747 - agents.data_agent - INFO - get_data:210 - 4. Generated SQL: SELECT * FROM sales ORDER BY date DESC LIMIT 100
2026-04-26 18:55:46,750 - agents.data_agent - INFO - execute_query:138 - Executing SQL query: SELECT * FROM sales ORDER BY date DESC LIMIT 100
2026-04-26 18:55:46,752 - agents.data_agent - INFO - execute_query:139 - SQL Query: SELECT * FROM sales ORDER BY date DESC LIMIT 100
2026-04-26 18:55:46,753 - agents.data_agent - INFO - connect_to_mysql:36 - Attempting to connect to MySQL (attempt 1/3)
2026-04-26 18:55:46,774 - agents.data_agent - INFO - connect_to_mysql:38 - Successfully connected to MySQL database
2026-04-26 18:55:46,777 - agents.data_agent - INFO - execute_query:151 - Query executed successfully, returned 16 records
2026-04-26 18:55:46,779 - agents.data_agent - INFO - execute_query:163 - Database connection closed
2026-04-26 18:55:46,781 - agents.data_agent - INFO - get_data:215 - 5. Query executed successfully
2026-04-26 18:55:46,782 - agents.data_agent - INFO - get_data:216 - 6. Records retrieved: 16
2026-04-26 18:55:46,785 - agents.data_agent - INFO - get_data:218 - 7. Sample record: {'id': 1, 'product': 'Product A', 'region': 'North', 'revenue': Decimal('5000.00'), 'date': datetime.date(2024, 3, 1)}
2026-04-26 18:55:46,786 - services.agent_pipeline - INFO - process_query:62 - Data Agent retrieved 16 records
2026-04-26 18:55:46,788 - services.agent_pipeline - INFO - process_query:73 - === STEP 3: ANALYSIS AGENT ===
2026-04-26 18:55:46,789 - agents.analysis_agent - INFO - analyze_data:24 - Analyzing data for question: hi
2026-04-26 18:55:46,791 - agents.analysis_agent - INFO - analyze_data:25 - Using steps: ['get sales data', 'analyze data']
2026-04-26 18:55:46,796 - agents.analysis_agent - INFO - analyze_data:35 - Created DataFrame with 16 rows and 5 columns
2026-04-26 18:55:46,800 - agents.analysis_agent - INFO - analyze_data:75 - Generated 3 insights
2026-04-26 18:55:46,806 - services.agent_pipeline - INFO - process_query:77 - Analysis Agent generated 3 insights
2026-04-26 18:55:46,809 - services.agent_pipeline - INFO - process_query:81 - === STEP 4: REPORT AGENT ===
2026-04-26 18:55:46,810 - agents.report_agent - INFO - generate_report:21 - Generating human-readable report
2026-04-26 18:55:46,813 - agents.report_agent - INFO - generate_report:38 - Generated report with 3 insights
2026-04-26 18:55:46,814 - services.agent_pipeline - INFO - process_query:85 - Report Agent: Generated human-readable response
2026-04-26 18:55:46,816 - services.agent_pipeline - INFO - process_query:89 - === STEP 5: DASHBOARD DATA AGGREGATION ===
2026-04-26 18:55:46,817 - agents.analysis_agent - INFO - aggregate_dashboard_data:235 - === DASHBOARD AGGREGATION TRACE ===
2026-04-26 18:55:46,818 - agents.analysis_agent - INFO - aggregate_dashboard_data:236 - 1. Input data length: 16
2026-04-26 18:55:46,819 - agents.analysis_agent - INFO - aggregate_dashboard_data:237 - 2. Data sample: [{'id': 1, 'product': 'Product A', 'region': 'North', 'revenue': Decimal('5000.00'), 'date': datetime.date(2024, 3, 1)}, {'id': 2, 'product': 'Product B', 'region': 'South', 'revenue': Decimal('3000.00'), 'date': datetime.date(2024, 3, 1)}]
2026-04-26 18:55:46,822 - agents.analysis_agent - INFO - aggregate_dashboard_data:246 - 4. DataFrame created with shape: (16, 5)
2026-04-26 18:55:46,823 - agents.analysis_agent - ERROR - aggregate_dashboard_data:252 - 5. Missing required columns: ['quantity']
2026-04-26 18:55:46,826 - agents.analysis_agent - ERROR - aggregate_dashboard_data:253 - 6. Available columns: ['id', 'product', 'region', 'revenue', 'date']
2026-04-26 18:55:46,828 - agents.analysis_agent - INFO - _get_enhanced_mock_data:302 - Using enhanced mock data for dashboard
2026-04-26 18:55:46,830 - services.agent_pipeline - INFO - process_query:93 - Dashboard data aggregated: 8 months, 4 regions, 3 products
2026-04-26 18:55:46,831 - services.agent_pipeline - INFO - process_query:97 - === STEP 6: INSIGHTS DETECTION ===
2026-04-26 18:55:46,834 - agents.analysis_agent - INFO - detect_and_store_insights:378 - Detecting insights for database storage
2026-04-26 18:55:46,845 - agents.analysis_agent - ERROR - detect_and_store_insights:461 - Error detecting insights: Can only use .dt accessor with datetimelike values
2026-04-26 18:55:46,848 - services.agent_pipeline - INFO - process_query:102 - Detected 0 insights for storage
2026-04-26 18:55:46,850 - services.agent_pipeline - INFO - process_query:106 - === STEP 7: INSIGHTS STORAGE ===
2026-04-26 18:55:46,851 - services.agent_pipeline - INFO - process_query:132 - === PIPELINE COMPLETED SUCCESSFULLY ===
2026-04-26 18:55:46,852 - services.agent_pipeline - INFO - process_query:133 - Final answer: Analysis completed on sales data
2026-04-26 18:55:46,855 - services.agent_pipeline - INFO - process_query:134 - Total insights: 3
2026-04-26 18:55:46,855 - ai_analytics.main - INFO - query_ai:257 - Successfully processed query through pipeline: hi
2026-04-26 18:55:50,155 - ai_analytics.main - INFO - query_ai:232 - Processing query through multi-agent pipeline: hi
2026-04-26 18:55:50,156 - services.agent_pipeline - INFO - process_query:38 - Starting pipeline processing for question: hi
2026-04-26 18:55:50,158 - services.agent_pipeline - INFO - process_query:49 - === STEP 1: PLANNER AGENT ===
2026-04-26 18:55:50,160 - agents.planner_agent - INFO - plan_query:26 - Planning query: hi
2026-04-26 18:55:50,160 - agents.planner_agent - INFO - plan_query:62 - Using default analysis for question: hi
2026-04-26 18:55:50,161 - agents.planner_agent - INFO - plan_query:64 - Generated steps: ['get sales data', 'analyze data']
2026-04-26 18:55:50,162 - services.agent_pipeline - INFO - process_query:54 - Planner generated steps: ['get sales data', 'analyze data']
2026-04-26 18:55:50,165 - services.agent_pipeline - INFO - process_query:58 - === STEP 2: DATA AGENT ===
2026-04-26 18:55:50,166 - agents.data_agent - INFO - get_data:202 - === DATA FLOW TRACE ===
2026-04-26 18:55:50,167 - agents.data_agent - INFO - get_data:203 - 1. Question received: hi
2026-04-26 18:55:50,168 - agents.data_agent - INFO - get_data:204 - 2. Steps generated: ['get sales data', 'analyze data']
2026-04-26 18:55:50,170 - agents.data_agent - INFO - get_data:205 - 3. DB Config: localhost:3306/ai_analytics
2026-04-26 18:55:50,173 - agents.data_agent - INFO - natural_language_to_sql:53 - Converting natural language to SQL: hi
2026-04-26 18:55:50,175 - agents.data_agent - INFO - natural_language_to_sql:54 - Using steps: ['get sales data', 'analyze data']
2026-04-26 18:55:50,177 - agents.data_agent - INFO - natural_language_to_sql:130 - Generated default SQL: SELECT * FROM sales ORDER BY date DESC LIMIT 100
2026-04-26 18:55:50,178 - agents.data_agent - INFO - get_data:210 - 4. Generated SQL: SELECT * FROM sales ORDER BY date DESC LIMIT 100
2026-04-26 18:55:50,180 - agents.data_agent - INFO - execute_query:138 - Executing SQL query: SELECT * FROM sales ORDER BY date DESC LIMIT 100
2026-04-26 18:55:50,181 - agents.data_agent - INFO - execute_query:139 - SQL Query: SELECT * FROM sales ORDER BY date DESC LIMIT 100
2026-04-26 18:55:50,182 - agents.data_agent - INFO - connect_to_mysql:36 - Attempting to connect to MySQL (attempt 1/3)
2026-04-26 18:55:50,198 - agents.data_agent - INFO - connect_to_mysql:38 - Successfully connected to MySQL database
2026-04-26 18:55:50,202 - agents.data_agent - INFO - execute_query:151 - Query executed successfully, returned 16 records
2026-04-26 18:55:50,205 - agents.data_agent - INFO - execute_query:163 - Database connection closed
2026-04-26 18:55:50,206 - agents.data_agent - INFO - get_data:215 - 5. Query executed successfully
2026-04-26 18:55:50,208 - agents.data_agent - INFO - get_data:216 - 6. Records retrieved: 16
2026-04-26 18:55:50,210 - agents.data_agent - INFO - get_data:218 - 7. Sample record: {'id': 1, 'product': 'Product A', 'region': 'North', 'revenue': Decimal('5000.00'), 'date': datetime.date(2024, 3, 1)}
2026-04-26 18:55:50,210 - services.agent_pipeline - INFO - process_query:62 - Data Agent retrieved 16 records
2026-04-26 18:55:50,212 - services.agent_pipeline - INFO - process_query:73 - === STEP 3: ANALYSIS AGENT ===
2026-04-26 18:55:50,213 - agents.analysis_agent - INFO - analyze_data:24 - Analyzing data for question: hi
2026-04-26 18:55:50,215 - agents.analysis_agent - INFO - analyze_data:25 - Using steps: ['get sales data', 'analyze data']
2026-04-26 18:55:50,217 - agents.analysis_agent - INFO - analyze_data:35 - Created DataFrame with 16 rows and 5 columns
2026-04-26 18:55:50,221 - agents.analysis_agent - INFO - analyze_data:75 - Generated 3 insights
2026-04-26 18:55:50,222 - services.agent_pipeline - INFO - process_query:77 - Analysis Agent generated 3 insights
2026-04-26 18:55:50,224 - services.agent_pipeline - INFO - process_query:81 - === STEP 4: REPORT AGENT ===
2026-04-26 18:55:50,225 - agents.report_agent - INFO - generate_report:21 - Generating human-readable report
2026-04-26 18:55:50,227 - agents.report_agent - INFO - generate_report:38 - Generated report with 3 insights
2026-04-26 18:55:50,230 - services.agent_pipeline - INFO - process_query:85 - Report Agent: Generated human-readable response
2026-04-26 18:55:50,230 - services.agent_pipeline - INFO - process_query:89 - === STEP 5: DASHBOARD DATA AGGREGATION ===
2026-04-26 18:55:50,232 - agents.analysis_agent - INFO - aggregate_dashboard_data:235 - === DASHBOARD AGGREGATION TRACE ===
2026-04-26 18:55:50,233 - agents.analysis_agent - INFO - aggregate_dashboard_data:236 - 1. Input data length: 16
2026-04-26 18:55:50,236 - agents.analysis_agent - INFO - aggregate_dashboard_data:237 - 2. Data sample: [{'id': 1, 'product': 'Product A', 'region': 'North', 'revenue': Decimal('5000.00'), 'date': datetime.date(2024, 3, 1)}, {'id': 2, 'product': 'Product B', 'region': 'South', 'revenue': Decimal('3000.00'), 'date': datetime.date(2024, 3, 1)}]
2026-04-26 18:55:50,239 - agents.analysis_agent - INFO - aggregate_dashboard_data:246 - 4. DataFrame created with shape: (16, 5)
2026-04-26 18:55:50,240 - agents.analysis_agent - ERROR - aggregate_dashboard_data:252 - 5. Missing required columns: ['quantity']
2026-04-26 18:55:50,244 - agents.analysis_agent - ERROR - aggregate_dashboard_data:253 - 6. Available columns: ['id', 'product', 'region', 'revenue', 'date']
2026-04-26 18:55:50,246 - agents.analysis_agent - INFO - _get_enhanced_mock_data:302 - Using enhanced mock data for dashboard
2026-04-26 18:55:50,248 - services.agent_pipeline - INFO - process_query:93 - Dashboard data aggregated: 8 months, 4 regions, 3 products
2026-04-26 18:55:50,250 - services.agent_pipeline - INFO - process_query:97 - === STEP 6: INSIGHTS DETECTION ===
2026-04-26 18:55:50,253 - agents.analysis_agent - INFO - detect_and_store_insights:378 - Detecting insights for database storage
2026-04-26 18:55:50,265 - agents.analysis_agent - ERROR - detect_and_store_insights:461 - Error detecting insights: Can only use .dt accessor with datetimelike values
2026-04-26 18:55:50,268 - services.agent_pipeline - INFO - process_query:102 - Detected 0 insights for storage
2026-04-26 18:55:50,269 - services.agent_pipeline - INFO - process_query:106 - === STEP 7: INSIGHTS STORAGE ===
2026-04-26 18:55:50,270 - services.agent_pipeline - INFO - process_query:132 - === PIPELINE COMPLETED SUCCESSFULLY ===
2026-04-26 18:55:50,271 - services.agent_pipeline - INFO - process_query:133 - Final answer: Analysis completed on sales data
2026-04-26 18:55:50,272 - services.agent_pipeline - INFO - process_query:134 - Total insights: 3
2026-04-26 18:55:50,273 - ai_analytics.main - INFO - query_ai:257 - Successfully processed query through pipeline: hi
2026-04-26 18:56:05,018 - ai_analytics.main - INFO - query_ai:232 - Processing query through multi-agent pipeline: tell me sales insights
2026-04-26 18:56:05,020 - services.agent_pipeline - INFO - process_query:38 - Starting pipeline processing for question: tell me sales insights
2026-04-26 18:56:05,022 - services.agent_pipeline - INFO - process_query:49 - === STEP 1: PLANNER AGENT ===
2026-04-26 18:56:05,023 - agents.planner_agent - INFO - plan_query:26 - Planning query: tell me sales insights
2026-04-26 18:56:05,024 - agents.planner_agent - INFO - plan_query:62 - Using default analysis for question: tell me sales insights
2026-04-26 18:56:05,026 - agents.planner_agent - INFO - plan_query:64 - Generated steps: ['get sales data', 'analyze data']
2026-04-26 18:56:05,027 - services.agent_pipeline - INFO - process_query:54 - Planner generated steps: ['get sales data', 'analyze data']
2026-04-26 18:56:05,028 - services.agent_pipeline - INFO - process_query:58 - === STEP 2: DATA AGENT ===
2026-04-26 18:56:05,029 - agents.data_agent - INFO - get_data:202 - === DATA FLOW TRACE ===
2026-04-26 18:56:05,031 - agents.data_agent - INFO - get_data:203 - 1. Question received: tell me sales insights
2026-04-26 18:56:05,036 - agents.data_agent - INFO - get_data:204 - 2. Steps generated: ['get sales data', 'analyze data']
2026-04-26 18:56:05,038 - agents.data_agent - INFO - get_data:205 - 3. DB Config: localhost:3306/ai_analytics
2026-04-26 18:56:05,039 - agents.data_agent - INFO - natural_language_to_sql:53 - Converting natural language to SQL: tell me sales insights
2026-04-26 18:56:05,041 - agents.data_agent - INFO - natural_language_to_sql:54 - Using steps: ['get sales data', 'analyze data']
2026-04-26 18:56:05,042 - agents.data_agent - INFO - natural_language_to_sql:130 - Generated default SQL: SELECT * FROM sales ORDER BY date DESC LIMIT 100
2026-04-26 18:56:05,045 - agents.data_agent - INFO - get_data:210 - 4. Generated SQL: SELECT * FROM sales ORDER BY date DESC LIMIT 100
2026-04-26 18:56:05,046 - agents.data_agent - INFO - execute_query:138 - Executing SQL query: SELECT * FROM sales ORDER BY date DESC LIMIT 100
2026-04-26 18:56:05,050 - agents.data_agent - INFO - execute_query:139 - SQL Query: SELECT * FROM sales ORDER BY date DESC LIMIT 100
2026-04-26 18:56:05,052 - agents.data_agent - INFO - connect_to_mysql:36 - Attempting to connect to MySQL (attempt 1/3)
2026-04-26 18:56:05,070 - agents.data_agent - INFO - connect_to_mysql:38 - Successfully connected to MySQL database
2026-04-26 18:56:05,075 - agents.data_agent - INFO - execute_query:151 - Query executed successfully, returned 16 records
2026-04-26 18:56:05,078 - agents.data_agent - INFO - execute_query:163 - Database connection closed
2026-04-26 18:56:05,080 - agents.data_agent - INFO - get_data:215 - 5. Query executed successfully
2026-04-26 18:56:05,080 - agents.data_agent - INFO - get_data:216 - 6. Records retrieved: 16
2026-04-26 18:56:05,082 - agents.data_agent - INFO - get_data:218 - 7. Sample record: {'id': 1, 'product': 'Product A', 'region': 'North', 'revenue': Decimal('5000.00'), 'date': datetime.date(2024, 3, 1)}
2026-04-26 18:56:05,085 - services.agent_pipeline - INFO - process_query:62 - Data Agent retrieved 16 records
2026-04-26 18:56:05,085 - services.agent_pipeline - INFO - process_query:73 - === STEP 3: ANALYSIS AGENT ===
2026-04-26 18:56:05,086 - agents.analysis_agent - INFO - analyze_data:24 - Analyzing data for question: tell me sales insights
2026-04-26 18:56:05,088 - agents.analysis_agent - INFO - analyze_data:25 - Using steps: ['get sales data', 'analyze data']
2026-04-26 18:56:05,092 - agents.analysis_agent - INFO - analyze_data:35 - Created DataFrame with 16 rows and 5 columns
2026-04-26 18:56:05,097 - agents.analysis_agent - INFO - analyze_data:75 - Generated 3 insights
2026-04-26 18:56:05,099 - services.agent_pipeline - INFO - process_query:77 - Analysis Agent generated 3 insights
2026-04-26 18:56:05,100 - services.agent_pipeline - INFO - process_query:81 - === STEP 4: REPORT AGENT ===
2026-04-26 18:56:05,102 - agents.report_agent - INFO - generate_report:21 - Generating human-readable report
2026-04-26 18:56:05,105 - agents.report_agent - INFO - generate_report:38 - Generated report with 3 insights
2026-04-26 18:56:05,106 - services.agent_pipeline - INFO - process_query:85 - Report Agent: Generated human-readable response
2026-04-26 18:56:05,107 - services.agent_pipeline - INFO - process_query:89 - === STEP 5: DASHBOARD DATA AGGREGATION ===
2026-04-26 18:56:05,109 - agents.analysis_agent - INFO - aggregate_dashboard_data:235 - === DASHBOARD AGGREGATION TRACE ===
2026-04-26 18:56:05,111 - agents.analysis_agent - INFO - aggregate_dashboard_data:236 - 1. Input data length: 16
2026-04-26 18:56:05,112 - agents.analysis_agent - INFO - aggregate_dashboard_data:237 - 2. Data sample: [{'id': 1, 'product': 'Product A', 'region': 'North', 'revenue': Decimal('5000.00'), 'date': datetime.date(2024, 3, 1)}, {'id': 2, 'product': 'Product B', 'region': 'South', 'revenue': Decimal('3000.00'), 'date': datetime.date(2024, 3, 1)}]
2026-04-26 18:56:05,115 - agents.analysis_agent - INFO - aggregate_dashboard_data:246 - 4. DataFrame created with shape: (16, 5)
2026-04-26 18:56:05,118 - agents.analysis_agent - ERROR - aggregate_dashboard_data:252 - 5. Missing required columns: ['quantity']
2026-04-26 18:56:05,120 - agents.analysis_agent - ERROR - aggregate_dashboard_data:253 - 6. Available columns: ['id', 'product', 'region', 'revenue', 'date']
2026-04-26 18:56:05,123 - agents.analysis_agent - INFO - _get_enhanced_mock_data:302 - Using enhanced mock data for dashboard
2026-04-26 18:56:05,126 - services.agent_pipeline - INFO - process_query:93 - Dashboard data aggregated: 8 months, 4 regions, 3 products
2026-04-26 18:56:05,127 - services.agent_pipeline - INFO - process_query:97 - === STEP 6: INSIGHTS DETECTION ===
2026-04-26 18:56:05,130 - agents.analysis_agent - INFO - detect_and_store_insights:378 - Detecting insights for database storage
2026-04-26 18:56:05,144 - agents.analysis_agent - ERROR - detect_and_store_insights:461 - Error detecting insights: Can only use .dt accessor with datetimelike values
2026-04-26 18:56:05,148 - services.agent_pipeline - INFO - process_query:102 - Detected 0 insights for storage
2026-04-26 18:56:05,150 - services.agent_pipeline - INFO - process_query:106 - === STEP 7: INSIGHTS STORAGE ===
2026-04-26 18:56:05,151 - services.agent_pipeline - INFO - process_query:132 - === PIPELINE COMPLETED SUCCESSFULLY ===
2026-04-26 18:56:05,153 - services.agent_pipeline - INFO - process_query:133 - Final answer: Analysis completed on sales data
2026-04-26 18:56:05,154 - services.agent_pipeline - INFO - process_query:134 - Total insights: 3
2026-04-26 18:56:05,156 - ai_analytics.main - INFO - query_ai:257 - Successfully processed query through pipeline: tell me sales insights
2026-04-26 18:58:06,579 - ai_analytics.main - INFO - query_ai:232 - Processing query through multi-agent pipeline: tell me sales insights
2026-04-26 18:58:06,581 - services.agent_pipeline - INFO - process_query:38 - Starting pipeline processing for question: tell me sales insights
2026-04-26 18:58:06,582 - services.agent_pipeline - INFO - process_query:49 - === STEP 1: PLANNER AGENT ===
2026-04-26 18:58:06,585 - agents.planner_agent - INFO - plan_query:26 - Planning query: tell me sales insights
2026-04-26 18:58:06,587 - agents.planner_agent - INFO - plan_query:62 - Using default analysis for question: tell me sales insights
2026-04-26 18:58:06,592 - agents.planner_agent - INFO - plan_query:64 - Generated steps: ['get sales data', 'analyze data']
2026-04-26 18:58:06,594 - services.agent_pipeline - INFO - process_query:54 - Planner generated steps: ['get sales data', 'analyze data']
2026-04-26 18:58:06,596 - services.agent_pipeline - INFO - process_query:58 - === STEP 2: DATA AGENT ===
2026-04-26 18:58:06,599 - agents.data_agent - INFO - get_data:202 - === DATA FLOW TRACE ===
2026-04-26 18:58:06,601 - agents.data_agent - INFO - get_data:203 - 1. Question received: tell me sales insights
2026-04-26 18:58:06,602 - agents.data_agent - INFO - get_data:204 - 2. Steps generated: ['get sales data', 'analyze data']
2026-04-26 18:58:06,605 - agents.data_agent - INFO - get_data:205 - 3. DB Config: localhost:3306/ai_analytics
2026-04-26 18:58:06,605 - agents.data_agent - INFO - natural_language_to_sql:53 - Converting natural language to SQL: tell me sales insights
2026-04-26 18:58:06,607 - agents.data_agent - INFO - natural_language_to_sql:54 - Using steps: ['get sales data', 'analyze data']
2026-04-26 18:58:06,609 - agents.data_agent - INFO - natural_language_to_sql:130 - Generated default SQL: SELECT * FROM sales ORDER BY date DESC LIMIT 100
2026-04-26 18:58:06,612 - agents.data_agent - INFO - get_data:210 - 4. Generated SQL: SELECT * FROM sales ORDER BY date DESC LIMIT 100
2026-04-26 18:58:06,613 - agents.data_agent - INFO - execute_query:138 - Executing SQL query: SELECT * FROM sales ORDER BY date DESC LIMIT 100
2026-04-26 18:58:06,615 - agents.data_agent - INFO - execute_query:139 - SQL Query: SELECT * FROM sales ORDER BY date DESC LIMIT 100
2026-04-26 18:58:06,616 - agents.data_agent - INFO - connect_to_mysql:36 - Attempting to connect to MySQL (attempt 1/3)
2026-04-26 18:58:06,633 - agents.data_agent - INFO - connect_to_mysql:38 - Successfully connected to MySQL database
2026-04-26 18:58:06,664 - agents.data_agent - INFO - execute_query:151 - Query executed successfully, returned 16 records
2026-04-26 18:58:06,667 - agents.data_agent - INFO - execute_query:163 - Database connection closed
2026-04-26 18:58:06,668 - agents.data_agent - INFO - get_data:215 - 5. Query executed successfully
2026-04-26 18:58:06,670 - agents.data_agent - INFO - get_data:216 - 6. Records retrieved: 16
2026-04-26 18:58:06,671 - agents.data_agent - INFO - get_data:218 - 7. Sample record: {'id': 1, 'product': 'Product A', 'region': 'North', 'revenue': Decimal('5000.00'), 'date': datetime.date(2024, 3, 1)}
2026-04-26 18:58:06,673 - services.agent_pipeline - INFO - process_query:62 - Data Agent retrieved 16 records
2026-04-26 18:58:06,674 - services.agent_pipeline - INFO - process_query:73 - === STEP 3: ANALYSIS AGENT ===
2026-04-26 18:58:06,675 - agents.analysis_agent - INFO - analyze_data:24 - Analyzing data for question: tell me sales insights
2026-04-26 18:58:06,677 - agents.analysis_agent - INFO - analyze_data:25 - Using steps: ['get sales data', 'analyze data']
2026-04-26 18:58:06,681 - agents.analysis_agent - INFO - analyze_data:35 - Created DataFrame with 16 rows and 5 columns
2026-04-26 18:58:06,684 - agents.analysis_agent - INFO - analyze_data:75 - Generated 3 insights
2026-04-26 18:58:06,688 - services.agent_pipeline - INFO - process_query:77 - Analysis Agent generated 3 insights
2026-04-26 18:58:06,689 - services.agent_pipeline - INFO - process_query:81 - === STEP 4: REPORT AGENT ===
2026-04-26 18:58:06,690 - agents.report_agent - INFO - generate_report:21 - Generating human-readable report
2026-04-26 18:58:06,691 - agents.report_agent - INFO - generate_report:38 - Generated report with 3 insights
2026-04-26 18:58:06,692 - services.agent_pipeline - INFO - process_query:85 - Report Agent: Generated human-readable response
2026-04-26 18:58:06,695 - services.agent_pipeline - INFO - process_query:89 - === STEP 5: DASHBOARD DATA AGGREGATION ===
2026-04-26 18:58:06,697 - agents.analysis_agent - INFO - aggregate_dashboard_data:235 - === DASHBOARD AGGREGATION TRACE ===
2026-04-26 18:58:06,698 - agents.analysis_agent - INFO - aggregate_dashboard_data:236 - 1. Input data length: 16
2026-04-26 18:58:06,700 - agents.analysis_agent - INFO - aggregate_dashboard_data:237 - 2. Data sample: [{'id': 1, 'product': 'Product A', 'region': 'North', 'revenue': Decimal('5000.00'), 'date': datetime.date(2024, 3, 1)}, {'id': 2, 'product': 'Product B', 'region': 'South', 'revenue': Decimal('3000.00'), 'date': datetime.date(2024, 3, 1)}]
2026-04-26 18:58:06,703 - agents.analysis_agent - INFO - aggregate_dashboard_data:246 - 4. DataFrame created with shape: (16, 5)
2026-04-26 18:58:06,704 - agents.analysis_agent - ERROR - aggregate_dashboard_data:252 - 5. Missing required columns: ['quantity']
2026-04-26 18:58:06,707 - agents.analysis_agent - ERROR - aggregate_dashboard_data:253 - 6. Available columns: ['id', 'product', 'region', 'revenue', 'date']
2026-04-26 18:58:06,710 - agents.analysis_agent - INFO - _get_enhanced_mock_data:302 - Using enhanced mock data for dashboard
2026-04-26 18:58:06,711 - services.agent_pipeline - INFO - process_query:93 - Dashboard data aggregated: 8 months, 4 regions, 3 products
2026-04-26 18:58:06,712 - services.agent_pipeline - INFO - process_query:97 - === STEP 6: INSIGHTS DETECTION ===
2026-04-26 18:58:06,714 - agents.analysis_agent - INFO - detect_and_store_insights:378 - Detecting insights for database storage
2026-04-26 18:58:06,728 - agents.analysis_agent - ERROR - detect_and_store_insights:461 - Error detecting insights: Can only use .dt accessor with datetimelike values
2026-04-26 18:58:06,731 - services.agent_pipeline - INFO - process_query:102 - Detected 0 insights for storage
2026-04-26 18:58:06,732 - services.agent_pipeline - INFO - process_query:106 - === STEP 7: INSIGHTS STORAGE ===
2026-04-26 18:58:06,733 - services.agent_pipeline - INFO - process_query:132 - === PIPELINE COMPLETED SUCCESSFULLY ===
2026-04-26 18:58:06,734 - services.agent_pipeline - INFO - process_query:133 - Final answer: Analysis completed on sales data
2026-04-26 18:58:06,736 - services.agent_pipeline - INFO - process_query:134 - Total insights: 3
2026-04-26 18:58:06,737 - ai_analytics.main - INFO - query_ai:257 - Successfully processed query through pipeline: tell me sales insights
2026-04-26 19:03:48,420 - ai_analytics.main - INFO - get_dashboard_data:288 - Generating dashboard data
2026-04-26 19:03:48,422 - agents.data_agent - INFO - __init__:30 - DataAgent initialized with config: localhost:3306/ai_analytics
2026-04-26 19:03:48,424 - agents.data_agent - INFO - get_data:202 - === DATA FLOW TRACE ===
2026-04-26 19:03:48,426 - agents.data_agent - INFO - get_data:203 - 1. Question received: get all sales data
2026-04-26 19:03:48,428 - agents.data_agent - INFO - get_data:204 - 2. Steps generated: ['get sales data']
2026-04-26 19:03:48,431 - agents.data_agent - INFO - get_data:205 - 3. DB Config: localhost:3306/ai_analytics
2026-04-26 19:03:48,432 - agents.data_agent - INFO - natural_language_to_sql:53 - Converting natural language to SQL: get all sales data
2026-04-26 19:03:48,433 - agents.data_agent - INFO - natural_language_to_sql:54 - Using steps: ['get sales data']
2026-04-26 19:03:48,435 - agents.data_agent - INFO - natural_language_to_sql:130 - Generated default SQL: SELECT * FROM sales ORDER BY date DESC LIMIT 100
2026-04-26 19:03:48,436 - agents.data_agent - INFO - get_data:210 - 4. Generated SQL: SELECT * FROM sales ORDER BY date DESC LIMIT 100
2026-04-26 19:03:48,439 - agents.data_agent - INFO - execute_query:138 - Executing SQL query: SELECT * FROM sales ORDER BY date DESC LIMIT 100
2026-04-26 19:03:48,439 - agents.data_agent - INFO - execute_query:139 - SQL Query: SELECT * FROM sales ORDER BY date DESC LIMIT 100
2026-04-26 19:03:48,441 - agents.data_agent - INFO - connect_to_mysql:36 - Attempting to connect to MySQL (attempt 1/3)
2026-04-26 19:03:48,523 - agents.data_agent - INFO - connect_to_mysql:38 - Successfully connected to MySQL database
2026-04-26 19:03:48,531 - agents.data_agent - INFO - execute_query:151 - Query executed successfully, returned 16 records
2026-04-26 19:03:48,533 - agents.data_agent - INFO - execute_query:163 - Database connection closed
2026-04-26 19:03:48,535 - agents.data_agent - INFO - get_data:215 - 5. Query executed successfully
2026-04-26 19:03:48,537 - agents.data_agent - INFO - get_data:216 - 6. Records retrieved: 16
2026-04-26 19:03:48,538 - agents.data_agent - INFO - get_data:218 - 7. Sample record: {'id': 1, 'product': 'Product A', 'region': 'North', 'revenue': Decimal('5000.00'), 'date': datetime.date(2024, 3, 1)}
2026-04-26 19:03:48,539 - agents.analysis_agent - INFO - aggregate_dashboard_data:235 - === DASHBOARD AGGREGATION TRACE ===
2026-04-26 19:03:48,540 - agents.analysis_agent - INFO - aggregate_dashboard_data:236 - 1. Input data length: 16
2026-04-26 19:03:48,542 - agents.analysis_agent - INFO - aggregate_dashboard_data:237 - 2. Data sample: [{'id': 1, 'product': 'Product A', 'region': 'North', 'revenue': Decimal('5000.00'), 'date': datetime.date(2024, 3, 1)}, {'id': 2, 'product': 'Product B', 'region': 'South', 'revenue': Decimal('3000.00'), 'date': datetime.date(2024, 3, 1)}]
2026-04-26 19:03:48,546 - agents.analysis_agent - INFO - aggregate_dashboard_data:246 - 4. DataFrame created with shape: (16, 5)
2026-04-26 19:03:48,547 - agents.analysis_agent - ERROR - aggregate_dashboard_data:252 - 5. Missing required columns: ['quantity']
2026-04-26 19:03:48,550 - agents.analysis_agent - ERROR - aggregate_dashboard_data:253 - 6. Available columns: ['id', 'product', 'region', 'revenue', 'date']
2026-04-26 19:03:48,552 - agents.analysis_agent - INFO - _get_enhanced_mock_data:302 - Using enhanced mock data for dashboard
2026-04-26 19:03:48,554 - ai_analytics.main - INFO - get_dashboard_data:310 - Dashboard data generated: 8 months, 4 regions, 3 products
2026-04-26 19:04:03,063 - ai_analytics.main - INFO - query_ai:232 - Processing query through multi-agent pipeline: hi
2026-04-26 19:04:03,064 - services.agent_pipeline - INFO - process_query:38 - Starting pipeline processing for question: hi
2026-04-26 19:04:03,066 - services.agent_pipeline - INFO - process_query:49 - === STEP 1: PLANNER AGENT ===
2026-04-26 19:04:03,068 - agents.planner_agent - INFO - plan_query:26 - Planning query: hi
2026-04-26 19:04:03,070 - agents.planner_agent - INFO - plan_query:62 - Using default analysis for question: hi
2026-04-26 19:04:03,072 - agents.planner_agent - INFO - plan_query:64 - Generated steps: ['get sales data', 'analyze data']
2026-04-26 19:04:03,074 - services.agent_pipeline - INFO - process_query:54 - Planner generated steps: ['get sales data', 'analyze data']
2026-04-26 19:04:03,075 - services.agent_pipeline - INFO - process_query:58 - === STEP 2: DATA AGENT ===
2026-04-26 19:04:03,076 - agents.data_agent - INFO - get_data:202 - === DATA FLOW TRACE ===
2026-04-26 19:04:03,078 - agents.data_agent - INFO - get_data:203 - 1. Question received: hi
2026-04-26 19:04:03,080 - agents.data_agent - INFO - get_data:204 - 2. Steps generated: ['get sales data', 'analyze data']
2026-04-26 19:04:03,082 - agents.data_agent - INFO - get_data:205 - 3. DB Config: localhost:3306/ai_analytics
2026-04-26 19:04:03,084 - agents.data_agent - INFO - natural_language_to_sql:53 - Converting natural language to SQL: hi
2026-04-26 19:04:03,086 - agents.data_agent - INFO - natural_language_to_sql:54 - Using steps: ['get sales data', 'analyze data']
2026-04-26 19:04:03,087 - agents.data_agent - INFO - natural_language_to_sql:130 - Generated default SQL: SELECT * FROM sales ORDER BY date DESC LIMIT 100
2026-04-26 19:04:03,089 - agents.data_agent - INFO - get_data:210 - 4. Generated SQL: SELECT * FROM sales ORDER BY date DESC LIMIT 100
2026-04-26 19:04:03,090 - agents.data_agent - INFO - execute_query:138 - Executing SQL query: SELECT * FROM sales ORDER BY date DESC LIMIT 100
2026-04-26 19:04:03,092 - agents.data_agent - INFO - execute_query:139 - SQL Query: SELECT * FROM sales ORDER BY date DESC LIMIT 100
2026-04-26 19:04:03,092 - agents.data_agent - INFO - connect_to_mysql:36 - Attempting to connect to MySQL (attempt 1/3)
2026-04-26 19:04:03,148 - agents.data_agent - INFO - connect_to_mysql:38 - Successfully connected to MySQL database
2026-04-26 19:04:03,158 - agents.data_agent - INFO - execute_query:151 - Query executed successfully, returned 16 records
2026-04-26 19:04:03,161 - agents.data_agent - INFO - execute_query:163 - Database connection closed
2026-04-26 19:04:03,163 - agents.data_agent - INFO - get_data:215 - 5. Query executed successfully
2026-04-26 19:04:03,165 - agents.data_agent - INFO - get_data:216 - 6. Records retrieved: 16
2026-04-26 19:04:03,166 - agents.data_agent - INFO - get_data:218 - 7. Sample record: {'id': 1, 'product': 'Product A', 'region': 'North', 'revenue': Decimal('5000.00'), 'date': datetime.date(2024, 3, 1)}
2026-04-26 19:04:03,167 - services.agent_pipeline - INFO - process_query:62 - Data Agent retrieved 16 records
2026-04-26 19:04:03,169 - services.agent_pipeline - INFO - process_query:73 - === STEP 3: ANALYSIS AGENT ===
2026-04-26 19:04:03,171 - agents.analysis_agent - INFO - analyze_data:24 - Analyzing data for question: hi
2026-04-26 19:04:03,172 - agents.analysis_agent - INFO - analyze_data:25 - Using steps: ['get sales data', 'analyze data']
2026-04-26 19:04:03,176 - agents.analysis_agent - INFO - analyze_data:35 - Created DataFrame with 16 rows and 5 columns
2026-04-26 19:04:03,187 - agents.analysis_agent - INFO - analyze_data:75 - Generated 3 insights
2026-04-26 19:04:03,190 - services.agent_pipeline - INFO - process_query:77 - Analysis Agent generated 3 insights
2026-04-26 19:04:03,192 - services.agent_pipeline - INFO - process_query:81 - === STEP 4: REPORT AGENT ===
2026-04-26 19:04:03,193 - agents.report_agent - INFO - generate_report:21 - Generating human-readable report
2026-04-26 19:04:03,194 - agents.report_agent - INFO - generate_report:38 - Generated report with 3 insights
2026-04-26 19:04:03,197 - services.agent_pipeline - INFO - process_query:85 - Report Agent: Generated human-readable response
2026-04-26 19:04:03,198 - services.agent_pipeline - INFO - process_query:89 - === STEP 5: DASHBOARD DATA AGGREGATION ===
2026-04-26 19:04:03,200 - agents.analysis_agent - INFO - aggregate_dashboard_data:235 - === DASHBOARD AGGREGATION TRACE ===
2026-04-26 19:04:03,201 - agents.analysis_agent - INFO - aggregate_dashboard_data:236 - 1. Input data length: 16
2026-04-26 19:04:03,204 - agents.analysis_agent - INFO - aggregate_dashboard_data:237 - 2. Data sample: [{'id': 1, 'product': 'Product A', 'region': 'North', 'revenue': Decimal('5000.00'), 'date': datetime.date(2024, 3, 1)}, {'id': 2, 'product': 'Product B', 'region': 'South', 'revenue': Decimal('3000.00'), 'date': datetime.date(2024, 3, 1)}]
2026-04-26 19:04:03,206 - agents.analysis_agent - INFO - aggregate_dashboard_data:246 - 4. DataFrame created with shape: (16, 5)
2026-04-26 19:04:03,209 - agents.analysis_agent - ERROR - aggregate_dashboard_data:252 - 5. Missing required columns: ['quantity']
2026-04-26 19:04:03,210 - agents.analysis_agent - ERROR - aggregate_dashboard_data:253 - 6. Available columns: ['id', 'product', 'region', 'revenue', 'date']
2026-04-26 19:04:03,213 - agents.analysis_agent - INFO - _get_enhanced_mock_data:302 - Using enhanced mock data for dashboard
2026-04-26 19:04:03,216 - services.agent_pipeline - INFO - process_query:93 - Dashboard data aggregated: 8 months, 4 regions, 3 products
2026-04-26 19:04:03,217 - services.agent_pipeline - INFO - process_query:97 - === STEP 6: INSIGHTS DETECTION ===
2026-04-26 19:04:03,221 - agents.analysis_agent - INFO - detect_and_store_insights:378 - Detecting insights for database storage
2026-04-26 19:04:03,234 - agents.analysis_agent - ERROR - detect_and_store_insights:461 - Error detecting insights: Can only use .dt accessor with datetimelike values
2026-04-26 19:04:03,237 - services.agent_pipeline - INFO - process_query:102 - Detected 0 insights for storage
2026-04-26 19:04:03,240 - services.agent_pipeline - INFO - process_query:106 - === STEP 7: INSIGHTS STORAGE ===
2026-04-26 19:04:03,241 - services.agent_pipeline - INFO - process_query:132 - === PIPELINE COMPLETED SUCCESSFULLY ===
2026-04-26 19:04:03,243 - services.agent_pipeline - INFO - process_query:133 - Final answer: Analysis completed on sales data
2026-04-26 19:04:03,244 - services.agent_pipeline - INFO - process_query:134 - Total insights: 3
2026-04-26 19:04:03,246 - ai_analytics.main - INFO - query_ai:257 - Successfully processed query through pipeline: hi
2026-04-26 19:04:06,021 - ai_analytics.main - INFO - query_ai:232 - Processing query through multi-agent pipeline: hi
2026-04-26 19:04:06,023 - services.agent_pipeline - INFO - process_query:38 - Starting pipeline processing for question: hi
2026-04-26 19:04:06,025 - services.agent_pipeline - INFO - process_query:49 - === STEP 1: PLANNER AGENT ===
2026-04-26 19:04:06,029 - agents.planner_agent - INFO - plan_query:26 - Planning query: hi
2026-04-26 19:04:06,031 - agents.planner_agent - INFO - plan_query:62 - Using default analysis for question: hi
2026-04-26 19:04:06,033 - agents.planner_agent - INFO - plan_query:64 - Generated steps: ['get sales data', 'analyze data']
2026-04-26 19:04:06,037 - services.agent_pipeline - INFO - process_query:54 - Planner generated steps: ['get sales data', 'analyze data']
2026-04-26 19:04:06,039 - services.agent_pipeline - INFO - process_query:58 - === STEP 2: DATA AGENT ===
2026-04-26 19:04:06,040 - agents.data_agent - INFO - get_data:202 - === DATA FLOW TRACE ===
2026-04-26 19:04:06,042 - agents.data_agent - INFO - get_data:203 - 1. Question received: hi
2026-04-26 19:04:06,044 - agents.data_agent - INFO - get_data:204 - 2. Steps generated: ['get sales data', 'analyze data']
2026-04-26 19:04:06,046 - agents.data_agent - INFO - get_data:205 - 3. DB Config: localhost:3306/ai_analytics
2026-04-26 19:04:06,048 - agents.data_agent - INFO - natural_language_to_sql:53 - Converting natural language to SQL: hi
2026-04-26 19:04:06,050 - agents.data_agent - INFO - natural_language_to_sql:54 - Using steps: ['get sales data', 'analyze data']
2026-04-26 19:04:06,051 - agents.data_agent - INFO - natural_language_to_sql:130 - Generated default SQL: SELECT * FROM sales ORDER BY date DESC LIMIT 100
2026-04-26 19:04:06,052 - agents.data_agent - INFO - get_data:210 - 4. Generated SQL: SELECT * FROM sales ORDER BY date DESC LIMIT 100
2026-04-26 19:04:06,054 - agents.data_agent - INFO - execute_query:138 - Executing SQL query: SELECT * FROM sales ORDER BY date DESC LIMIT 100
2026-04-26 19:04:06,056 - agents.data_agent - INFO - execute_query:139 - SQL Query: SELECT * FROM sales ORDER BY date DESC LIMIT 100
2026-04-26 19:04:06,058 - agents.data_agent - INFO - connect_to_mysql:36 - Attempting to connect to MySQL (attempt 1/3)
2026-04-26 19:04:06,142 - agents.data_agent - INFO - connect_to_mysql:38 - Successfully connected to MySQL database
2026-04-26 19:04:06,151 - agents.data_agent - INFO - execute_query:151 - Query executed successfully, returned 16 records
2026-04-26 19:04:06,154 - agents.data_agent - INFO - execute_query:163 - Database connection closed
2026-04-26 19:04:06,156 - agents.data_agent - INFO - get_data:215 - 5. Query executed successfully
2026-04-26 19:04:06,158 - agents.data_agent - INFO - get_data:216 - 6. Records retrieved: 16
2026-04-26 19:04:06,161 - agents.data_agent - INFO - get_data:218 - 7. Sample record: {'id': 1, 'product': 'Product A', 'region': 'North', 'revenue': Decimal('5000.00'), 'date': datetime.date(2024, 3, 1)}
2026-04-26 19:04:06,163 - services.agent_pipeline - INFO - process_query:62 - Data Agent retrieved 16 records
2026-04-26 19:04:06,164 - services.agent_pipeline - INFO - process_query:73 - === STEP 3: ANALYSIS AGENT ===
2026-04-26 19:04:06,166 - agents.analysis_agent - INFO - analyze_data:24 - Analyzing data for question: hi
2026-04-26 19:04:06,168 - agents.analysis_agent - INFO - analyze_data:25 - Using steps: ['get sales data', 'analyze data']
2026-04-26 19:04:06,170 - agents.analysis_agent - INFO - analyze_data:35 - Created DataFrame with 16 rows and 5 columns
2026-04-26 19:04:06,174 - agents.analysis_agent - INFO - analyze_data:75 - Generated 3 insights
2026-04-26 19:04:06,177 - services.agent_pipeline - INFO - process_query:77 - Analysis Agent generated 3 insights
2026-04-26 19:04:06,178 - services.agent_pipeline - INFO - process_query:81 - === STEP 4: REPORT AGENT ===
2026-04-26 19:04:06,179 - agents.report_agent - INFO - generate_report:21 - Generating human-readable report
2026-04-26 19:04:06,181 - agents.report_agent - INFO - generate_report:38 - Generated report with 3 insights
2026-04-26 19:04:06,182 - services.agent_pipeline - INFO - process_query:85 - Report Agent: Generated human-readable response
2026-04-26 19:04:06,184 - services.agent_pipeline - INFO - process_query:89 - === STEP 5: DASHBOARD DATA AGGREGATION ===
2026-04-26 19:04:06,185 - agents.analysis_agent - INFO - aggregate_dashboard_data:235 - === DASHBOARD AGGREGATION TRACE ===
2026-04-26 19:04:06,187 - agents.analysis_agent - INFO - aggregate_dashboard_data:236 - 1. Input data length: 16
2026-04-26 19:04:06,189 - agents.analysis_agent - INFO - aggregate_dashboard_data:237 - 2. Data sample: [{'id': 1, 'product': 'Product A', 'region': 'North', 'revenue': Decimal('5000.00'), 'date': datetime.date(2024, 3, 1)}, {'id': 2, 'product': 'Product B', 'region': 'South', 'revenue': Decimal('3000.00'), 'date': datetime.date(2024, 3, 1)}]
2026-04-26 19:04:06,192 - agents.analysis_agent - INFO - aggregate_dashboard_data:246 - 4. DataFrame created with shape: (16, 5)
2026-04-26 19:04:06,193 - agents.analysis_agent - ERROR - aggregate_dashboard_data:252 - 5. Missing required columns: ['quantity']
2026-04-26 19:04:06,196 - agents.analysis_agent - ERROR - aggregate_dashboard_data:253 - 6. Available columns: ['id', 'product', 'region', 'revenue', 'date']
2026-04-26 19:04:06,199 - agents.analysis_agent - INFO - _get_enhanced_mock_data:302 - Using enhanced mock data for dashboard
2026-04-26 19:04:06,201 - services.agent_pipeline - INFO - process_query:93 - Dashboard data aggregated: 8 months, 4 regions, 3 products
2026-04-26 19:04:06,203 - services.agent_pipeline - INFO - process_query:97 - === STEP 6: INSIGHTS DETECTION ===
2026-04-26 19:04:06,205 - agents.analysis_agent - INFO - detect_and_store_insights:378 - Detecting insights for database storage
2026-04-26 19:04:06,216 - agents.analysis_agent - ERROR - detect_and_store_insights:461 - Error detecting insights: Can only use .dt accessor with datetimelike values
2026-04-26 19:04:06,219 - services.agent_pipeline - INFO - process_query:102 - Detected 0 insights for storage
2026-04-26 19:04:06,221 - services.agent_pipeline - INFO - process_query:106 - === STEP 7: INSIGHTS STORAGE ===
2026-04-26 19:04:06,223 - services.agent_pipeline - INFO - process_query:132 - === PIPELINE COMPLETED SUCCESSFULLY ===
2026-04-26 19:04:06,224 - services.agent_pipeline - INFO - process_query:133 - Final answer: Analysis completed on sales data
2026-04-26 19:04:06,226 - services.agent_pipeline - INFO - process_query:134 - Total insights: 3
2026-04-26 19:04:06,228 - ai_analytics.main - INFO - query_ai:257 - Successfully processed query through pipeline: hi
2026-04-26 19:05:01,497 - ai_analytics.main - INFO - query_ai:232 - Processing query through multi-agent pipeline: sales
2026-04-26 19:05:01,498 - services.agent_pipeline - INFO - process_query:38 - Starting pipeline processing for question: sales
2026-04-26 19:05:01,498 - services.agent_pipeline - INFO - process_query:49 - === STEP 1: PLANNER AGENT ===
2026-04-26 19:05:01,501 - agents.planner_agent - INFO - plan_query:26 - Planning query: sales
2026-04-26 19:05:01,503 - agents.planner_agent - INFO - plan_query:62 - Using default analysis for question: sales
2026-04-26 19:05:01,505 - agents.planner_agent - INFO - plan_query:64 - Generated steps: ['get sales data', 'analyze data']
2026-04-26 19:05:01,508 - services.agent_pipeline - INFO - process_query:54 - Planner generated steps: ['get sales data', 'analyze data']
2026-04-26 19:05:01,509 - services.agent_pipeline - INFO - process_query:58 - === STEP 2: DATA AGENT ===
2026-04-26 19:05:01,510 - agents.data_agent - INFO - get_data:202 - === DATA FLOW TRACE ===
2026-04-26 19:05:01,513 - agents.data_agent - INFO - get_data:203 - 1. Question received: sales
2026-04-26 19:05:01,515 - agents.data_agent - INFO - get_data:204 - 2. Steps generated: ['get sales data', 'analyze data']
2026-04-26 19:05:01,516 - agents.data_agent - INFO - get_data:205 - 3. DB Config: localhost:3306/ai_analytics
2026-04-26 19:05:01,518 - agents.data_agent - INFO - natural_language_to_sql:53 - Converting natural language to SQL: sales
2026-04-26 19:05:01,520 - agents.data_agent - INFO - natural_language_to_sql:54 - Using steps: ['get sales data', 'analyze data']
2026-04-26 19:05:01,522 - agents.data_agent - INFO - natural_language_to_sql:130 - Generated default SQL: SELECT * FROM sales ORDER BY date DESC LIMIT 100
2026-04-26 19:05:01,523 - agents.data_agent - INFO - get_data:210 - 4. Generated SQL: SELECT * FROM sales ORDER BY date DESC LIMIT 100
2026-04-26 19:05:01,526 - agents.data_agent - INFO - execute_query:138 - Executing SQL query: SELECT * FROM sales ORDER BY date DESC LIMIT 100
2026-04-26 19:05:01,528 - agents.data_agent - INFO - execute_query:139 - SQL Query: SELECT * FROM sales ORDER BY date DESC LIMIT 100
2026-04-26 19:05:01,529 - agents.data_agent - INFO - connect_to_mysql:36 - Attempting to connect to MySQL (attempt 1/3)
2026-04-26 19:05:01,547 - agents.data_agent - INFO - connect_to_mysql:38 - Successfully connected to MySQL database
2026-04-26 19:05:01,554 - agents.data_agent - INFO - execute_query:151 - Query executed successfully, returned 16 records
2026-04-26 19:05:01,559 - agents.data_agent - INFO - execute_query:163 - Database connection closed
2026-04-26 19:05:01,561 - agents.data_agent - INFO - get_data:215 - 5. Query executed successfully
2026-04-26 19:05:01,563 - agents.data_agent - INFO - get_data:216 - 6. Records retrieved: 16
2026-04-26 19:05:01,564 - agents.data_agent - INFO - get_data:218 - 7. Sample record: {'id': 1, 'product': 'Product A', 'region': 'North', 'revenue': Decimal('5000.00'), 'date': datetime.date(2024, 3, 1)}
2026-04-26 19:05:01,566 - services.agent_pipeline - INFO - process_query:62 - Data Agent retrieved 16 records
2026-04-26 19:05:01,568 - services.agent_pipeline - INFO - process_query:73 - === STEP 3: ANALYSIS AGENT ===
2026-04-26 19:05:01,570 - agents.analysis_agent - INFO - analyze_data:24 - Analyzing data for question: sales
2026-04-26 19:05:01,572 - agents.analysis_agent - INFO - analyze_data:25 - Using steps: ['get sales data', 'analyze data']
2026-04-26 19:05:01,574 - agents.analysis_agent - INFO - analyze_data:35 - Created DataFrame with 16 rows and 5 columns
2026-04-26 19:05:01,579 - agents.analysis_agent - INFO - analyze_data:75 - Generated 3 insights
2026-04-26 19:05:01,581 - services.agent_pipeline - INFO - process_query:77 - Analysis Agent generated 3 insights
2026-04-26 19:05:01,584 - services.agent_pipeline - INFO - process_query:81 - === STEP 4: REPORT AGENT ===
2026-04-26 19:05:01,585 - agents.report_agent - INFO - generate_report:21 - Generating human-readable report
2026-04-26 19:05:01,586 - agents.report_agent - INFO - generate_report:38 - Generated report with 3 insights
2026-04-26 19:05:01,589 - services.agent_pipeline - INFO - process_query:85 - Report Agent: Generated human-readable response
2026-04-26 19:05:01,592 - services.agent_pipeline - INFO - process_query:89 - === STEP 5: DASHBOARD DATA AGGREGATION ===
2026-04-26 19:05:01,593 - agents.analysis_agent - INFO - aggregate_dashboard_data:235 - === DASHBOARD AGGREGATION TRACE ===
2026-04-26 19:05:01,594 - agents.analysis_agent - INFO - aggregate_dashboard_data:236 - 1. Input data length: 16
2026-04-26 19:05:01,596 - agents.analysis_agent - INFO - aggregate_dashboard_data:237 - 2. Data sample: [{'id': 1, 'product': 'Product A', 'region': 'North', 'revenue': Decimal('5000.00'), 'date': datetime.date(2024, 3, 1)}, {'id': 2, 'product': 'Product B', 'region': 'South', 'revenue': Decimal('3000.00'), 'date': datetime.date(2024, 3, 1)}]
2026-04-26 19:05:01,599 - agents.analysis_agent - INFO - aggregate_dashboard_data:246 - 4. DataFrame created with shape: (16, 5)
2026-04-26 19:05:01,601 - agents.analysis_agent - ERROR - aggregate_dashboard_data:252 - 5. Missing required columns: ['quantity']
2026-04-26 19:05:01,603 - agents.analysis_agent - ERROR - aggregate_dashboard_data:253 - 6. Available columns: ['id', 'product', 'region', 'revenue', 'date']
2026-04-26 19:05:01,606 - agents.analysis_agent - INFO - _get_enhanced_mock_data:302 - Using enhanced mock data for dashboard
2026-04-26 19:05:01,607 - services.agent_pipeline - INFO - process_query:93 - Dashboard data aggregated: 8 months, 4 regions, 3 products
2026-04-26 19:05:01,609 - services.agent_pipeline - INFO - process_query:97 - === STEP 6: INSIGHTS DETECTION ===
2026-04-26 19:05:01,612 - agents.analysis_agent - INFO - detect_and_store_insights:378 - Detecting insights for database storage
2026-04-26 19:05:01,623 - agents.analysis_agent - ERROR - detect_and_store_insights:461 - Error detecting insights: Can only use .dt accessor with datetimelike values
2026-04-26 19:05:01,626 - services.agent_pipeline - INFO - process_query:102 - Detected 0 insights for storage
2026-04-26 19:05:01,628 - services.agent_pipeline - INFO - process_query:106 - === STEP 7: INSIGHTS STORAGE ===
2026-04-26 19:05:01,630 - services.agent_pipeline - INFO - process_query:132 - === PIPELINE COMPLETED SUCCESSFULLY ===
2026-04-26 19:05:01,632 - services.agent_pipeline - INFO - process_query:133 - Final answer: Analysis completed on sales data
2026-04-26 19:05:01,633 - services.agent_pipeline - INFO - process_query:134 - Total insights: 3
2026-04-26 19:05:01,635 - ai_analytics.main - INFO - query_ai:257 - Successfully processed query through pipeline: sales
2026-04-26 19:15:21,821 - ai_analytics.main - INFO - query_ai:232 - Processing query through multi-agent pipeline: hii
2026-04-26 19:15:21,822 - services.agent_pipeline - INFO - process_query:38 - Starting pipeline processing for question: hii
2026-04-26 19:15:21,824 - services.agent_pipeline - INFO - process_query:49 - === STEP 1: PLANNER AGENT ===
2026-04-26 19:15:21,828 - agents.planner_agent - INFO - plan_query:26 - Planning query: hii
2026-04-26 19:15:21,829 - agents.planner_agent - INFO - plan_query:62 - Using default analysis for question: hii
2026-04-26 19:15:21,831 - agents.planner_agent - INFO - plan_query:64 - Generated steps: ['get sales data', 'analyze data']
2026-04-26 19:15:21,833 - services.agent_pipeline - INFO - process_query:54 - Planner generated steps: ['get sales data', 'analyze data']
2026-04-26 19:15:21,834 - services.agent_pipeline - INFO - process_query:58 - === STEP 2: DATA AGENT ===
2026-04-26 19:15:21,836 - agents.data_agent - INFO - get_data:202 - === DATA FLOW TRACE ===
2026-04-26 19:15:21,838 - agents.data_agent - INFO - get_data:203 - 1. Question received: hii
2026-04-26 19:15:21,841 - agents.data_agent - INFO - get_data:204 - 2. Steps generated: ['get sales data', 'analyze data']
2026-04-26 19:15:21,842 - agents.data_agent - INFO - get_data:205 - 3. DB Config: localhost:3306/ai_analytics
2026-04-26 19:15:21,844 - agents.data_agent - INFO - natural_language_to_sql:53 - Converting natural language to SQL: hii
2026-04-26 19:15:21,846 - agents.data_agent - INFO - natural_language_to_sql:54 - Using steps: ['get sales data', 'analyze data']
2026-04-26 19:15:21,849 - agents.data_agent - INFO - natural_language_to_sql:130 - Generated default SQL: SELECT * FROM sales ORDER BY date DESC LIMIT 100
2026-04-26 19:15:21,851 - agents.data_agent - INFO - get_data:210 - 4. Generated SQL: SELECT * FROM sales ORDER BY date DESC LIMIT 100
2026-04-26 19:15:21,854 - agents.data_agent - INFO - execute_query:138 - Executing SQL query: SELECT * FROM sales ORDER BY date DESC LIMIT 100
2026-04-26 19:15:21,857 - agents.data_agent - INFO - execute_query:139 - SQL Query: SELECT * FROM sales ORDER BY date DESC LIMIT 100
2026-04-26 19:15:21,859 - agents.data_agent - INFO - connect_to_mysql:36 - Attempting to connect to MySQL (attempt 1/3)
2026-04-26 19:15:21,937 - agents.data_agent - INFO - connect_to_mysql:38 - Successfully connected to MySQL database
2026-04-26 19:15:21,943 - agents.data_agent - INFO - execute_query:151 - Query executed successfully, returned 16 records
2026-04-26 19:15:21,947 - agents.data_agent - INFO - execute_query:163 - Database connection closed
2026-04-26 19:15:21,948 - agents.data_agent - INFO - get_data:215 - 5. Query executed successfully
2026-04-26 19:15:21,950 - agents.data_agent - INFO - get_data:216 - 6. Records retrieved: 16
2026-04-26 19:15:21,951 - agents.data_agent - INFO - get_data:218 - 7. Sample record: {'id': 1, 'product': 'Product A', 'region': 'North', 'revenue': Decimal('5000.00'), 'date': datetime.date(2024, 3, 1)}
2026-04-26 19:15:21,953 - services.agent_pipeline - INFO - process_query:62 - Data Agent retrieved 16 records
2026-04-26 19:15:21,954 - services.agent_pipeline - INFO - process_query:73 - === STEP 3: ANALYSIS AGENT ===
2026-04-26 19:15:21,955 - agents.analysis_agent - INFO - analyze_data:24 - Analyzing data for question: hii
2026-04-26 19:15:21,956 - agents.analysis_agent - INFO - analyze_data:25 - Using steps: ['get sales data', 'analyze data']
2026-04-26 19:15:21,960 - agents.analysis_agent - INFO - analyze_data:35 - Created DataFrame with 16 rows and 5 columns
2026-04-26 19:15:21,972 - agents.analysis_agent - INFO - analyze_data:75 - Generated 3 insights
2026-04-26 19:15:21,974 - services.agent_pipeline - INFO - process_query:77 - Analysis Agent generated 3 insights
2026-04-26 19:15:21,976 - services.agent_pipeline - INFO - process_query:81 - === STEP 4: REPORT AGENT ===
2026-04-26 19:15:21,977 - agents.report_agent - INFO - generate_report:21 - Generating human-readable report
2026-04-26 19:15:21,980 - agents.report_agent - INFO - generate_report:38 - Generated report with 3 insights
2026-04-26 19:15:21,982 - services.agent_pipeline - INFO - process_query:85 - Report Agent: Generated human-readable response
2026-04-26 19:15:21,983 - services.agent_pipeline - INFO - process_query:89 - === STEP 5: DASHBOARD DATA AGGREGATION ===
2026-04-26 19:15:21,985 - agents.analysis_agent - INFO - aggregate_dashboard_data:235 - === DASHBOARD AGGREGATION TRACE ===
2026-04-26 19:15:21,987 - agents.analysis_agent - INFO - aggregate_dashboard_data:236 - 1. Input data length: 16
2026-04-26 19:15:21,988 - agents.analysis_agent - INFO - aggregate_dashboard_data:237 - 2. Data sample: [{'id': 1, 'product': 'Product A', 'region': 'North', 'revenue': Decimal('5000.00'), 'date': datetime.date(2024, 3, 1)}, {'id': 2, 'product': 'Product B', 'region': 'South', 'revenue': Decimal('3000.00'), 'date': datetime.date(2024, 3, 1)}]
2026-04-26 19:15:21,990 - agents.analysis_agent - INFO - aggregate_dashboard_data:246 - 4. DataFrame created with shape: (16, 5)
2026-04-26 19:15:21,994 - agents.analysis_agent - ERROR - aggregate_dashboard_data:252 - 5. Missing required columns: ['quantity']
2026-04-26 19:15:21,996 - agents.analysis_agent - ERROR - aggregate_dashboard_data:253 - 6. Available columns: ['id', 'product', 'region', 'revenue', 'date']
2026-04-26 19:15:21,998 - agents.analysis_agent - INFO - _get_enhanced_mock_data:302 - Using enhanced mock data for dashboard
2026-04-26 19:15:22,000 - services.agent_pipeline - INFO - process_query:93 - Dashboard data aggregated: 8 months, 4 regions, 3 products
2026-04-26 19:15:22,001 - services.agent_pipeline - INFO - process_query:97 - === STEP 6: INSIGHTS DETECTION ===
2026-04-26 19:15:22,004 - agents.analysis_agent - INFO - detect_and_store_insights:378 - Detecting insights for database storage
2026-04-26 19:15:22,019 - agents.analysis_agent - ERROR - detect_and_store_insights:461 - Error detecting insights: Can only use .dt accessor with datetimelike values
2026-04-26 19:15:22,023 - services.agent_pipeline - INFO - process_query:102 - Detected 0 insights for storage
2026-04-26 19:15:22,024 - services.agent_pipeline - INFO - process_query:106 - === STEP 7: INSIGHTS STORAGE ===
2026-04-26 19:15:22,025 - services.agent_pipeline - INFO - process_query:132 - === PIPELINE COMPLETED SUCCESSFULLY ===
2026-04-26 19:15:22,027 - services.agent_pipeline - INFO - process_query:133 - Final answer: Analysis completed on sales data
2026-04-26 19:15:22,029 - services.agent_pipeline - INFO - process_query:134 - Total insights: 3
2026-04-26 19:15:22,030 - ai_analytics.main - INFO - query_ai:257 - Successfully processed query through pipeline: hii
2026-04-26 19:15:35,059 - ai_analytics.main - INFO - query_ai:232 - Processing query through multi-agent pipeline: laptop price
2026-04-26 19:15:35,061 - services.agent_pipeline - INFO - process_query:38 - Starting pipeline processing for question: laptop price
2026-04-26 19:15:35,063 - services.agent_pipeline - INFO - process_query:49 - === STEP 1: PLANNER AGENT ===
2026-04-26 19:15:35,064 - agents.planner_agent - INFO - plan_query:26 - Planning query: laptop price
2026-04-26 19:15:35,067 - agents.planner_agent - INFO - plan_query:62 - Using default analysis for question: laptop price
2026-04-26 19:15:35,070 - agents.planner_agent - INFO - plan_query:64 - Generated steps: ['get sales data', 'analyze data']
2026-04-26 19:15:35,072 - services.agent_pipeline - INFO - process_query:54 - Planner generated steps: ['get sales data', 'analyze data']
2026-04-26 19:15:35,075 - services.agent_pipeline - INFO - process_query:58 - === STEP 2: DATA AGENT ===
2026-04-26 19:15:35,078 - agents.data_agent - INFO - get_data:202 - === DATA FLOW TRACE ===
2026-04-26 19:15:35,081 - agents.data_agent - INFO - get_data:203 - 1. Question received: laptop price
2026-04-26 19:15:35,084 - agents.data_agent - INFO - get_data:204 - 2. Steps generated: ['get sales data', 'analyze data']
2026-04-26 19:15:35,088 - agents.data_agent - INFO - get_data:205 - 3. DB Config: localhost:3306/ai_analytics
2026-04-26 19:15:35,092 - agents.data_agent - INFO - natural_language_to_sql:53 - Converting natural language to SQL: laptop price
2026-04-26 19:15:35,094 - agents.data_agent - INFO - natural_language_to_sql:54 - Using steps: ['get sales data', 'analyze data']
2026-04-26 19:15:35,099 - agents.data_agent - INFO - natural_language_to_sql:130 - Generated default SQL: SELECT * FROM sales ORDER BY date DESC LIMIT 100
2026-04-26 19:15:35,101 - agents.data_agent - INFO - get_data:210 - 4. Generated SQL: SELECT * FROM sales ORDER BY date DESC LIMIT 100
2026-04-26 19:15:35,103 - agents.data_agent - INFO - execute_query:138 - Executing SQL query: SELECT * FROM sales ORDER BY date DESC LIMIT 100
2026-04-26 19:15:35,105 - agents.data_agent - INFO - execute_query:139 - SQL Query: SELECT * FROM sales ORDER BY date DESC LIMIT 100
2026-04-26 19:15:35,109 - agents.data_agent - INFO - connect_to_mysql:36 - Attempting to connect to MySQL (attempt 1/3)
2026-04-26 19:15:35,194 - agents.data_agent - INFO - connect_to_mysql:38 - Successfully connected to MySQL database
2026-04-26 19:15:35,200 - agents.data_agent - INFO - execute_query:151 - Query executed successfully, returned 16 records
2026-04-26 19:15:35,202 - agents.data_agent - INFO - execute_query:163 - Database connection closed
2026-04-26 19:15:35,204 - agents.data_agent - INFO - get_data:215 - 5. Query executed successfully
2026-04-26 19:15:35,205 - agents.data_agent - INFO - get_data:216 - 6. Records retrieved: 16
2026-04-26 19:15:35,208 - agents.data_agent - INFO - get_data:218 - 7. Sample record: {'id': 1, 'product': 'Product A', 'region': 'North', 'revenue': Decimal('5000.00'), 'date': datetime.date(2024, 3, 1)}
2026-04-26 19:15:35,209 - services.agent_pipeline - INFO - process_query:62 - Data Agent retrieved 16 records
2026-04-26 19:15:35,210 - services.agent_pipeline - INFO - process_query:73 - === STEP 3: ANALYSIS AGENT ===
2026-04-26 19:15:35,213 - agents.analysis_agent - INFO - analyze_data:24 - Analyzing data for question: laptop price
2026-04-26 19:15:35,215 - agents.analysis_agent - INFO - analyze_data:25 - Using steps: ['get sales data', 'analyze data']
2026-04-26 19:15:35,218 - agents.analysis_agent - INFO - analyze_data:35 - Created DataFrame with 16 rows and 5 columns
2026-04-26 19:15:35,224 - agents.analysis_agent - INFO - analyze_data:75 - Generated 3 insights
2026-04-26 19:15:35,227 - services.agent_pipeline - INFO - process_query:77 - Analysis Agent generated 3 insights
2026-04-26 19:15:35,230 - services.agent_pipeline - INFO - process_query:81 - === STEP 4: REPORT AGENT ===
2026-04-26 19:15:35,231 - agents.report_agent - INFO - generate_report:21 - Generating human-readable report
2026-04-26 19:15:35,233 - agents.report_agent - INFO - generate_report:38 - Generated report with 3 insights
2026-04-26 19:15:35,236 - services.agent_pipeline - INFO - process_query:85 - Report Agent: Generated human-readable response
2026-04-26 19:15:35,238 - services.agent_pipeline - INFO - process_query:89 - === STEP 5: DASHBOARD DATA AGGREGATION ===
2026-04-26 19:15:35,239 - agents.analysis_agent - INFO - aggregate_dashboard_data:235 - === DASHBOARD AGGREGATION TRACE ===
2026-04-26 19:15:35,241 - agents.analysis_agent - INFO - aggregate_dashboard_data:236 - 1. Input data length: 16
2026-04-26 19:15:35,243 - agents.analysis_agent - INFO - aggregate_dashboard_data:237 - 2. Data sample: [{'id': 1, 'product': 'Product A', 'region': 'North', 'revenue': Decimal('5000.00'), 'date': datetime.date(2024, 3, 1)}, {'id': 2, 'product': 'Product B', 'region': 'South', 'revenue': Decimal('3000.00'), 'date': datetime.date(2024, 3, 1)}]
2026-04-26 19:15:35,247 - agents.analysis_agent - INFO - aggregate_dashboard_data:246 - 4. DataFrame created with shape: (16, 5)
2026-04-26 19:15:35,251 - agents.analysis_agent - ERROR - aggregate_dashboard_data:252 - 5. Missing required columns: ['quantity']
2026-04-26 19:15:35,254 - agents.analysis_agent - ERROR - aggregate_dashboard_data:253 - 6. Available columns: ['id', 'product', 'region', 'revenue', 'date']
2026-04-26 19:15:35,258 - agents.analysis_agent - INFO - _get_enhanced_mock_data:302 - Using enhanced mock data for dashboard
2026-04-26 19:15:35,261 - services.agent_pipeline - INFO - process_query:93 - Dashboard data aggregated: 8 months, 4 regions, 3 products
2026-04-26 19:15:35,265 - services.agent_pipeline - INFO - process_query:97 - === STEP 6: INSIGHTS DETECTION ===
2026-04-26 19:15:35,268 - agents.analysis_agent - INFO - detect_and_store_insights:378 - Detecting insights for database storage
2026-04-26 19:15:35,283 - agents.analysis_agent - ERROR - detect_and_store_insights:461 - Error detecting insights: Can only use .dt accessor with datetimelike values
2026-04-26 19:15:35,288 - services.agent_pipeline - INFO - process_query:102 - Detected 0 insights for storage
2026-04-26 19:15:35,289 - services.agent_pipeline - INFO - process_query:106 - === STEP 7: INSIGHTS STORAGE ===
2026-04-26 19:15:35,291 - services.agent_pipeline - INFO - process_query:132 - === PIPELINE COMPLETED SUCCESSFULLY ===
2026-04-26 19:15:35,293 - services.agent_pipeline - INFO - process_query:133 - Final answer: Analysis completed on sales data
2026-04-26 19:15:35,295 - services.agent_pipeline - INFO - process_query:134 - Total insights: 3
2026-04-26 19:15:35,296 - ai_analytics.main - INFO - query_ai:257 - Successfully processed query through pipeline: laptop price
2026-04-26 19:15:38,632 - ai_analytics.main - INFO - get_dashboard_data:288 - Generating dashboard data
2026-04-26 19:15:38,633 - agents.data_agent - INFO - __init__:30 - DataAgent initialized with config: localhost:3306/ai_analytics
2026-04-26 19:15:38,634 - agents.data_agent - INFO - get_data:202 - === DATA FLOW TRACE ===
2026-04-26 19:15:38,635 - agents.data_agent - INFO - get_data:203 - 1. Question received: get all sales data
2026-04-26 19:15:38,637 - agents.data_agent - INFO - get_data:204 - 2. Steps generated: ['get sales data']
2026-04-26 19:15:38,639 - agents.data_agent - INFO - get_data:205 - 3. DB Config: localhost:3306/ai_analytics
2026-04-26 19:15:38,641 - agents.data_agent - INFO - natural_language_to_sql:53 - Converting natural language to SQL: get all sales data
2026-04-26 19:15:38,642 - agents.data_agent - INFO - natural_language_to_sql:54 - Using steps: ['get sales data']
2026-04-26 19:15:38,646 - agents.data_agent - INFO - natural_language_to_sql:130 - Generated default SQL: SELECT * FROM sales ORDER BY date DESC LIMIT 100
2026-04-26 19:15:38,647 - agents.data_agent - INFO - get_data:210 - 4. Generated SQL: SELECT * FROM sales ORDER BY date DESC LIMIT 100
2026-04-26 19:15:38,649 - agents.data_agent - INFO - execute_query:138 - Executing SQL query: SELECT * FROM sales ORDER BY date DESC LIMIT 100
2026-04-26 19:15:38,650 - agents.data_agent - INFO - execute_query:139 - SQL Query: SELECT * FROM sales ORDER BY date DESC LIMIT 100
2026-04-26 19:15:38,652 - agents.data_agent - INFO - connect_to_mysql:36 - Attempting to connect to MySQL (attempt 1/3)
2026-04-26 19:15:38,671 - agents.data_agent - INFO - connect_to_mysql:38 - Successfully connected to MySQL database
2026-04-26 19:15:38,682 - agents.data_agent - INFO - execute_query:151 - Query executed successfully, returned 16 records
2026-04-26 19:15:38,684 - agents.data_agent - INFO - execute_query:163 - Database connection closed
2026-04-26 19:15:38,687 - agents.data_agent - INFO - get_data:215 - 5. Query executed successfully
2026-04-26 19:15:38,689 - agents.data_agent - INFO - get_data:216 - 6. Records retrieved: 16
2026-04-26 19:15:38,690 - agents.data_agent - INFO - get_data:218 - 7. Sample record: {'id': 1, 'product': 'Product A', 'region': 'North', 'revenue': Decimal('5000.00'), 'date': datetime.date(2024, 3, 1)}
2026-04-26 19:15:38,691 - agents.analysis_agent - INFO - aggregate_dashboard_data:235 - === DASHBOARD AGGREGATION TRACE ===
2026-04-26 19:15:38,694 - agents.analysis_agent - INFO - aggregate_dashboard_data:236 - 1. Input data length: 16
2026-04-26 19:15:38,696 - agents.analysis_agent - INFO - aggregate_dashboard_data:237 - 2. Data sample: [{'id': 1, 'product': 'Product A', 'region': 'North', 'revenue': Decimal('5000.00'), 'date': datetime.date(2024, 3, 1)}, {'id': 2, 'product': 'Product B', 'region': 'South', 'revenue': Decimal('3000.00'), 'date': datetime.date(2024, 3, 1)}]
2026-04-26 19:15:38,698 - agents.analysis_agent - INFO - aggregate_dashboard_data:246 - 4. DataFrame created with shape: (16, 5)
2026-04-26 19:15:38,701 - agents.analysis_agent - ERROR - aggregate_dashboard_data:252 - 5. Missing required columns: ['quantity']
2026-04-26 19:15:38,703 - agents.analysis_agent - ERROR - aggregate_dashboard_data:253 - 6. Available columns: ['id', 'product', 'region', 'revenue', 'date']
2026-04-26 19:15:38,707 - agents.analysis_agent - INFO - _get_enhanced_mock_data:302 - Using enhanced mock data for dashboard
2026-04-26 19:15:38,709 - ai_analytics.main - INFO - get_dashboard_data:310 - Dashboard data generated: 8 months, 4 regions, 3 products
2026-05-13 20:01:02,976 - ai_analytics.main - INFO - root:76 - Root endpoint accessed
